LayerName,NeuronIndex,Score,Group
model.0.conv,0,0.0,early
model.0.conv,1,0.0,early
model.0.conv,2,0.0,early
model.0.conv,3,0.0,early
model.0.conv,4,0.0,early
model.0.conv,5,0.0,early
model.0.conv,6,0.0,early
model.0.conv,7,5.0,early
model.0.conv,8,0.0,early
model.0.conv,9,0.0,early
model.0.conv,10,0.0,early
model.0.conv,11,0.0,early
model.0.conv,12,0.0,early
model.0.conv,13,0.0,early
model.0.conv,14,0.0,early
model.0.conv,15,9.0,early
model.0.conv,16,0.0,early
model.0.conv,17,0.0,early
model.0.conv,18,0.0,early
model.0.conv,19,0.0,early
model.0.conv,20,0.0,early
model.0.conv,21,0.0,early
model.0.conv,22,0.0,early
model.0.conv,23,0.0,early
model.0.conv,24,0.0,early
model.0.conv,25,0.0,early
model.0.conv,26,0.0,early
model.0.conv,27,0.0,early
model.0.conv,28,0.0,early
model.0.conv,29,0.0,early
model.0.conv,30,0.0,early
model.0.conv,31,0.0,early
model.1.conv,0,0.0,early
model.1.conv,1,0.0,early
model.1.conv,2,0.0,early
model.1.conv,3,0.0,early
model.1.conv,4,0.0,early
model.1.conv,5,0.0,early
model.1.conv,6,0.0,early
model.1.conv,7,0.0,early
model.1.conv,8,0.0,early
model.1.conv,9,0.0,early
model.1.conv,10,0.0,early
model.1.conv,11,0.0,early
model.1.conv,12,0.0,early
model.1.conv,13,0.0,early
model.1.conv,14,0.0,early
model.1.conv,15,0.0,early
model.1.conv,16,0.0,early
model.1.conv,17,0.0,early
model.1.conv,18,0.0,early
model.1.conv,19,0.0,early
model.1.conv,20,0.0,early
model.1.conv,21,0.0,early
model.1.conv,22,0.0,early
model.1.conv,23,0.0,early
model.1.conv,24,0.0,early
model.1.conv,25,0.0,early
model.1.conv,26,0.0,early
model.1.conv,27,0.0,early
model.1.conv,28,0.0,early
model.1.conv,29,0.0,early
model.1.conv,30,0.0,early
model.1.conv,31,0.0,early
model.1.conv,32,0.0,early
model.1.conv,33,0.0,early
model.1.conv,34,0.0,early
model.1.conv,35,0.0,early
model.1.conv,36,0.0,early
model.1.conv,37,0.0,early
model.1.conv,38,0.0,early
model.1.conv,39,0.0,early
model.1.conv,40,0.0,early
model.1.conv,41,0.0,early
model.1.conv,42,0.0,early
model.1.conv,43,0.0,early
model.1.conv,44,0.0,early
model.1.conv,45,0.0,early
model.1.conv,46,0.0,early
model.1.conv,47,0.0,early
model.1.conv,48,0.0,early
model.1.conv,49,0.0,early
model.1.conv,50,0.0,early
model.1.conv,51,0.0,early
model.1.conv,52,0.0,early
model.1.conv,53,0.0,early
model.1.conv,54,0.0,early
model.1.conv,55,0.0,early
model.1.conv,56,0.0,early
model.1.conv,57,0.0,early
model.1.conv,58,0.0,early
model.1.conv,59,0.0,early
model.1.conv,60,0.0,early
model.1.conv,61,0.0,early
model.1.conv,62,0.0,early
model.1.conv,63,0.0,early
model.2.cv1.conv,0,0.0,early
model.2.cv1.conv,1,0.0,early
model.2.cv1.conv,2,0.0,early
model.2.cv1.conv,3,0.0,early
model.2.cv1.conv,4,0.0,early
model.2.cv1.conv,5,0.0,early
model.2.cv1.conv,6,0.0,early
model.2.cv1.conv,7,0.0,early
model.2.cv1.conv,8,0.0,early
model.2.cv1.conv,9,0.0,early
model.2.cv1.conv,10,0.0,early
model.2.cv1.conv,11,0.0,early
model.2.cv1.conv,12,0.0,early
model.2.cv1.conv,13,0.0,early
model.2.cv1.conv,14,0.0,early
model.2.cv1.conv,15,0.0,early
model.2.cv1.conv,16,0.0,early
model.2.cv1.conv,17,0.0,early
model.2.cv1.conv,18,0.0,early
model.2.cv1.conv,19,0.0,early
model.2.cv1.conv,20,0.0,early
model.2.cv1.conv,21,0.0,early
model.2.cv1.conv,22,0.0,early
model.2.cv1.conv,23,0.0,early
model.2.cv1.conv,24,0.0,early
model.2.cv1.conv,25,366.0,early
model.2.cv1.conv,26,0.0,early
model.2.cv1.conv,27,0.0,early
model.2.cv1.conv,28,0.0,early
model.2.cv1.conv,29,0.0,early
model.2.cv1.conv,30,0.0,early
model.2.cv1.conv,31,0.0,early
model.2.cv2.conv,0,0.0,early
model.2.cv2.conv,1,0.0,early
model.2.cv2.conv,2,0.0,early
model.2.cv2.conv,3,0.0,early
model.2.cv2.conv,4,0.0,early
model.2.cv2.conv,5,0.0,early
model.2.cv2.conv,6,0.0,early
model.2.cv2.conv,7,0.0,early
model.2.cv2.conv,8,0.0,early
model.2.cv2.conv,9,0.0,early
model.2.cv2.conv,10,0.0,early
model.2.cv2.conv,11,0.0,early
model.2.cv2.conv,12,0.0,early
model.2.cv2.conv,13,0.0,early
model.2.cv2.conv,14,0.0,early
model.2.cv2.conv,15,0.0,early
model.2.cv2.conv,16,0.0,early
model.2.cv2.conv,17,0.0,early
model.2.cv2.conv,18,0.0,early
model.2.cv2.conv,19,0.0,early
model.2.cv2.conv,20,0.0,early
model.2.cv2.conv,21,0.0,early
model.2.cv2.conv,22,0.0,early
model.2.cv2.conv,23,0.0,early
model.2.cv2.conv,24,0.0,early
model.2.cv2.conv,25,0.0,early
model.2.cv2.conv,26,0.0,early
model.2.cv2.conv,27,0.0,early
model.2.cv2.conv,28,0.0,early
model.2.cv2.conv,29,0.0,early
model.2.cv2.conv,30,0.0,early
model.2.cv2.conv,31,0.0,early
model.2.cv3.conv,0,0.0,early
model.2.cv3.conv,1,0.0,early
model.2.cv3.conv,2,0.0,early
model.2.cv3.conv,3,0.0,early
model.2.cv3.conv,4,0.0,early
model.2.cv3.conv,5,0.0,early
model.2.cv3.conv,6,0.0,early
model.2.cv3.conv,7,0.0,early
model.2.cv3.conv,8,0.0,early
model.2.cv3.conv,9,0.0,early
model.2.cv3.conv,10,0.0,early
model.2.cv3.conv,11,0.0,early
model.2.cv3.conv,12,0.0,early
model.2.cv3.conv,13,0.0,early
model.2.cv3.conv,14,0.0,early
model.2.cv3.conv,15,0.0,early
model.2.cv3.conv,16,0.0,early
model.2.cv3.conv,17,0.0,early
model.2.cv3.conv,18,0.0,early
model.2.cv3.conv,19,0.0,early
model.2.cv3.conv,20,0.0,early
model.2.cv3.conv,21,0.0,early
model.2.cv3.conv,22,7.0,early
model.2.cv3.conv,23,0.0,early
model.2.cv3.conv,24,0.0,early
model.2.cv3.conv,25,0.0,early
model.2.cv3.conv,26,0.0,early
model.2.cv3.conv,27,12.0,early
model.2.cv3.conv,28,0.0,early
model.2.cv3.conv,29,0.0,early
model.2.cv3.conv,30,0.0,early
model.2.cv3.conv,31,0.0,early
model.2.cv3.conv,32,0.0,early
model.2.cv3.conv,33,0.0,early
model.2.cv3.conv,34,0.0,early
model.2.cv3.conv,35,0.0,early
model.2.cv3.conv,36,0.0,early
model.2.cv3.conv,37,0.0,early
model.2.cv3.conv,38,0.0,early
model.2.cv3.conv,39,0.0,early
model.2.cv3.conv,40,0.0,early
model.2.cv3.conv,41,0.0,early
model.2.cv3.conv,42,0.0,early
model.2.cv3.conv,43,0.0,early
model.2.cv3.conv,44,0.0,early
model.2.cv3.conv,45,0.0,early
model.2.cv3.conv,46,0.0,early
model.2.cv3.conv,47,0.0,early
model.2.cv3.conv,48,0.0,early
model.2.cv3.conv,49,0.0,early
model.2.cv3.conv,50,0.0,early
model.2.cv3.conv,51,0.0,early
model.2.cv3.conv,52,0.0,early
model.2.cv3.conv,53,0.0,early
model.2.cv3.conv,54,0.0,early
model.2.cv3.conv,55,0.0,early
model.2.cv3.conv,56,0.0,early
model.2.cv3.conv,57,0.0,early
model.2.cv3.conv,58,0.0,early
model.2.cv3.conv,59,0.0,early
model.2.cv3.conv,60,0.0,early
model.2.cv3.conv,61,0.0,early
model.2.cv3.conv,62,0.0,early
model.2.cv3.conv,63,0.0,early
model.2.m.0.cv1.conv,0,0.0,early
model.2.m.0.cv1.conv,1,0.0,early
model.2.m.0.cv1.conv,2,0.0,early
model.2.m.0.cv1.conv,3,0.0,early
model.2.m.0.cv1.conv,4,0.0,early
model.2.m.0.cv1.conv,5,0.0,early
model.2.m.0.cv1.conv,6,0.0,early
model.2.m.0.cv1.conv,7,0.0,early
model.2.m.0.cv1.conv,8,0.0,early
model.2.m.0.cv1.conv,9,0.0,early
model.2.m.0.cv1.conv,10,0.0,early
model.2.m.0.cv1.conv,11,0.0,early
model.2.m.0.cv1.conv,12,0.0,early
model.2.m.0.cv1.conv,13,0.0,early
model.2.m.0.cv1.conv,14,0.0,early
model.2.m.0.cv1.conv,15,0.0,early
model.2.m.0.cv1.conv,16,0.0,early
model.2.m.0.cv1.conv,17,0.0,early
model.2.m.0.cv1.conv,18,0.0,early
model.2.m.0.cv1.conv,19,68.0,early
model.2.m.0.cv1.conv,20,0.0,early
model.2.m.0.cv1.conv,21,0.0,early
model.2.m.0.cv1.conv,22,0.0,early
model.2.m.0.cv1.conv,23,2362.0,early
model.2.m.0.cv1.conv,24,0.0,early
model.2.m.0.cv1.conv,25,0.0,early
model.2.m.0.cv1.conv,26,0.0,early
model.2.m.0.cv1.conv,27,0.0,early
model.2.m.0.cv1.conv,28,0.0,early
model.2.m.0.cv1.conv,29,0.0,early
model.2.m.0.cv1.conv,30,0.0,early
model.2.m.0.cv1.conv,31,0.0,early
model.2.m.0.cv2.conv,0,0.0,early
model.2.m.0.cv2.conv,1,0.0,early
model.2.m.0.cv2.conv,2,0.0,early
model.2.m.0.cv2.conv,3,0.0,early
model.2.m.0.cv2.conv,4,0.0,early
model.2.m.0.cv2.conv,5,0.0,early
model.2.m.0.cv2.conv,6,0.0,early
model.2.m.0.cv2.conv,7,0.0,early
model.2.m.0.cv2.conv,8,0.0,early
model.2.m.0.cv2.conv,9,0.0,early
model.2.m.0.cv2.conv,10,0.0,early
model.2.m.0.cv2.conv,11,0.0,early
model.2.m.0.cv2.conv,12,0.0,early
model.2.m.0.cv2.conv,13,0.0,early
model.2.m.0.cv2.conv,14,0.0,early
model.2.m.0.cv2.conv,15,0.0,early
model.2.m.0.cv2.conv,16,0.0,early
model.2.m.0.cv2.conv,17,0.0,early
model.2.m.0.cv2.conv,18,0.0,early
model.2.m.0.cv2.conv,19,0.0,early
model.2.m.0.cv2.conv,20,0.0,early
model.2.m.0.cv2.conv,21,0.0,early
model.2.m.0.cv2.conv,22,0.0,early
model.2.m.0.cv2.conv,23,0.0,early
model.2.m.0.cv2.conv,24,0.0,early
model.2.m.0.cv2.conv,25,0.0,early
model.2.m.0.cv2.conv,26,0.0,early
model.2.m.0.cv2.conv,27,0.0,early
model.2.m.0.cv2.conv,28,0.0,early
model.2.m.0.cv2.conv,29,0.0,early
model.2.m.0.cv2.conv,30,0.0,early
model.2.m.0.cv2.conv,31,0.0,early
model.3.conv,0,0.0,early
model.3.conv,1,0.0,early
model.3.conv,2,0.0,early
model.3.conv,3,0.0,early
model.3.conv,4,0.0,early
model.3.conv,5,0.0,early
model.3.conv,6,0.0,early
model.3.conv,7,0.0,early
model.3.conv,8,0.0,early
model.3.conv,9,0.0,early
model.3.conv,10,0.0,early
model.3.conv,11,0.0,early
model.3.conv,12,0.0,early
model.3.conv,13,0.0,early
model.3.conv,14,0.0,early
model.3.conv,15,0.0,early
model.3.conv,16,0.0,early
model.3.conv,17,0.0,early
model.3.conv,18,0.0,early
model.3.conv,19,1.0,early
model.3.conv,20,0.0,early
model.3.conv,21,0.0,early
model.3.conv,22,0.0,early
model.3.conv,23,0.0,early
model.3.conv,24,0.0,early
model.3.conv,25,0.0,early
model.3.conv,26,0.0,early
model.3.conv,27,0.0,early
model.3.conv,28,0.0,early
model.3.conv,29,0.0,early
model.3.conv,30,0.0,early
model.3.conv,31,0.0,early
model.3.conv,32,0.0,early
model.3.conv,33,0.0,early
model.3.conv,34,0.0,early
model.3.conv,35,0.0,early
model.3.conv,36,0.0,early
model.3.conv,37,0.0,early
model.3.conv,38,0.0,early
model.3.conv,39,0.0,early
model.3.conv,40,0.0,early
model.3.conv,41,0.0,early
model.3.conv,42,2.0,early
model.3.conv,43,0.0,early
model.3.conv,44,0.0,early
model.3.conv,45,0.0,early
model.3.conv,46,0.0,early
model.3.conv,47,0.0,early
model.3.conv,48,0.0,early
model.3.conv,49,0.0,early
model.3.conv,50,0.0,early
model.3.conv,51,0.0,early
model.3.conv,52,0.0,early
model.3.conv,53,0.0,early
model.3.conv,54,0.0,early
model.3.conv,55,0.0,early
model.3.conv,56,0.0,early
model.3.conv,57,0.0,early
model.3.conv,58,0.0,early
model.3.conv,59,0.0,early
model.3.conv,60,0.0,early
model.3.conv,61,0.0,early
model.3.conv,62,0.0,early
model.3.conv,63,0.0,early
model.3.conv,64,0.0,early
model.3.conv,65,0.0,early
model.3.conv,66,0.0,early
model.3.conv,67,0.0,early
model.3.conv,68,0.0,early
model.3.conv,69,0.0,early
model.3.conv,70,0.0,early
model.3.conv,71,0.0,early
model.3.conv,72,0.0,early
model.3.conv,73,0.0,early
model.3.conv,74,0.0,early
model.3.conv,75,0.0,early
model.3.conv,76,0.0,early
model.3.conv,77,0.0,early
model.3.conv,78,0.0,early
model.3.conv,79,0.0,early
model.3.conv,80,0.0,early
model.3.conv,81,0.0,early
model.3.conv,82,0.0,early
model.3.conv,83,0.0,early
model.3.conv,84,0.0,early
model.3.conv,85,0.0,early
model.3.conv,86,0.0,early
model.3.conv,87,0.0,early
model.3.conv,88,0.0,early
model.3.conv,89,0.0,early
model.3.conv,90,0.0,early
model.3.conv,91,0.0,early
model.3.conv,92,0.0,early
model.3.conv,93,0.0,early
model.3.conv,94,0.0,early
model.3.conv,95,0.0,early
model.3.conv,96,0.0,early
model.3.conv,97,0.0,early
model.3.conv,98,0.0,early
model.3.conv,99,0.0,early
model.3.conv,100,0.0,early
model.3.conv,101,0.0,early
model.3.conv,102,0.0,early
model.3.conv,103,0.0,early
model.3.conv,104,0.0,early
model.3.conv,105,0.0,early
model.3.conv,106,0.0,early
model.3.conv,107,0.0,early
model.3.conv,108,0.0,early
model.3.conv,109,0.0,early
model.3.conv,110,0.0,early
model.3.conv,111,0.0,early
model.3.conv,112,0.0,early
model.3.conv,113,0.0,early
model.3.conv,114,0.0,early
model.3.conv,115,0.0,early
model.3.conv,116,0.0,early
model.3.conv,117,0.0,early
model.3.conv,118,0.0,early
model.3.conv,119,0.0,early
model.3.conv,120,0.0,early
model.3.conv,121,0.0,early
model.3.conv,122,0.0,early
model.3.conv,123,0.0,early
model.3.conv,124,0.0,early
model.3.conv,125,0.0,early
model.3.conv,126,0.0,early
model.3.conv,127,0.0,early
model.4.cv1.conv,0,0.0,early
model.4.cv1.conv,1,0.0,early
model.4.cv1.conv,2,0.0,early
model.4.cv1.conv,3,0.0,early
model.4.cv1.conv,4,0.0,early
model.4.cv1.conv,5,0.0,early
model.4.cv1.conv,6,0.0,early
model.4.cv1.conv,7,0.0,early
model.4.cv1.conv,8,0.0,early
model.4.cv1.conv,9,0.0,early
model.4.cv1.conv,10,0.0,early
model.4.cv1.conv,11,0.0,early
model.4.cv1.conv,12,0.0,early
model.4.cv1.conv,13,0.0,early
model.4.cv1.conv,14,0.0,early
model.4.cv1.conv,15,0.0,early
model.4.cv1.conv,16,0.0,early
model.4.cv1.conv,17,0.0,early
model.4.cv1.conv,18,0.0,early
model.4.cv1.conv,19,0.0,early
model.4.cv1.conv,20,0.0,early
model.4.cv1.conv,21,0.0,early
model.4.cv1.conv,22,0.0,early
model.4.cv1.conv,23,0.0,early
model.4.cv1.conv,24,0.0,early
model.4.cv1.conv,25,0.0,early
model.4.cv1.conv,26,0.0,early
model.4.cv1.conv,27,0.0,early
model.4.cv1.conv,28,0.0,early
model.4.cv1.conv,29,0.0,early
model.4.cv1.conv,30,0.0,early
model.4.cv1.conv,31,0.0,early
model.4.cv1.conv,32,0.0,early
model.4.cv1.conv,33,0.0,early
model.4.cv1.conv,34,0.0,early
model.4.cv1.conv,35,0.0,early
model.4.cv1.conv,36,0.0,early
model.4.cv1.conv,37,0.0,early
model.4.cv1.conv,38,0.0,early
model.4.cv1.conv,39,0.0,early
model.4.cv1.conv,40,0.0,early
model.4.cv1.conv,41,0.0,early
model.4.cv1.conv,42,0.0,early
model.4.cv1.conv,43,0.0,early
model.4.cv1.conv,44,0.0,early
model.4.cv1.conv,45,0.0,early
model.4.cv1.conv,46,0.0,early
model.4.cv1.conv,47,0.0,early
model.4.cv1.conv,48,0.0,early
model.4.cv1.conv,49,0.0,early
model.4.cv1.conv,50,0.0,early
model.4.cv1.conv,51,0.0,early
model.4.cv1.conv,52,0.0,early
model.4.cv1.conv,53,0.0,early
model.4.cv1.conv,54,0.0,early
model.4.cv1.conv,55,0.0,early
model.4.cv1.conv,56,0.0,early
model.4.cv1.conv,57,0.0,early
model.4.cv1.conv,58,0.0,early
model.4.cv1.conv,59,0.0,early
model.4.cv1.conv,60,0.0,early
model.4.cv1.conv,61,0.0,early
model.4.cv1.conv,62,0.0,early
model.4.cv1.conv,63,0.0,early
model.4.cv2.conv,0,0.0,early
model.4.cv2.conv,1,0.0,early
model.4.cv2.conv,2,0.0,early
model.4.cv2.conv,3,0.0,early
model.4.cv2.conv,4,0.0,early
model.4.cv2.conv,5,0.0,early
model.4.cv2.conv,6,0.0,early
model.4.cv2.conv,7,0.0,early
model.4.cv2.conv,8,0.0,early
model.4.cv2.conv,9,0.0,early
model.4.cv2.conv,10,0.0,early
model.4.cv2.conv,11,0.0,early
model.4.cv2.conv,12,0.0,early
model.4.cv2.conv,13,0.0,early
model.4.cv2.conv,14,0.0,early
model.4.cv2.conv,15,0.0,early
model.4.cv2.conv,16,0.0,early
model.4.cv2.conv,17,0.0,early
model.4.cv2.conv,18,0.0,early
model.4.cv2.conv,19,0.0,early
model.4.cv2.conv,20,0.0,early
model.4.cv2.conv,21,0.0,early
model.4.cv2.conv,22,0.0,early
model.4.cv2.conv,23,0.0,early
model.4.cv2.conv,24,0.0,early
model.4.cv2.conv,25,0.0,early
model.4.cv2.conv,26,0.0,early
model.4.cv2.conv,27,0.0,early
model.4.cv2.conv,28,0.0,early
model.4.cv2.conv,29,0.0,early
model.4.cv2.conv,30,0.0,early
model.4.cv2.conv,31,0.0,early
model.4.cv2.conv,32,0.0,early
model.4.cv2.conv,33,0.0,early
model.4.cv2.conv,34,0.0,early
model.4.cv2.conv,35,0.0,early
model.4.cv2.conv,36,0.0,early
model.4.cv2.conv,37,0.0,early
model.4.cv2.conv,38,0.0,early
model.4.cv2.conv,39,0.0,early
model.4.cv2.conv,40,0.0,early
model.4.cv2.conv,41,0.0,early
model.4.cv2.conv,42,0.0,early
model.4.cv2.conv,43,0.0,early
model.4.cv2.conv,44,0.0,early
model.4.cv2.conv,45,0.0,early
model.4.cv2.conv,46,0.0,early
model.4.cv2.conv,47,0.0,early
model.4.cv2.conv,48,0.0,early
model.4.cv2.conv,49,0.0,early
model.4.cv2.conv,50,0.0,early
model.4.cv2.conv,51,0.0,early
model.4.cv2.conv,52,0.0,early
model.4.cv2.conv,53,0.0,early
model.4.cv2.conv,54,0.0,early
model.4.cv2.conv,55,0.0,early
model.4.cv2.conv,56,0.0,early
model.4.cv2.conv,57,0.0,early
model.4.cv2.conv,58,0.0,early
model.4.cv2.conv,59,0.0,early
model.4.cv2.conv,60,0.0,early
model.4.cv2.conv,61,0.0,early
model.4.cv2.conv,62,0.0,early
model.4.cv2.conv,63,0.0,early
model.4.cv3.conv,0,0.0,early
model.4.cv3.conv,1,0.0,early
model.4.cv3.conv,2,0.0,early
model.4.cv3.conv,3,0.0,early
model.4.cv3.conv,4,0.0,early
model.4.cv3.conv,5,0.0,early
model.4.cv3.conv,6,0.0,early
model.4.cv3.conv,7,0.0,early
model.4.cv3.conv,8,0.0,early
model.4.cv3.conv,9,0.0,early
model.4.cv3.conv,10,0.0,early
model.4.cv3.conv,11,0.0,early
model.4.cv3.conv,12,0.0,early
model.4.cv3.conv,13,0.0,early
model.4.cv3.conv,14,0.0,early
model.4.cv3.conv,15,0.0,early
model.4.cv3.conv,16,0.0,early
model.4.cv3.conv,17,0.0,early
model.4.cv3.conv,18,0.0,early
model.4.cv3.conv,19,0.0,early
model.4.cv3.conv,20,0.0,early
model.4.cv3.conv,21,0.0,early
model.4.cv3.conv,22,0.0,early
model.4.cv3.conv,23,0.0,early
model.4.cv3.conv,24,0.0,early
model.4.cv3.conv,25,0.0,early
model.4.cv3.conv,26,0.0,early
model.4.cv3.conv,27,0.0,early
model.4.cv3.conv,28,0.0,early
model.4.cv3.conv,29,0.0,early
model.4.cv3.conv,30,0.0,early
model.4.cv3.conv,31,0.0,early
model.4.cv3.conv,32,0.0,early
model.4.cv3.conv,33,0.0,early
model.4.cv3.conv,34,0.0,early
model.4.cv3.conv,35,0.0,early
model.4.cv3.conv,36,0.0,early
model.4.cv3.conv,37,0.0,early
model.4.cv3.conv,38,0.0,early
model.4.cv3.conv,39,0.0,early
model.4.cv3.conv,40,0.0,early
model.4.cv3.conv,41,0.0,early
model.4.cv3.conv,42,0.0,early
model.4.cv3.conv,43,0.0,early
model.4.cv3.conv,44,0.0,early
model.4.cv3.conv,45,0.0,early
model.4.cv3.conv,46,0.0,early
model.4.cv3.conv,47,0.0,early
model.4.cv3.conv,48,0.0,early
model.4.cv3.conv,49,0.0,early
model.4.cv3.conv,50,0.0,early
model.4.cv3.conv,51,0.0,early
model.4.cv3.conv,52,0.0,early
model.4.cv3.conv,53,0.0,early
model.4.cv3.conv,54,0.0,early
model.4.cv3.conv,55,0.0,early
model.4.cv3.conv,56,0.0,early
model.4.cv3.conv,57,0.0,early
model.4.cv3.conv,58,0.0,early
model.4.cv3.conv,59,0.0,early
model.4.cv3.conv,60,0.0,early
model.4.cv3.conv,61,0.0,early
model.4.cv3.conv,62,0.0,early
model.4.cv3.conv,63,0.0,early
model.4.cv3.conv,64,0.0,early
model.4.cv3.conv,65,0.0,early
model.4.cv3.conv,66,0.0,early
model.4.cv3.conv,67,0.0,early
model.4.cv3.conv,68,0.0,early
model.4.cv3.conv,69,0.0,early
model.4.cv3.conv,70,0.0,early
model.4.cv3.conv,71,0.0,early
model.4.cv3.conv,72,0.0,early
model.4.cv3.conv,73,0.0,early
model.4.cv3.conv,74,0.0,early
model.4.cv3.conv,75,0.0,early
model.4.cv3.conv,76,0.0,early
model.4.cv3.conv,77,0.0,early
model.4.cv3.conv,78,0.0,early
model.4.cv3.conv,79,0.0,early
model.4.cv3.conv,80,0.0,early
model.4.cv3.conv,81,0.0,early
model.4.cv3.conv,82,0.0,early
model.4.cv3.conv,83,0.0,early
model.4.cv3.conv,84,0.0,early
model.4.cv3.conv,85,0.0,early
model.4.cv3.conv,86,0.0,early
model.4.cv3.conv,87,0.0,early
model.4.cv3.conv,88,0.0,early
model.4.cv3.conv,89,0.0,early
model.4.cv3.conv,90,0.0,early
model.4.cv3.conv,91,0.0,early
model.4.cv3.conv,92,0.0,early
model.4.cv3.conv,93,0.0,early
model.4.cv3.conv,94,0.0,early
model.4.cv3.conv,95,0.0,early
model.4.cv3.conv,96,0.0,early
model.4.cv3.conv,97,0.0,early
model.4.cv3.conv,98,0.0,early
model.4.cv3.conv,99,0.0,early
model.4.cv3.conv,100,0.0,early
model.4.cv3.conv,101,0.0,early
model.4.cv3.conv,102,0.0,early
model.4.cv3.conv,103,0.0,early
model.4.cv3.conv,104,0.0,early
model.4.cv3.conv,105,0.0,early
model.4.cv3.conv,106,0.0,early
model.4.cv3.conv,107,0.0,early
model.4.cv3.conv,108,0.0,early
model.4.cv3.conv,109,0.0,early
model.4.cv3.conv,110,0.0,early
model.4.cv3.conv,111,0.0,early
model.4.cv3.conv,112,0.0,early
model.4.cv3.conv,113,0.0,early
model.4.cv3.conv,114,0.0,early
model.4.cv3.conv,115,0.0,early
model.4.cv3.conv,116,0.0,early
model.4.cv3.conv,117,0.0,early
model.4.cv3.conv,118,0.0,early
model.4.cv3.conv,119,0.0,early
model.4.cv3.conv,120,0.0,early
model.4.cv3.conv,121,0.0,early
model.4.cv3.conv,122,0.0,early
model.4.cv3.conv,123,0.0,early
model.4.cv3.conv,124,0.0,early
model.4.cv3.conv,125,0.0,early
model.4.cv3.conv,126,0.0,early
model.4.cv3.conv,127,0.0,early
model.4.m.0.cv1.conv,0,6.0,early
model.4.m.0.cv1.conv,1,0.0,early
model.4.m.0.cv1.conv,2,0.0,early
model.4.m.0.cv1.conv,3,0.0,early
model.4.m.0.cv1.conv,4,0.0,early
model.4.m.0.cv1.conv,5,0.0,early
model.4.m.0.cv1.conv,6,0.0,early
model.4.m.0.cv1.conv,7,0.0,early
model.4.m.0.cv1.conv,8,0.0,early
model.4.m.0.cv1.conv,9,0.0,early
model.4.m.0.cv1.conv,10,0.0,early
model.4.m.0.cv1.conv,11,0.0,early
model.4.m.0.cv1.conv,12,0.0,early
model.4.m.0.cv1.conv,13,0.0,early
model.4.m.0.cv1.conv,14,0.0,early
model.4.m.0.cv1.conv,15,0.0,early
model.4.m.0.cv1.conv,16,0.0,early
model.4.m.0.cv1.conv,17,0.0,early
model.4.m.0.cv1.conv,18,0.0,early
model.4.m.0.cv1.conv,19,0.0,early
model.4.m.0.cv1.conv,20,0.0,early
model.4.m.0.cv1.conv,21,24.0,early
model.4.m.0.cv1.conv,22,0.0,early
model.4.m.0.cv1.conv,23,0.0,early
model.4.m.0.cv1.conv,24,0.0,early
model.4.m.0.cv1.conv,25,4.0,early
model.4.m.0.cv1.conv,26,0.0,early
model.4.m.0.cv1.conv,27,0.0,early
model.4.m.0.cv1.conv,28,0.0,early
model.4.m.0.cv1.conv,29,3.0,early
model.4.m.0.cv1.conv,30,0.0,early
model.4.m.0.cv1.conv,31,0.0,early
model.4.m.0.cv1.conv,32,0.0,early
model.4.m.0.cv1.conv,33,0.0,early
model.4.m.0.cv1.conv,34,19.0,early
model.4.m.0.cv1.conv,35,0.0,early
model.4.m.0.cv1.conv,36,0.0,early
model.4.m.0.cv1.conv,37,0.0,early
model.4.m.0.cv1.conv,38,0.0,early
model.4.m.0.cv1.conv,39,24.0,early
model.4.m.0.cv1.conv,40,0.0,early
model.4.m.0.cv1.conv,41,0.0,early
model.4.m.0.cv1.conv,42,0.0,early
model.4.m.0.cv1.conv,43,0.0,early
model.4.m.0.cv1.conv,44,0.0,early
model.4.m.0.cv1.conv,45,0.0,early
model.4.m.0.cv1.conv,46,0.0,early
model.4.m.0.cv1.conv,47,0.0,early
model.4.m.0.cv1.conv,48,0.0,early
model.4.m.0.cv1.conv,49,0.0,early
model.4.m.0.cv1.conv,50,0.0,early
model.4.m.0.cv1.conv,51,0.0,early
model.4.m.0.cv1.conv,52,0.0,early
model.4.m.0.cv1.conv,53,0.0,early
model.4.m.0.cv1.conv,54,0.0,early
model.4.m.0.cv1.conv,55,0.0,early
model.4.m.0.cv1.conv,56,0.0,early
model.4.m.0.cv1.conv,57,0.0,early
model.4.m.0.cv1.conv,58,0.0,early
model.4.m.0.cv1.conv,59,0.0,early
model.4.m.0.cv1.conv,60,0.0,early
model.4.m.0.cv1.conv,61,0.0,early
model.4.m.0.cv1.conv,62,0.0,early
model.4.m.0.cv1.conv,63,0.0,early
model.4.m.0.cv2.conv,0,0.0,early
model.4.m.0.cv2.conv,1,0.0,early
model.4.m.0.cv2.conv,2,0.0,early
model.4.m.0.cv2.conv,3,0.0,early
model.4.m.0.cv2.conv,4,0.0,early
model.4.m.0.cv2.conv,5,0.0,early
model.4.m.0.cv2.conv,6,0.0,early
model.4.m.0.cv2.conv,7,0.0,early
model.4.m.0.cv2.conv,8,0.0,early
model.4.m.0.cv2.conv,9,0.0,early
model.4.m.0.cv2.conv,10,0.0,early
model.4.m.0.cv2.conv,11,0.0,early
model.4.m.0.cv2.conv,12,0.0,early
model.4.m.0.cv2.conv,13,0.0,early
model.4.m.0.cv2.conv,14,0.0,early
model.4.m.0.cv2.conv,15,0.0,early
model.4.m.0.cv2.conv,16,0.0,early
model.4.m.0.cv2.conv,17,0.0,early
model.4.m.0.cv2.conv,18,0.0,early
model.4.m.0.cv2.conv,19,0.0,early
model.4.m.0.cv2.conv,20,0.0,early
model.4.m.0.cv2.conv,21,0.0,early
model.4.m.0.cv2.conv,22,0.0,early
model.4.m.0.cv2.conv,23,0.0,early
model.4.m.0.cv2.conv,24,0.0,early
model.4.m.0.cv2.conv,25,0.0,early
model.4.m.0.cv2.conv,26,0.0,early
model.4.m.0.cv2.conv,27,0.0,early
model.4.m.0.cv2.conv,28,0.0,early
model.4.m.0.cv2.conv,29,0.0,early
model.4.m.0.cv2.conv,30,0.0,early
model.4.m.0.cv2.conv,31,0.0,early
model.4.m.0.cv2.conv,32,0.0,early
model.4.m.0.cv2.conv,33,0.0,early
model.4.m.0.cv2.conv,34,109.0,early
model.4.m.0.cv2.conv,35,0.0,early
model.4.m.0.cv2.conv,36,0.0,early
model.4.m.0.cv2.conv,37,0.0,early
model.4.m.0.cv2.conv,38,0.0,early
model.4.m.0.cv2.conv,39,0.0,early
model.4.m.0.cv2.conv,40,0.0,early
model.4.m.0.cv2.conv,41,0.0,early
model.4.m.0.cv2.conv,42,0.0,early
model.4.m.0.cv2.conv,43,0.0,early
model.4.m.0.cv2.conv,44,0.0,early
model.4.m.0.cv2.conv,45,0.0,early
model.4.m.0.cv2.conv,46,0.0,early
model.4.m.0.cv2.conv,47,0.0,early
model.4.m.0.cv2.conv,48,0.0,early
model.4.m.0.cv2.conv,49,0.0,early
model.4.m.0.cv2.conv,50,0.0,early
model.4.m.0.cv2.conv,51,0.0,early
model.4.m.0.cv2.conv,52,0.0,early
model.4.m.0.cv2.conv,53,0.0,early
model.4.m.0.cv2.conv,54,0.0,early
model.4.m.0.cv2.conv,55,0.0,early
model.4.m.0.cv2.conv,56,0.0,early
model.4.m.0.cv2.conv,57,0.0,early
model.4.m.0.cv2.conv,58,0.0,early
model.4.m.0.cv2.conv,59,4.0,early
model.4.m.0.cv2.conv,60,0.0,early
model.4.m.0.cv2.conv,61,0.0,early
model.4.m.0.cv2.conv,62,0.0,early
model.4.m.0.cv2.conv,63,0.0,early
model.4.m.1.cv1.conv,0,0.0,early
model.4.m.1.cv1.conv,1,0.0,early
model.4.m.1.cv1.conv,2,0.0,early
model.4.m.1.cv1.conv,3,0.0,early
model.4.m.1.cv1.conv,4,0.0,early
model.4.m.1.cv1.conv,5,0.0,early
model.4.m.1.cv1.conv,6,0.0,early
model.4.m.1.cv1.conv,7,0.0,early
model.4.m.1.cv1.conv,8,0.0,early
model.4.m.1.cv1.conv,9,0.0,early
model.4.m.1.cv1.conv,10,0.0,early
model.4.m.1.cv1.conv,11,0.0,early
model.4.m.1.cv1.conv,12,0.0,early
model.4.m.1.cv1.conv,13,0.0,early
model.4.m.1.cv1.conv,14,0.0,early
model.4.m.1.cv1.conv,15,0.0,early
model.4.m.1.cv1.conv,16,0.0,early
model.4.m.1.cv1.conv,17,0.0,early
model.4.m.1.cv1.conv,18,0.0,early
model.4.m.1.cv1.conv,19,0.0,early
model.4.m.1.cv1.conv,20,0.0,early
model.4.m.1.cv1.conv,21,0.0,early
model.4.m.1.cv1.conv,22,0.0,early
model.4.m.1.cv1.conv,23,0.0,early
model.4.m.1.cv1.conv,24,0.0,early
model.4.m.1.cv1.conv,25,0.0,early
model.4.m.1.cv1.conv,26,0.0,early
model.4.m.1.cv1.conv,27,0.0,early
model.4.m.1.cv1.conv,28,0.0,early
model.4.m.1.cv1.conv,29,0.0,early
model.4.m.1.cv1.conv,30,0.0,early
model.4.m.1.cv1.conv,31,0.0,early
model.4.m.1.cv1.conv,32,0.0,early
model.4.m.1.cv1.conv,33,0.0,early
model.4.m.1.cv1.conv,34,0.0,early
model.4.m.1.cv1.conv,35,0.0,early
model.4.m.1.cv1.conv,36,0.0,early
model.4.m.1.cv1.conv,37,0.0,early
model.4.m.1.cv1.conv,38,0.0,early
model.4.m.1.cv1.conv,39,0.0,early
model.4.m.1.cv1.conv,40,0.0,early
model.4.m.1.cv1.conv,41,0.0,early
model.4.m.1.cv1.conv,42,0.0,early
model.4.m.1.cv1.conv,43,0.0,early
model.4.m.1.cv1.conv,44,0.0,early
model.4.m.1.cv1.conv,45,0.0,early
model.4.m.1.cv1.conv,46,0.0,early
model.4.m.1.cv1.conv,47,0.0,early
model.4.m.1.cv1.conv,48,0.0,early
model.4.m.1.cv1.conv,49,0.0,early
model.4.m.1.cv1.conv,50,0.0,early
model.4.m.1.cv1.conv,51,0.0,early
model.4.m.1.cv1.conv,52,0.0,early
model.4.m.1.cv1.conv,53,0.0,early
model.4.m.1.cv1.conv,54,0.0,early
model.4.m.1.cv1.conv,55,0.0,early
model.4.m.1.cv1.conv,56,0.0,early
model.4.m.1.cv1.conv,57,0.0,early
model.4.m.1.cv1.conv,58,0.0,early
model.4.m.1.cv1.conv,59,0.0,early
model.4.m.1.cv1.conv,60,0.0,early
model.4.m.1.cv1.conv,61,0.0,early
model.4.m.1.cv1.conv,62,0.0,early
model.4.m.1.cv1.conv,63,0.0,early
model.4.m.1.cv2.conv,0,0.0,early
model.4.m.1.cv2.conv,1,0.0,early
model.4.m.1.cv2.conv,2,0.0,early
model.4.m.1.cv2.conv,3,0.0,early
model.4.m.1.cv2.conv,4,0.0,early
model.4.m.1.cv2.conv,5,0.0,early
model.4.m.1.cv2.conv,6,0.0,early
model.4.m.1.cv2.conv,7,0.0,early
model.4.m.1.cv2.conv,8,0.0,early
model.4.m.1.cv2.conv,9,0.0,early
model.4.m.1.cv2.conv,10,0.0,early
model.4.m.1.cv2.conv,11,0.0,early
model.4.m.1.cv2.conv,12,0.0,early
model.4.m.1.cv2.conv,13,0.0,early
model.4.m.1.cv2.conv,14,0.0,early
model.4.m.1.cv2.conv,15,0.0,early
model.4.m.1.cv2.conv,16,0.0,early
model.4.m.1.cv2.conv,17,0.0,early
model.4.m.1.cv2.conv,18,0.0,early
model.4.m.1.cv2.conv,19,0.0,early
model.4.m.1.cv2.conv,20,0.0,early
model.4.m.1.cv2.conv,21,0.0,early
model.4.m.1.cv2.conv,22,0.0,early
model.4.m.1.cv2.conv,23,0.0,early
model.4.m.1.cv2.conv,24,0.0,early
model.4.m.1.cv2.conv,25,0.0,early
model.4.m.1.cv2.conv,26,0.0,early
model.4.m.1.cv2.conv,27,0.0,early
model.4.m.1.cv2.conv,28,0.0,early
model.4.m.1.cv2.conv,29,0.0,early
model.4.m.1.cv2.conv,30,0.0,early
model.4.m.1.cv2.conv,31,0.0,early
model.4.m.1.cv2.conv,32,0.0,early
model.4.m.1.cv2.conv,33,0.0,early
model.4.m.1.cv2.conv,34,0.0,early
model.4.m.1.cv2.conv,35,0.0,early
model.4.m.1.cv2.conv,36,0.0,early
model.4.m.1.cv2.conv,37,0.0,early
model.4.m.1.cv2.conv,38,0.0,early
model.4.m.1.cv2.conv,39,0.0,early
model.4.m.1.cv2.conv,40,0.0,early
model.4.m.1.cv2.conv,41,0.0,early
model.4.m.1.cv2.conv,42,0.0,early
model.4.m.1.cv2.conv,43,0.0,early
model.4.m.1.cv2.conv,44,0.0,early
model.4.m.1.cv2.conv,45,0.0,early
model.4.m.1.cv2.conv,46,0.0,early
model.4.m.1.cv2.conv,47,0.0,early
model.4.m.1.cv2.conv,48,0.0,early
model.4.m.1.cv2.conv,49,0.0,early
model.4.m.1.cv2.conv,50,0.0,early
model.4.m.1.cv2.conv,51,0.0,early
model.4.m.1.cv2.conv,52,0.0,early
model.4.m.1.cv2.conv,53,0.0,early
model.4.m.1.cv2.conv,54,0.0,early
model.4.m.1.cv2.conv,55,0.0,early
model.4.m.1.cv2.conv,56,0.0,early
model.4.m.1.cv2.conv,57,0.0,early
model.4.m.1.cv2.conv,58,0.0,early
model.4.m.1.cv2.conv,59,0.0,early
model.4.m.1.cv2.conv,60,0.0,early
model.4.m.1.cv2.conv,61,0.0,early
model.4.m.1.cv2.conv,62,0.0,early
model.4.m.1.cv2.conv,63,0.0,early
model.5.conv,0,0.0,early
model.5.conv,1,0.0,early
model.5.conv,2,0.0,early
model.5.conv,3,0.0,early
model.5.conv,4,0.0,early
model.5.conv,5,0.0,early
model.5.conv,6,0.0,early
model.5.conv,7,0.0,early
model.5.conv,8,0.0,early
model.5.conv,9,0.0,early
model.5.conv,10,0.0,early
model.5.conv,11,0.0,early
model.5.conv,12,0.0,early
model.5.conv,13,0.0,early
model.5.conv,14,0.0,early
model.5.conv,15,0.0,early
model.5.conv,16,0.0,early
model.5.conv,17,0.0,early
model.5.conv,18,0.0,early
model.5.conv,19,0.0,early
model.5.conv,20,0.0,early
model.5.conv,21,0.0,early
model.5.conv,22,0.0,early
model.5.conv,23,11.0,early
model.5.conv,24,0.0,early
model.5.conv,25,0.0,early
model.5.conv,26,0.0,early
model.5.conv,27,0.0,early
model.5.conv,28,0.0,early
model.5.conv,29,0.0,early
model.5.conv,30,0.0,early
model.5.conv,31,0.0,early
model.5.conv,32,0.0,early
model.5.conv,33,0.0,early
model.5.conv,34,0.0,early
model.5.conv,35,0.0,early
model.5.conv,36,0.0,early
model.5.conv,37,0.0,early
model.5.conv,38,0.0,early
model.5.conv,39,0.0,early
model.5.conv,40,0.0,early
model.5.conv,41,0.0,early
model.5.conv,42,0.0,early
model.5.conv,43,0.0,early
model.5.conv,44,0.0,early
model.5.conv,45,0.0,early
model.5.conv,46,0.0,early
model.5.conv,47,0.0,early
model.5.conv,48,0.0,early
model.5.conv,49,0.0,early
model.5.conv,50,0.0,early
model.5.conv,51,0.0,early
model.5.conv,52,0.0,early
model.5.conv,53,0.0,early
model.5.conv,54,0.0,early
model.5.conv,55,0.0,early
model.5.conv,56,0.0,early
model.5.conv,57,0.0,early
model.5.conv,58,0.0,early
model.5.conv,59,0.0,early
model.5.conv,60,1.0,early
model.5.conv,61,0.0,early
model.5.conv,62,0.0,early
model.5.conv,63,0.0,early
model.5.conv,64,0.0,early
model.5.conv,65,0.0,early
model.5.conv,66,0.0,early
model.5.conv,67,0.0,early
model.5.conv,68,0.0,early
model.5.conv,69,0.0,early
model.5.conv,70,0.0,early
model.5.conv,71,0.0,early
model.5.conv,72,0.0,early
model.5.conv,73,0.0,early
model.5.conv,74,0.0,early
model.5.conv,75,0.0,early
model.5.conv,76,0.0,early
model.5.conv,77,0.0,early
model.5.conv,78,0.0,early
model.5.conv,79,0.0,early
model.5.conv,80,0.0,early
model.5.conv,81,0.0,early
model.5.conv,82,0.0,early
model.5.conv,83,0.0,early
model.5.conv,84,0.0,early
model.5.conv,85,0.0,early
model.5.conv,86,0.0,early
model.5.conv,87,0.0,early
model.5.conv,88,0.0,early
model.5.conv,89,0.0,early
model.5.conv,90,0.0,early
model.5.conv,91,0.0,early
model.5.conv,92,0.0,early
model.5.conv,93,0.0,early
model.5.conv,94,0.0,early
model.5.conv,95,0.0,early
model.5.conv,96,0.0,early
model.5.conv,97,0.0,early
model.5.conv,98,0.0,early
model.5.conv,99,0.0,early
model.5.conv,100,0.0,early
model.5.conv,101,0.0,early
model.5.conv,102,0.0,early
model.5.conv,103,0.0,early
model.5.conv,104,0.0,early
model.5.conv,105,0.0,early
model.5.conv,106,0.0,early
model.5.conv,107,0.0,early
model.5.conv,108,0.0,early
model.5.conv,109,0.0,early
model.5.conv,110,0.0,early
model.5.conv,111,0.0,early
model.5.conv,112,0.0,early
model.5.conv,113,0.0,early
model.5.conv,114,0.0,early
model.5.conv,115,0.0,early
model.5.conv,116,0.0,early
model.5.conv,117,0.0,early
model.5.conv,118,0.0,early
model.5.conv,119,0.0,early
model.5.conv,120,0.0,early
model.5.conv,121,0.0,early
model.5.conv,122,0.0,early
model.5.conv,123,0.0,early
model.5.conv,124,0.0,early
model.5.conv,125,0.0,early
model.5.conv,126,0.0,early
model.5.conv,127,0.0,early
model.5.conv,128,0.0,early
model.5.conv,129,0.0,early
model.5.conv,130,0.0,early
model.5.conv,131,0.0,early
model.5.conv,132,0.0,early
model.5.conv,133,0.0,early
model.5.conv,134,0.0,early
model.5.conv,135,0.0,early
model.5.conv,136,0.0,early
model.5.conv,137,0.0,early
model.5.conv,138,0.0,early
model.5.conv,139,0.0,early
model.5.conv,140,0.0,early
model.5.conv,141,14.0,early
model.5.conv,142,0.0,early
model.5.conv,143,0.0,early
model.5.conv,144,0.0,early
model.5.conv,145,0.0,early
model.5.conv,146,0.0,early
model.5.conv,147,0.0,early
model.5.conv,148,0.0,early
model.5.conv,149,0.0,early
model.5.conv,150,0.0,early
model.5.conv,151,0.0,early
model.5.conv,152,0.0,early
model.5.conv,153,0.0,early
model.5.conv,154,0.0,early
model.5.conv,155,0.0,early
model.5.conv,156,0.0,early
model.5.conv,157,0.0,early
model.5.conv,158,0.0,early
model.5.conv,159,0.0,early
model.5.conv,160,0.0,early
model.5.conv,161,0.0,early
model.5.conv,162,0.0,early
model.5.conv,163,0.0,early
model.5.conv,164,6.0,early
model.5.conv,165,0.0,early
model.5.conv,166,1.0,early
model.5.conv,167,0.0,early
model.5.conv,168,0.0,early
model.5.conv,169,0.0,early
model.5.conv,170,0.0,early
model.5.conv,171,0.0,early
model.5.conv,172,0.0,early
model.5.conv,173,0.0,early
model.5.conv,174,0.0,early
model.5.conv,175,0.0,early
model.5.conv,176,0.0,early
model.5.conv,177,0.0,early
model.5.conv,178,0.0,early
model.5.conv,179,0.0,early
model.5.conv,180,0.0,early
model.5.conv,181,0.0,early
model.5.conv,182,0.0,early
model.5.conv,183,0.0,early
model.5.conv,184,0.0,early
model.5.conv,185,0.0,early
model.5.conv,186,0.0,early
model.5.conv,187,0.0,early
model.5.conv,188,0.0,early
model.5.conv,189,0.0,early
model.5.conv,190,0.0,early
model.5.conv,191,0.0,early
model.5.conv,192,0.0,early
model.5.conv,193,0.0,early
model.5.conv,194,0.0,early
model.5.conv,195,0.0,early
model.5.conv,196,0.0,early
model.5.conv,197,0.0,early
model.5.conv,198,0.0,early
model.5.conv,199,0.0,early
model.5.conv,200,0.0,early
model.5.conv,201,0.0,early
model.5.conv,202,0.0,early
model.5.conv,203,0.0,early
model.5.conv,204,0.0,early
model.5.conv,205,93.0,early
model.5.conv,206,0.0,early
model.5.conv,207,0.0,early
model.5.conv,208,0.0,early
model.5.conv,209,0.0,early
model.5.conv,210,0.0,early
model.5.conv,211,0.0,early
model.5.conv,212,0.0,early
model.5.conv,213,0.0,early
model.5.conv,214,0.0,early
model.5.conv,215,0.0,early
model.5.conv,216,0.0,early
model.5.conv,217,0.0,early
model.5.conv,218,0.0,early
model.5.conv,219,0.0,early
model.5.conv,220,0.0,early
model.5.conv,221,0.0,early
model.5.conv,222,0.0,early
model.5.conv,223,0.0,early
model.5.conv,224,0.0,early
model.5.conv,225,0.0,early
model.5.conv,226,0.0,early
model.5.conv,227,0.0,early
model.5.conv,228,0.0,early
model.5.conv,229,0.0,early
model.5.conv,230,0.0,early
model.5.conv,231,0.0,early
model.5.conv,232,0.0,early
model.5.conv,233,3.0,early
model.5.conv,234,0.0,early
model.5.conv,235,0.0,early
model.5.conv,236,0.0,early
model.5.conv,237,0.0,early
model.5.conv,238,0.0,early
model.5.conv,239,0.0,early
model.5.conv,240,0.0,early
model.5.conv,241,0.0,early
model.5.conv,242,0.0,early
model.5.conv,243,0.0,early
model.5.conv,244,0.0,early
model.5.conv,245,0.0,early
model.5.conv,246,0.0,early
model.5.conv,247,0.0,early
model.5.conv,248,0.0,early
model.5.conv,249,0.0,early
model.5.conv,250,0.0,early
model.5.conv,251,0.0,early
model.5.conv,252,0.0,early
model.5.conv,253,0.0,early
model.5.conv,254,0.0,early
model.5.conv,255,0.0,early
model.6.cv1.conv,0,0.0,middle
model.6.cv1.conv,1,0.0,middle
model.6.cv1.conv,2,0.0,middle
model.6.cv1.conv,3,0.0,middle
model.6.cv1.conv,4,0.0,middle
model.6.cv1.conv,5,0.0,middle
model.6.cv1.conv,6,0.0,middle
model.6.cv1.conv,7,0.0,middle
model.6.cv1.conv,8,0.0,middle
model.6.cv1.conv,9,0.0,middle
model.6.cv1.conv,10,0.0,middle
model.6.cv1.conv,11,0.0,middle
model.6.cv1.conv,12,0.0,middle
model.6.cv1.conv,13,0.0,middle
model.6.cv1.conv,14,0.0,middle
model.6.cv1.conv,15,0.0,middle
model.6.cv1.conv,16,0.0,middle
model.6.cv1.conv,17,0.0,middle
model.6.cv1.conv,18,0.0,middle
model.6.cv1.conv,19,0.0,middle
model.6.cv1.conv,20,0.0,middle
model.6.cv1.conv,21,0.0,middle
model.6.cv1.conv,22,0.0,middle
model.6.cv1.conv,23,0.0,middle
model.6.cv1.conv,24,0.0,middle
model.6.cv1.conv,25,0.0,middle
model.6.cv1.conv,26,0.0,middle
model.6.cv1.conv,27,0.0,middle
model.6.cv1.conv,28,0.0,middle
model.6.cv1.conv,29,0.0,middle
model.6.cv1.conv,30,0.0,middle
model.6.cv1.conv,31,0.0,middle
model.6.cv1.conv,32,0.0,middle
model.6.cv1.conv,33,0.0,middle
model.6.cv1.conv,34,0.0,middle
model.6.cv1.conv,35,0.0,middle
model.6.cv1.conv,36,0.0,middle
model.6.cv1.conv,37,0.0,middle
model.6.cv1.conv,38,0.0,middle
model.6.cv1.conv,39,0.0,middle
model.6.cv1.conv,40,0.0,middle
model.6.cv1.conv,41,0.0,middle
model.6.cv1.conv,42,0.0,middle
model.6.cv1.conv,43,0.0,middle
model.6.cv1.conv,44,0.0,middle
model.6.cv1.conv,45,0.0,middle
model.6.cv1.conv,46,0.0,middle
model.6.cv1.conv,47,0.0,middle
model.6.cv1.conv,48,0.0,middle
model.6.cv1.conv,49,0.0,middle
model.6.cv1.conv,50,0.0,middle
model.6.cv1.conv,51,0.0,middle
model.6.cv1.conv,52,0.0,middle
model.6.cv1.conv,53,0.0,middle
model.6.cv1.conv,54,0.0,middle
model.6.cv1.conv,55,0.0,middle
model.6.cv1.conv,56,0.0,middle
model.6.cv1.conv,57,0.0,middle
model.6.cv1.conv,58,0.0,middle
model.6.cv1.conv,59,0.0,middle
model.6.cv1.conv,60,0.0,middle
model.6.cv1.conv,61,0.0,middle
model.6.cv1.conv,62,0.0,middle
model.6.cv1.conv,63,0.0,middle
model.6.cv1.conv,64,0.0,middle
model.6.cv1.conv,65,0.0,middle
model.6.cv1.conv,66,0.0,middle
model.6.cv1.conv,67,0.0,middle
model.6.cv1.conv,68,0.0,middle
model.6.cv1.conv,69,0.0,middle
model.6.cv1.conv,70,0.0,middle
model.6.cv1.conv,71,0.0,middle
model.6.cv1.conv,72,0.0,middle
model.6.cv1.conv,73,0.0,middle
model.6.cv1.conv,74,0.0,middle
model.6.cv1.conv,75,0.0,middle
model.6.cv1.conv,76,0.0,middle
model.6.cv1.conv,77,0.0,middle
model.6.cv1.conv,78,0.0,middle
model.6.cv1.conv,79,0.0,middle
model.6.cv1.conv,80,0.0,middle
model.6.cv1.conv,81,0.0,middle
model.6.cv1.conv,82,0.0,middle
model.6.cv1.conv,83,0.0,middle
model.6.cv1.conv,84,0.0,middle
model.6.cv1.conv,85,0.0,middle
model.6.cv1.conv,86,0.0,middle
model.6.cv1.conv,87,0.0,middle
model.6.cv1.conv,88,0.0,middle
model.6.cv1.conv,89,0.0,middle
model.6.cv1.conv,90,0.0,middle
model.6.cv1.conv,91,0.0,middle
model.6.cv1.conv,92,0.0,middle
model.6.cv1.conv,93,0.0,middle
model.6.cv1.conv,94,0.0,middle
model.6.cv1.conv,95,0.0,middle
model.6.cv1.conv,96,0.0,middle
model.6.cv1.conv,97,0.0,middle
model.6.cv1.conv,98,0.0,middle
model.6.cv1.conv,99,0.0,middle
model.6.cv1.conv,100,0.0,middle
model.6.cv1.conv,101,0.0,middle
model.6.cv1.conv,102,0.0,middle
model.6.cv1.conv,103,0.0,middle
model.6.cv1.conv,104,0.0,middle
model.6.cv1.conv,105,0.0,middle
model.6.cv1.conv,106,0.0,middle
model.6.cv1.conv,107,0.0,middle
model.6.cv1.conv,108,0.0,middle
model.6.cv1.conv,109,0.0,middle
model.6.cv1.conv,110,0.0,middle
model.6.cv1.conv,111,0.0,middle
model.6.cv1.conv,112,0.0,middle
model.6.cv1.conv,113,0.0,middle
model.6.cv1.conv,114,0.0,middle
model.6.cv1.conv,115,0.0,middle
model.6.cv1.conv,116,0.0,middle
model.6.cv1.conv,117,0.0,middle
model.6.cv1.conv,118,0.0,middle
model.6.cv1.conv,119,0.0,middle
model.6.cv1.conv,120,0.0,middle
model.6.cv1.conv,121,0.0,middle
model.6.cv1.conv,122,0.0,middle
model.6.cv1.conv,123,0.0,middle
model.6.cv1.conv,124,0.0,middle
model.6.cv1.conv,125,0.0,middle
model.6.cv1.conv,126,0.0,middle
model.6.cv1.conv,127,0.0,middle
model.6.cv2.conv,0,0.0,middle
model.6.cv2.conv,1,0.0,middle
model.6.cv2.conv,2,0.0,middle
model.6.cv2.conv,3,0.0,middle
model.6.cv2.conv,4,0.0,middle
model.6.cv2.conv,5,0.0,middle
model.6.cv2.conv,6,0.0,middle
model.6.cv2.conv,7,0.0,middle
model.6.cv2.conv,8,0.0,middle
model.6.cv2.conv,9,0.0,middle
model.6.cv2.conv,10,0.0,middle
model.6.cv2.conv,11,0.0,middle
model.6.cv2.conv,12,0.0,middle
model.6.cv2.conv,13,0.0,middle
model.6.cv2.conv,14,0.0,middle
model.6.cv2.conv,15,0.0,middle
model.6.cv2.conv,16,0.0,middle
model.6.cv2.conv,17,0.0,middle
model.6.cv2.conv,18,0.0,middle
model.6.cv2.conv,19,0.0,middle
model.6.cv2.conv,20,0.0,middle
model.6.cv2.conv,21,0.0,middle
model.6.cv2.conv,22,0.0,middle
model.6.cv2.conv,23,0.0,middle
model.6.cv2.conv,24,0.0,middle
model.6.cv2.conv,25,0.0,middle
model.6.cv2.conv,26,0.0,middle
model.6.cv2.conv,27,0.0,middle
model.6.cv2.conv,28,0.0,middle
model.6.cv2.conv,29,0.0,middle
model.6.cv2.conv,30,0.0,middle
model.6.cv2.conv,31,0.0,middle
model.6.cv2.conv,32,0.0,middle
model.6.cv2.conv,33,0.0,middle
model.6.cv2.conv,34,0.0,middle
model.6.cv2.conv,35,0.0,middle
model.6.cv2.conv,36,0.0,middle
model.6.cv2.conv,37,0.0,middle
model.6.cv2.conv,38,0.0,middle
model.6.cv2.conv,39,0.0,middle
model.6.cv2.conv,40,0.0,middle
model.6.cv2.conv,41,0.0,middle
model.6.cv2.conv,42,0.0,middle
model.6.cv2.conv,43,0.0,middle
model.6.cv2.conv,44,0.0,middle
model.6.cv2.conv,45,0.0,middle
model.6.cv2.conv,46,0.0,middle
model.6.cv2.conv,47,0.0,middle
model.6.cv2.conv,48,0.0,middle
model.6.cv2.conv,49,0.0,middle
model.6.cv2.conv,50,0.0,middle
model.6.cv2.conv,51,0.0,middle
model.6.cv2.conv,52,0.0,middle
model.6.cv2.conv,53,0.0,middle
model.6.cv2.conv,54,0.0,middle
model.6.cv2.conv,55,0.0,middle
model.6.cv2.conv,56,0.0,middle
model.6.cv2.conv,57,0.0,middle
model.6.cv2.conv,58,0.0,middle
model.6.cv2.conv,59,0.0,middle
model.6.cv2.conv,60,0.0,middle
model.6.cv2.conv,61,0.0,middle
model.6.cv2.conv,62,0.0,middle
model.6.cv2.conv,63,0.0,middle
model.6.cv2.conv,64,0.0,middle
model.6.cv2.conv,65,0.0,middle
model.6.cv2.conv,66,0.0,middle
model.6.cv2.conv,67,0.0,middle
model.6.cv2.conv,68,0.0,middle
model.6.cv2.conv,69,0.0,middle
model.6.cv2.conv,70,0.0,middle
model.6.cv2.conv,71,0.0,middle
model.6.cv2.conv,72,0.0,middle
model.6.cv2.conv,73,0.0,middle
model.6.cv2.conv,74,0.0,middle
model.6.cv2.conv,75,0.0,middle
model.6.cv2.conv,76,0.0,middle
model.6.cv2.conv,77,0.0,middle
model.6.cv2.conv,78,0.0,middle
model.6.cv2.conv,79,0.0,middle
model.6.cv2.conv,80,0.0,middle
model.6.cv2.conv,81,0.0,middle
model.6.cv2.conv,82,0.0,middle
model.6.cv2.conv,83,0.0,middle
model.6.cv2.conv,84,0.0,middle
model.6.cv2.conv,85,0.0,middle
model.6.cv2.conv,86,0.0,middle
model.6.cv2.conv,87,0.0,middle
model.6.cv2.conv,88,0.0,middle
model.6.cv2.conv,89,0.0,middle
model.6.cv2.conv,90,0.0,middle
model.6.cv2.conv,91,0.0,middle
model.6.cv2.conv,92,0.0,middle
model.6.cv2.conv,93,0.0,middle
model.6.cv2.conv,94,0.0,middle
model.6.cv2.conv,95,0.0,middle
model.6.cv2.conv,96,0.0,middle
model.6.cv2.conv,97,0.0,middle
model.6.cv2.conv,98,0.0,middle
model.6.cv2.conv,99,0.0,middle
model.6.cv2.conv,100,0.0,middle
model.6.cv2.conv,101,0.0,middle
model.6.cv2.conv,102,0.0,middle
model.6.cv2.conv,103,0.0,middle
model.6.cv2.conv,104,0.0,middle
model.6.cv2.conv,105,0.0,middle
model.6.cv2.conv,106,0.0,middle
model.6.cv2.conv,107,0.0,middle
model.6.cv2.conv,108,0.0,middle
model.6.cv2.conv,109,0.0,middle
model.6.cv2.conv,110,0.0,middle
model.6.cv2.conv,111,0.0,middle
model.6.cv2.conv,112,0.0,middle
model.6.cv2.conv,113,0.0,middle
model.6.cv2.conv,114,0.0,middle
model.6.cv2.conv,115,0.0,middle
model.6.cv2.conv,116,0.0,middle
model.6.cv2.conv,117,0.0,middle
model.6.cv2.conv,118,0.0,middle
model.6.cv2.conv,119,0.0,middle
model.6.cv2.conv,120,0.0,middle
model.6.cv2.conv,121,0.0,middle
model.6.cv2.conv,122,0.0,middle
model.6.cv2.conv,123,0.0,middle
model.6.cv2.conv,124,0.0,middle
model.6.cv2.conv,125,0.0,middle
model.6.cv2.conv,126,0.0,middle
model.6.cv2.conv,127,0.0,middle
model.6.cv3.conv,0,0.0,middle
model.6.cv3.conv,1,0.0,middle
model.6.cv3.conv,2,0.0,middle
model.6.cv3.conv,3,0.0,middle
model.6.cv3.conv,4,0.0,middle
model.6.cv3.conv,5,0.0,middle
model.6.cv3.conv,6,0.0,middle
model.6.cv3.conv,7,0.0,middle
model.6.cv3.conv,8,0.0,middle
model.6.cv3.conv,9,0.0,middle
model.6.cv3.conv,10,0.0,middle
model.6.cv3.conv,11,0.0,middle
model.6.cv3.conv,12,0.0,middle
model.6.cv3.conv,13,0.0,middle
model.6.cv3.conv,14,0.0,middle
model.6.cv3.conv,15,0.0,middle
model.6.cv3.conv,16,0.0,middle
model.6.cv3.conv,17,0.0,middle
model.6.cv3.conv,18,0.0,middle
model.6.cv3.conv,19,0.0,middle
model.6.cv3.conv,20,0.0,middle
model.6.cv3.conv,21,0.0,middle
model.6.cv3.conv,22,0.0,middle
model.6.cv3.conv,23,0.0,middle
model.6.cv3.conv,24,0.0,middle
model.6.cv3.conv,25,0.0,middle
model.6.cv3.conv,26,0.0,middle
model.6.cv3.conv,27,0.0,middle
model.6.cv3.conv,28,0.0,middle
model.6.cv3.conv,29,0.0,middle
model.6.cv3.conv,30,0.0,middle
model.6.cv3.conv,31,0.0,middle
model.6.cv3.conv,32,0.0,middle
model.6.cv3.conv,33,0.0,middle
model.6.cv3.conv,34,0.0,middle
model.6.cv3.conv,35,0.0,middle
model.6.cv3.conv,36,0.0,middle
model.6.cv3.conv,37,0.0,middle
model.6.cv3.conv,38,0.0,middle
model.6.cv3.conv,39,0.0,middle
model.6.cv3.conv,40,0.0,middle
model.6.cv3.conv,41,0.0,middle
model.6.cv3.conv,42,0.0,middle
model.6.cv3.conv,43,0.0,middle
model.6.cv3.conv,44,0.0,middle
model.6.cv3.conv,45,0.0,middle
model.6.cv3.conv,46,0.0,middle
model.6.cv3.conv,47,0.0,middle
model.6.cv3.conv,48,0.0,middle
model.6.cv3.conv,49,0.0,middle
model.6.cv3.conv,50,0.0,middle
model.6.cv3.conv,51,0.0,middle
model.6.cv3.conv,52,0.0,middle
model.6.cv3.conv,53,0.0,middle
model.6.cv3.conv,54,0.0,middle
model.6.cv3.conv,55,0.0,middle
model.6.cv3.conv,56,0.0,middle
model.6.cv3.conv,57,0.0,middle
model.6.cv3.conv,58,0.0,middle
model.6.cv3.conv,59,0.0,middle
model.6.cv3.conv,60,0.0,middle
model.6.cv3.conv,61,0.0,middle
model.6.cv3.conv,62,0.0,middle
model.6.cv3.conv,63,0.0,middle
model.6.cv3.conv,64,0.0,middle
model.6.cv3.conv,65,0.0,middle
model.6.cv3.conv,66,0.0,middle
model.6.cv3.conv,67,0.0,middle
model.6.cv3.conv,68,0.0,middle
model.6.cv3.conv,69,0.0,middle
model.6.cv3.conv,70,0.0,middle
model.6.cv3.conv,71,0.0,middle
model.6.cv3.conv,72,0.0,middle
model.6.cv3.conv,73,0.0,middle
model.6.cv3.conv,74,0.0,middle
model.6.cv3.conv,75,0.0,middle
model.6.cv3.conv,76,0.0,middle
model.6.cv3.conv,77,0.0,middle
model.6.cv3.conv,78,0.0,middle
model.6.cv3.conv,79,0.0,middle
model.6.cv3.conv,80,0.0,middle
model.6.cv3.conv,81,0.0,middle
model.6.cv3.conv,82,0.0,middle
model.6.cv3.conv,83,0.0,middle
model.6.cv3.conv,84,0.0,middle
model.6.cv3.conv,85,0.0,middle
model.6.cv3.conv,86,0.0,middle
model.6.cv3.conv,87,0.0,middle
model.6.cv3.conv,88,0.0,middle
model.6.cv3.conv,89,0.0,middle
model.6.cv3.conv,90,0.0,middle
model.6.cv3.conv,91,0.0,middle
model.6.cv3.conv,92,0.0,middle
model.6.cv3.conv,93,0.0,middle
model.6.cv3.conv,94,0.0,middle
model.6.cv3.conv,95,0.0,middle
model.6.cv3.conv,96,0.0,middle
model.6.cv3.conv,97,0.0,middle
model.6.cv3.conv,98,0.0,middle
model.6.cv3.conv,99,0.0,middle
model.6.cv3.conv,100,0.0,middle
model.6.cv3.conv,101,0.0,middle
model.6.cv3.conv,102,0.0,middle
model.6.cv3.conv,103,0.0,middle
model.6.cv3.conv,104,0.0,middle
model.6.cv3.conv,105,0.0,middle
model.6.cv3.conv,106,0.0,middle
model.6.cv3.conv,107,0.0,middle
model.6.cv3.conv,108,0.0,middle
model.6.cv3.conv,109,0.0,middle
model.6.cv3.conv,110,0.0,middle
model.6.cv3.conv,111,0.0,middle
model.6.cv3.conv,112,0.0,middle
model.6.cv3.conv,113,0.0,middle
model.6.cv3.conv,114,0.0,middle
model.6.cv3.conv,115,0.0,middle
model.6.cv3.conv,116,0.0,middle
model.6.cv3.conv,117,0.0,middle
model.6.cv3.conv,118,0.0,middle
model.6.cv3.conv,119,0.0,middle
model.6.cv3.conv,120,0.0,middle
model.6.cv3.conv,121,0.0,middle
model.6.cv3.conv,122,0.0,middle
model.6.cv3.conv,123,0.0,middle
model.6.cv3.conv,124,0.0,middle
model.6.cv3.conv,125,0.0,middle
model.6.cv3.conv,126,0.0,middle
model.6.cv3.conv,127,0.0,middle
model.6.cv3.conv,128,0.0,middle
model.6.cv3.conv,129,0.0,middle
model.6.cv3.conv,130,0.0,middle
model.6.cv3.conv,131,0.0,middle
model.6.cv3.conv,132,0.0,middle
model.6.cv3.conv,133,0.0,middle
model.6.cv3.conv,134,0.0,middle
model.6.cv3.conv,135,0.0,middle
model.6.cv3.conv,136,0.0,middle
model.6.cv3.conv,137,0.0,middle
model.6.cv3.conv,138,0.0,middle
model.6.cv3.conv,139,0.0,middle
model.6.cv3.conv,140,0.0,middle
model.6.cv3.conv,141,0.0,middle
model.6.cv3.conv,142,0.0,middle
model.6.cv3.conv,143,0.0,middle
model.6.cv3.conv,144,0.0,middle
model.6.cv3.conv,145,0.0,middle
model.6.cv3.conv,146,0.0,middle
model.6.cv3.conv,147,0.0,middle
model.6.cv3.conv,148,0.0,middle
model.6.cv3.conv,149,0.0,middle
model.6.cv3.conv,150,0.0,middle
model.6.cv3.conv,151,0.0,middle
model.6.cv3.conv,152,8.0,middle
model.6.cv3.conv,153,0.0,middle
model.6.cv3.conv,154,0.0,middle
model.6.cv3.conv,155,0.0,middle
model.6.cv3.conv,156,0.0,middle
model.6.cv3.conv,157,0.0,middle
model.6.cv3.conv,158,0.0,middle
model.6.cv3.conv,159,0.0,middle
model.6.cv3.conv,160,0.0,middle
model.6.cv3.conv,161,0.0,middle
model.6.cv3.conv,162,0.0,middle
model.6.cv3.conv,163,0.0,middle
model.6.cv3.conv,164,0.0,middle
model.6.cv3.conv,165,0.0,middle
model.6.cv3.conv,166,0.0,middle
model.6.cv3.conv,167,0.0,middle
model.6.cv3.conv,168,0.0,middle
model.6.cv3.conv,169,0.0,middle
model.6.cv3.conv,170,0.0,middle
model.6.cv3.conv,171,0.0,middle
model.6.cv3.conv,172,0.0,middle
model.6.cv3.conv,173,0.0,middle
model.6.cv3.conv,174,0.0,middle
model.6.cv3.conv,175,0.0,middle
model.6.cv3.conv,176,0.0,middle
model.6.cv3.conv,177,0.0,middle
model.6.cv3.conv,178,0.0,middle
model.6.cv3.conv,179,0.0,middle
model.6.cv3.conv,180,0.0,middle
model.6.cv3.conv,181,0.0,middle
model.6.cv3.conv,182,0.0,middle
model.6.cv3.conv,183,0.0,middle
model.6.cv3.conv,184,0.0,middle
model.6.cv3.conv,185,0.0,middle
model.6.cv3.conv,186,0.0,middle
model.6.cv3.conv,187,0.0,middle
model.6.cv3.conv,188,0.0,middle
model.6.cv3.conv,189,0.0,middle
model.6.cv3.conv,190,0.0,middle
model.6.cv3.conv,191,0.0,middle
model.6.cv3.conv,192,0.0,middle
model.6.cv3.conv,193,0.0,middle
model.6.cv3.conv,194,0.0,middle
model.6.cv3.conv,195,0.0,middle
model.6.cv3.conv,196,0.0,middle
model.6.cv3.conv,197,0.0,middle
model.6.cv3.conv,198,0.0,middle
model.6.cv3.conv,199,0.0,middle
model.6.cv3.conv,200,0.0,middle
model.6.cv3.conv,201,0.0,middle
model.6.cv3.conv,202,0.0,middle
model.6.cv3.conv,203,0.0,middle
model.6.cv3.conv,204,0.0,middle
model.6.cv3.conv,205,0.0,middle
model.6.cv3.conv,206,0.0,middle
model.6.cv3.conv,207,0.0,middle
model.6.cv3.conv,208,0.0,middle
model.6.cv3.conv,209,0.0,middle
model.6.cv3.conv,210,0.0,middle
model.6.cv3.conv,211,0.0,middle
model.6.cv3.conv,212,0.0,middle
model.6.cv3.conv,213,0.0,middle
model.6.cv3.conv,214,0.0,middle
model.6.cv3.conv,215,0.0,middle
model.6.cv3.conv,216,0.0,middle
model.6.cv3.conv,217,0.0,middle
model.6.cv3.conv,218,0.0,middle
model.6.cv3.conv,219,0.0,middle
model.6.cv3.conv,220,0.0,middle
model.6.cv3.conv,221,0.0,middle
model.6.cv3.conv,222,0.0,middle
model.6.cv3.conv,223,0.0,middle
model.6.cv3.conv,224,0.0,middle
model.6.cv3.conv,225,0.0,middle
model.6.cv3.conv,226,0.0,middle
model.6.cv3.conv,227,0.0,middle
model.6.cv3.conv,228,0.0,middle
model.6.cv3.conv,229,0.0,middle
model.6.cv3.conv,230,0.0,middle
model.6.cv3.conv,231,0.0,middle
model.6.cv3.conv,232,0.0,middle
model.6.cv3.conv,233,0.0,middle
model.6.cv3.conv,234,0.0,middle
model.6.cv3.conv,235,0.0,middle
model.6.cv3.conv,236,0.0,middle
model.6.cv3.conv,237,0.0,middle
model.6.cv3.conv,238,0.0,middle
model.6.cv3.conv,239,0.0,middle
model.6.cv3.conv,240,0.0,middle
model.6.cv3.conv,241,0.0,middle
model.6.cv3.conv,242,0.0,middle
model.6.cv3.conv,243,0.0,middle
model.6.cv3.conv,244,0.0,middle
model.6.cv3.conv,245,0.0,middle
model.6.cv3.conv,246,0.0,middle
model.6.cv3.conv,247,0.0,middle
model.6.cv3.conv,248,0.0,middle
model.6.cv3.conv,249,0.0,middle
model.6.cv3.conv,250,0.0,middle
model.6.cv3.conv,251,0.0,middle
model.6.cv3.conv,252,0.0,middle
model.6.cv3.conv,253,0.0,middle
model.6.cv3.conv,254,0.0,middle
model.6.cv3.conv,255,0.0,middle
model.6.m.0.cv1.conv,0,0.0,middle
model.6.m.0.cv1.conv,1,0.0,middle
model.6.m.0.cv1.conv,2,0.0,middle
model.6.m.0.cv1.conv,3,0.0,middle
model.6.m.0.cv1.conv,4,0.0,middle
model.6.m.0.cv1.conv,5,0.0,middle
model.6.m.0.cv1.conv,6,0.0,middle
model.6.m.0.cv1.conv,7,0.0,middle
model.6.m.0.cv1.conv,8,0.0,middle
model.6.m.0.cv1.conv,9,0.0,middle
model.6.m.0.cv1.conv,10,0.0,middle
model.6.m.0.cv1.conv,11,0.0,middle
model.6.m.0.cv1.conv,12,0.0,middle
model.6.m.0.cv1.conv,13,0.0,middle
model.6.m.0.cv1.conv,14,0.0,middle
model.6.m.0.cv1.conv,15,0.0,middle
model.6.m.0.cv1.conv,16,0.0,middle
model.6.m.0.cv1.conv,17,0.0,middle
model.6.m.0.cv1.conv,18,0.0,middle
model.6.m.0.cv1.conv,19,0.0,middle
model.6.m.0.cv1.conv,20,0.0,middle
model.6.m.0.cv1.conv,21,0.0,middle
model.6.m.0.cv1.conv,22,0.0,middle
model.6.m.0.cv1.conv,23,0.0,middle
model.6.m.0.cv1.conv,24,0.0,middle
model.6.m.0.cv1.conv,25,0.0,middle
model.6.m.0.cv1.conv,26,0.0,middle
model.6.m.0.cv1.conv,27,0.0,middle
model.6.m.0.cv1.conv,28,0.0,middle
model.6.m.0.cv1.conv,29,0.0,middle
model.6.m.0.cv1.conv,30,0.0,middle
model.6.m.0.cv1.conv,31,0.0,middle
model.6.m.0.cv1.conv,32,0.0,middle
model.6.m.0.cv1.conv,33,0.0,middle
model.6.m.0.cv1.conv,34,0.0,middle
model.6.m.0.cv1.conv,35,0.0,middle
model.6.m.0.cv1.conv,36,0.0,middle
model.6.m.0.cv1.conv,37,0.0,middle
model.6.m.0.cv1.conv,38,0.0,middle
model.6.m.0.cv1.conv,39,0.0,middle
model.6.m.0.cv1.conv,40,0.0,middle
model.6.m.0.cv1.conv,41,0.0,middle
model.6.m.0.cv1.conv,42,0.0,middle
model.6.m.0.cv1.conv,43,0.0,middle
model.6.m.0.cv1.conv,44,0.0,middle
model.6.m.0.cv1.conv,45,0.0,middle
model.6.m.0.cv1.conv,46,0.0,middle
model.6.m.0.cv1.conv,47,0.0,middle
model.6.m.0.cv1.conv,48,0.0,middle
model.6.m.0.cv1.conv,49,0.0,middle
model.6.m.0.cv1.conv,50,0.0,middle
model.6.m.0.cv1.conv,51,0.0,middle
model.6.m.0.cv1.conv,52,0.0,middle
model.6.m.0.cv1.conv,53,0.0,middle
model.6.m.0.cv1.conv,54,0.0,middle
model.6.m.0.cv1.conv,55,0.0,middle
model.6.m.0.cv1.conv,56,0.0,middle
model.6.m.0.cv1.conv,57,0.0,middle
model.6.m.0.cv1.conv,58,0.0,middle
model.6.m.0.cv1.conv,59,0.0,middle
model.6.m.0.cv1.conv,60,0.0,middle
model.6.m.0.cv1.conv,61,0.0,middle
model.6.m.0.cv1.conv,62,0.0,middle
model.6.m.0.cv1.conv,63,0.0,middle
model.6.m.0.cv1.conv,64,0.0,middle
model.6.m.0.cv1.conv,65,0.0,middle
model.6.m.0.cv1.conv,66,0.0,middle
model.6.m.0.cv1.conv,67,0.0,middle
model.6.m.0.cv1.conv,68,0.0,middle
model.6.m.0.cv1.conv,69,0.0,middle
model.6.m.0.cv1.conv,70,0.0,middle
model.6.m.0.cv1.conv,71,0.0,middle
model.6.m.0.cv1.conv,72,0.0,middle
model.6.m.0.cv1.conv,73,0.0,middle
model.6.m.0.cv1.conv,74,0.0,middle
model.6.m.0.cv1.conv,75,0.0,middle
model.6.m.0.cv1.conv,76,0.0,middle
model.6.m.0.cv1.conv,77,0.0,middle
model.6.m.0.cv1.conv,78,0.0,middle
model.6.m.0.cv1.conv,79,0.0,middle
model.6.m.0.cv1.conv,80,0.0,middle
model.6.m.0.cv1.conv,81,0.0,middle
model.6.m.0.cv1.conv,82,0.0,middle
model.6.m.0.cv1.conv,83,0.0,middle
model.6.m.0.cv1.conv,84,0.0,middle
model.6.m.0.cv1.conv,85,0.0,middle
model.6.m.0.cv1.conv,86,0.0,middle
model.6.m.0.cv1.conv,87,0.0,middle
model.6.m.0.cv1.conv,88,0.0,middle
model.6.m.0.cv1.conv,89,0.0,middle
model.6.m.0.cv1.conv,90,0.0,middle
model.6.m.0.cv1.conv,91,0.0,middle
model.6.m.0.cv1.conv,92,0.0,middle
model.6.m.0.cv1.conv,93,0.0,middle
model.6.m.0.cv1.conv,94,0.0,middle
model.6.m.0.cv1.conv,95,0.0,middle
model.6.m.0.cv1.conv,96,0.0,middle
model.6.m.0.cv1.conv,97,0.0,middle
model.6.m.0.cv1.conv,98,0.0,middle
model.6.m.0.cv1.conv,99,0.0,middle
model.6.m.0.cv1.conv,100,0.0,middle
model.6.m.0.cv1.conv,101,0.0,middle
model.6.m.0.cv1.conv,102,0.0,middle
model.6.m.0.cv1.conv,103,0.0,middle
model.6.m.0.cv1.conv,104,0.0,middle
model.6.m.0.cv1.conv,105,0.0,middle
model.6.m.0.cv1.conv,106,0.0,middle
model.6.m.0.cv1.conv,107,0.0,middle
model.6.m.0.cv1.conv,108,0.0,middle
model.6.m.0.cv1.conv,109,0.0,middle
model.6.m.0.cv1.conv,110,0.0,middle
model.6.m.0.cv1.conv,111,0.0,middle
model.6.m.0.cv1.conv,112,0.0,middle
model.6.m.0.cv1.conv,113,0.0,middle
model.6.m.0.cv1.conv,114,0.0,middle
model.6.m.0.cv1.conv,115,0.0,middle
model.6.m.0.cv1.conv,116,0.0,middle
model.6.m.0.cv1.conv,117,0.0,middle
model.6.m.0.cv1.conv,118,0.0,middle
model.6.m.0.cv1.conv,119,0.0,middle
model.6.m.0.cv1.conv,120,0.0,middle
model.6.m.0.cv1.conv,121,0.0,middle
model.6.m.0.cv1.conv,122,0.0,middle
model.6.m.0.cv1.conv,123,0.0,middle
model.6.m.0.cv1.conv,124,0.0,middle
model.6.m.0.cv1.conv,125,0.0,middle
model.6.m.0.cv1.conv,126,0.0,middle
model.6.m.0.cv1.conv,127,0.0,middle
model.6.m.0.cv2.conv,0,0.0,middle
model.6.m.0.cv2.conv,1,0.0,middle
model.6.m.0.cv2.conv,2,0.0,middle
model.6.m.0.cv2.conv,3,0.0,middle
model.6.m.0.cv2.conv,4,0.0,middle
model.6.m.0.cv2.conv,5,0.0,middle
model.6.m.0.cv2.conv,6,0.0,middle
model.6.m.0.cv2.conv,7,0.0,middle
model.6.m.0.cv2.conv,8,0.0,middle
model.6.m.0.cv2.conv,9,0.0,middle
model.6.m.0.cv2.conv,10,0.0,middle
model.6.m.0.cv2.conv,11,0.0,middle
model.6.m.0.cv2.conv,12,0.0,middle
model.6.m.0.cv2.conv,13,0.0,middle
model.6.m.0.cv2.conv,14,0.0,middle
model.6.m.0.cv2.conv,15,0.0,middle
model.6.m.0.cv2.conv,16,0.0,middle
model.6.m.0.cv2.conv,17,0.0,middle
model.6.m.0.cv2.conv,18,0.0,middle
model.6.m.0.cv2.conv,19,0.0,middle
model.6.m.0.cv2.conv,20,0.0,middle
model.6.m.0.cv2.conv,21,0.0,middle
model.6.m.0.cv2.conv,22,0.0,middle
model.6.m.0.cv2.conv,23,0.0,middle
model.6.m.0.cv2.conv,24,0.0,middle
model.6.m.0.cv2.conv,25,0.0,middle
model.6.m.0.cv2.conv,26,0.0,middle
model.6.m.0.cv2.conv,27,0.0,middle
model.6.m.0.cv2.conv,28,0.0,middle
model.6.m.0.cv2.conv,29,0.0,middle
model.6.m.0.cv2.conv,30,0.0,middle
model.6.m.0.cv2.conv,31,0.0,middle
model.6.m.0.cv2.conv,32,0.0,middle
model.6.m.0.cv2.conv,33,0.0,middle
model.6.m.0.cv2.conv,34,0.0,middle
model.6.m.0.cv2.conv,35,0.0,middle
model.6.m.0.cv2.conv,36,0.0,middle
model.6.m.0.cv2.conv,37,0.0,middle
model.6.m.0.cv2.conv,38,0.0,middle
model.6.m.0.cv2.conv,39,0.0,middle
model.6.m.0.cv2.conv,40,0.0,middle
model.6.m.0.cv2.conv,41,0.0,middle
model.6.m.0.cv2.conv,42,0.0,middle
model.6.m.0.cv2.conv,43,0.0,middle
model.6.m.0.cv2.conv,44,0.0,middle
model.6.m.0.cv2.conv,45,0.0,middle
model.6.m.0.cv2.conv,46,0.0,middle
model.6.m.0.cv2.conv,47,0.0,middle
model.6.m.0.cv2.conv,48,0.0,middle
model.6.m.0.cv2.conv,49,0.0,middle
model.6.m.0.cv2.conv,50,0.0,middle
model.6.m.0.cv2.conv,51,0.0,middle
model.6.m.0.cv2.conv,52,0.0,middle
model.6.m.0.cv2.conv,53,0.0,middle
model.6.m.0.cv2.conv,54,0.0,middle
model.6.m.0.cv2.conv,55,0.0,middle
model.6.m.0.cv2.conv,56,0.0,middle
model.6.m.0.cv2.conv,57,0.0,middle
model.6.m.0.cv2.conv,58,0.0,middle
model.6.m.0.cv2.conv,59,0.0,middle
model.6.m.0.cv2.conv,60,0.0,middle
model.6.m.0.cv2.conv,61,0.0,middle
model.6.m.0.cv2.conv,62,0.0,middle
model.6.m.0.cv2.conv,63,0.0,middle
model.6.m.0.cv2.conv,64,0.0,middle
model.6.m.0.cv2.conv,65,0.0,middle
model.6.m.0.cv2.conv,66,0.0,middle
model.6.m.0.cv2.conv,67,0.0,middle
model.6.m.0.cv2.conv,68,0.0,middle
model.6.m.0.cv2.conv,69,0.0,middle
model.6.m.0.cv2.conv,70,0.0,middle
model.6.m.0.cv2.conv,71,0.0,middle
model.6.m.0.cv2.conv,72,0.0,middle
model.6.m.0.cv2.conv,73,0.0,middle
model.6.m.0.cv2.conv,74,0.0,middle
model.6.m.0.cv2.conv,75,0.0,middle
model.6.m.0.cv2.conv,76,0.0,middle
model.6.m.0.cv2.conv,77,0.0,middle
model.6.m.0.cv2.conv,78,0.0,middle
model.6.m.0.cv2.conv,79,0.0,middle
model.6.m.0.cv2.conv,80,0.0,middle
model.6.m.0.cv2.conv,81,0.0,middle
model.6.m.0.cv2.conv,82,0.0,middle
model.6.m.0.cv2.conv,83,0.0,middle
model.6.m.0.cv2.conv,84,0.0,middle
model.6.m.0.cv2.conv,85,0.0,middle
model.6.m.0.cv2.conv,86,0.0,middle
model.6.m.0.cv2.conv,87,0.0,middle
model.6.m.0.cv2.conv,88,0.0,middle
model.6.m.0.cv2.conv,89,0.0,middle
model.6.m.0.cv2.conv,90,0.0,middle
model.6.m.0.cv2.conv,91,0.0,middle
model.6.m.0.cv2.conv,92,0.0,middle
model.6.m.0.cv2.conv,93,0.0,middle
model.6.m.0.cv2.conv,94,0.0,middle
model.6.m.0.cv2.conv,95,0.0,middle
model.6.m.0.cv2.conv,96,0.0,middle
model.6.m.0.cv2.conv,97,0.0,middle
model.6.m.0.cv2.conv,98,0.0,middle
model.6.m.0.cv2.conv,99,0.0,middle
model.6.m.0.cv2.conv,100,0.0,middle
model.6.m.0.cv2.conv,101,0.0,middle
model.6.m.0.cv2.conv,102,0.0,middle
model.6.m.0.cv2.conv,103,0.0,middle
model.6.m.0.cv2.conv,104,0.0,middle
model.6.m.0.cv2.conv,105,0.0,middle
model.6.m.0.cv2.conv,106,0.0,middle
model.6.m.0.cv2.conv,107,0.0,middle
model.6.m.0.cv2.conv,108,0.0,middle
model.6.m.0.cv2.conv,109,0.0,middle
model.6.m.0.cv2.conv,110,0.0,middle
model.6.m.0.cv2.conv,111,0.0,middle
model.6.m.0.cv2.conv,112,0.0,middle
model.6.m.0.cv2.conv,113,0.0,middle
model.6.m.0.cv2.conv,114,0.0,middle
model.6.m.0.cv2.conv,115,0.0,middle
model.6.m.0.cv2.conv,116,0.0,middle
model.6.m.0.cv2.conv,117,0.0,middle
model.6.m.0.cv2.conv,118,0.0,middle
model.6.m.0.cv2.conv,119,0.0,middle
model.6.m.0.cv2.conv,120,0.0,middle
model.6.m.0.cv2.conv,121,0.0,middle
model.6.m.0.cv2.conv,122,0.0,middle
model.6.m.0.cv2.conv,123,0.0,middle
model.6.m.0.cv2.conv,124,0.0,middle
model.6.m.0.cv2.conv,125,0.0,middle
model.6.m.0.cv2.conv,126,0.0,middle
model.6.m.0.cv2.conv,127,0.0,middle
model.6.m.1.cv1.conv,0,0.0,middle
model.6.m.1.cv1.conv,1,0.0,middle
model.6.m.1.cv1.conv,2,0.0,middle
model.6.m.1.cv1.conv,3,0.0,middle
model.6.m.1.cv1.conv,4,0.0,middle
model.6.m.1.cv1.conv,5,0.0,middle
model.6.m.1.cv1.conv,6,0.0,middle
model.6.m.1.cv1.conv,7,0.0,middle
model.6.m.1.cv1.conv,8,0.0,middle
model.6.m.1.cv1.conv,9,0.0,middle
model.6.m.1.cv1.conv,10,0.0,middle
model.6.m.1.cv1.conv,11,0.0,middle
model.6.m.1.cv1.conv,12,0.0,middle
model.6.m.1.cv1.conv,13,0.0,middle
model.6.m.1.cv1.conv,14,0.0,middle
model.6.m.1.cv1.conv,15,0.0,middle
model.6.m.1.cv1.conv,16,0.0,middle
model.6.m.1.cv1.conv,17,0.0,middle
model.6.m.1.cv1.conv,18,0.0,middle
model.6.m.1.cv1.conv,19,0.0,middle
model.6.m.1.cv1.conv,20,0.0,middle
model.6.m.1.cv1.conv,21,0.0,middle
model.6.m.1.cv1.conv,22,0.0,middle
model.6.m.1.cv1.conv,23,0.0,middle
model.6.m.1.cv1.conv,24,0.0,middle
model.6.m.1.cv1.conv,25,0.0,middle
model.6.m.1.cv1.conv,26,0.0,middle
model.6.m.1.cv1.conv,27,0.0,middle
model.6.m.1.cv1.conv,28,0.0,middle
model.6.m.1.cv1.conv,29,0.0,middle
model.6.m.1.cv1.conv,30,0.0,middle
model.6.m.1.cv1.conv,31,0.0,middle
model.6.m.1.cv1.conv,32,0.0,middle
model.6.m.1.cv1.conv,33,0.0,middle
model.6.m.1.cv1.conv,34,0.0,middle
model.6.m.1.cv1.conv,35,0.0,middle
model.6.m.1.cv1.conv,36,0.0,middle
model.6.m.1.cv1.conv,37,0.0,middle
model.6.m.1.cv1.conv,38,0.0,middle
model.6.m.1.cv1.conv,39,0.0,middle
model.6.m.1.cv1.conv,40,0.0,middle
model.6.m.1.cv1.conv,41,0.0,middle
model.6.m.1.cv1.conv,42,0.0,middle
model.6.m.1.cv1.conv,43,0.0,middle
model.6.m.1.cv1.conv,44,0.0,middle
model.6.m.1.cv1.conv,45,0.0,middle
model.6.m.1.cv1.conv,46,0.0,middle
model.6.m.1.cv1.conv,47,0.0,middle
model.6.m.1.cv1.conv,48,0.0,middle
model.6.m.1.cv1.conv,49,0.0,middle
model.6.m.1.cv1.conv,50,0.0,middle
model.6.m.1.cv1.conv,51,0.0,middle
model.6.m.1.cv1.conv,52,0.0,middle
model.6.m.1.cv1.conv,53,0.0,middle
model.6.m.1.cv1.conv,54,0.0,middle
model.6.m.1.cv1.conv,55,0.0,middle
model.6.m.1.cv1.conv,56,0.0,middle
model.6.m.1.cv1.conv,57,0.0,middle
model.6.m.1.cv1.conv,58,0.0,middle
model.6.m.1.cv1.conv,59,0.0,middle
model.6.m.1.cv1.conv,60,0.0,middle
model.6.m.1.cv1.conv,61,0.0,middle
model.6.m.1.cv1.conv,62,0.0,middle
model.6.m.1.cv1.conv,63,0.0,middle
model.6.m.1.cv1.conv,64,0.0,middle
model.6.m.1.cv1.conv,65,0.0,middle
model.6.m.1.cv1.conv,66,0.0,middle
model.6.m.1.cv1.conv,67,0.0,middle
model.6.m.1.cv1.conv,68,0.0,middle
model.6.m.1.cv1.conv,69,0.0,middle
model.6.m.1.cv1.conv,70,0.0,middle
model.6.m.1.cv1.conv,71,0.0,middle
model.6.m.1.cv1.conv,72,0.0,middle
model.6.m.1.cv1.conv,73,0.0,middle
model.6.m.1.cv1.conv,74,0.0,middle
model.6.m.1.cv1.conv,75,0.0,middle
model.6.m.1.cv1.conv,76,0.0,middle
model.6.m.1.cv1.conv,77,0.0,middle
model.6.m.1.cv1.conv,78,0.0,middle
model.6.m.1.cv1.conv,79,0.0,middle
model.6.m.1.cv1.conv,80,0.0,middle
model.6.m.1.cv1.conv,81,0.0,middle
model.6.m.1.cv1.conv,82,0.0,middle
model.6.m.1.cv1.conv,83,0.0,middle
model.6.m.1.cv1.conv,84,0.0,middle
model.6.m.1.cv1.conv,85,0.0,middle
model.6.m.1.cv1.conv,86,0.0,middle
model.6.m.1.cv1.conv,87,0.0,middle
model.6.m.1.cv1.conv,88,0.0,middle
model.6.m.1.cv1.conv,89,0.0,middle
model.6.m.1.cv1.conv,90,0.0,middle
model.6.m.1.cv1.conv,91,0.0,middle
model.6.m.1.cv1.conv,92,0.0,middle
model.6.m.1.cv1.conv,93,0.0,middle
model.6.m.1.cv1.conv,94,0.0,middle
model.6.m.1.cv1.conv,95,0.0,middle
model.6.m.1.cv1.conv,96,0.0,middle
model.6.m.1.cv1.conv,97,0.0,middle
model.6.m.1.cv1.conv,98,0.0,middle
model.6.m.1.cv1.conv,99,0.0,middle
model.6.m.1.cv1.conv,100,0.0,middle
model.6.m.1.cv1.conv,101,0.0,middle
model.6.m.1.cv1.conv,102,0.0,middle
model.6.m.1.cv1.conv,103,0.0,middle
model.6.m.1.cv1.conv,104,0.0,middle
model.6.m.1.cv1.conv,105,0.0,middle
model.6.m.1.cv1.conv,106,0.0,middle
model.6.m.1.cv1.conv,107,0.0,middle
model.6.m.1.cv1.conv,108,0.0,middle
model.6.m.1.cv1.conv,109,0.0,middle
model.6.m.1.cv1.conv,110,0.0,middle
model.6.m.1.cv1.conv,111,0.0,middle
model.6.m.1.cv1.conv,112,0.0,middle
model.6.m.1.cv1.conv,113,0.0,middle
model.6.m.1.cv1.conv,114,0.0,middle
model.6.m.1.cv1.conv,115,0.0,middle
model.6.m.1.cv1.conv,116,0.0,middle
model.6.m.1.cv1.conv,117,0.0,middle
model.6.m.1.cv1.conv,118,0.0,middle
model.6.m.1.cv1.conv,119,0.0,middle
model.6.m.1.cv1.conv,120,0.0,middle
model.6.m.1.cv1.conv,121,0.0,middle
model.6.m.1.cv1.conv,122,0.0,middle
model.6.m.1.cv1.conv,123,0.0,middle
model.6.m.1.cv1.conv,124,0.0,middle
model.6.m.1.cv1.conv,125,0.0,middle
model.6.m.1.cv1.conv,126,0.0,middle
model.6.m.1.cv1.conv,127,0.0,middle
model.6.m.1.cv2.conv,0,0.0,middle
model.6.m.1.cv2.conv,1,0.0,middle
model.6.m.1.cv2.conv,2,0.0,middle
model.6.m.1.cv2.conv,3,0.0,middle
model.6.m.1.cv2.conv,4,0.0,middle
model.6.m.1.cv2.conv,5,0.0,middle
model.6.m.1.cv2.conv,6,0.0,middle
model.6.m.1.cv2.conv,7,0.0,middle
model.6.m.1.cv2.conv,8,0.0,middle
model.6.m.1.cv2.conv,9,0.0,middle
model.6.m.1.cv2.conv,10,0.0,middle
model.6.m.1.cv2.conv,11,0.0,middle
model.6.m.1.cv2.conv,12,0.0,middle
model.6.m.1.cv2.conv,13,0.0,middle
model.6.m.1.cv2.conv,14,0.0,middle
model.6.m.1.cv2.conv,15,0.0,middle
model.6.m.1.cv2.conv,16,0.0,middle
model.6.m.1.cv2.conv,17,0.0,middle
model.6.m.1.cv2.conv,18,0.0,middle
model.6.m.1.cv2.conv,19,0.0,middle
model.6.m.1.cv2.conv,20,0.0,middle
model.6.m.1.cv2.conv,21,0.0,middle
model.6.m.1.cv2.conv,22,0.0,middle
model.6.m.1.cv2.conv,23,0.0,middle
model.6.m.1.cv2.conv,24,0.0,middle
model.6.m.1.cv2.conv,25,0.0,middle
model.6.m.1.cv2.conv,26,0.0,middle
model.6.m.1.cv2.conv,27,0.0,middle
model.6.m.1.cv2.conv,28,0.0,middle
model.6.m.1.cv2.conv,29,0.0,middle
model.6.m.1.cv2.conv,30,0.0,middle
model.6.m.1.cv2.conv,31,0.0,middle
model.6.m.1.cv2.conv,32,0.0,middle
model.6.m.1.cv2.conv,33,0.0,middle
model.6.m.1.cv2.conv,34,0.0,middle
model.6.m.1.cv2.conv,35,0.0,middle
model.6.m.1.cv2.conv,36,0.0,middle
model.6.m.1.cv2.conv,37,0.0,middle
model.6.m.1.cv2.conv,38,0.0,middle
model.6.m.1.cv2.conv,39,0.0,middle
model.6.m.1.cv2.conv,40,0.0,middle
model.6.m.1.cv2.conv,41,0.0,middle
model.6.m.1.cv2.conv,42,0.0,middle
model.6.m.1.cv2.conv,43,0.0,middle
model.6.m.1.cv2.conv,44,0.0,middle
model.6.m.1.cv2.conv,45,0.0,middle
model.6.m.1.cv2.conv,46,0.0,middle
model.6.m.1.cv2.conv,47,0.0,middle
model.6.m.1.cv2.conv,48,0.0,middle
model.6.m.1.cv2.conv,49,0.0,middle
model.6.m.1.cv2.conv,50,0.0,middle
model.6.m.1.cv2.conv,51,0.0,middle
model.6.m.1.cv2.conv,52,0.0,middle
model.6.m.1.cv2.conv,53,0.0,middle
model.6.m.1.cv2.conv,54,0.0,middle
model.6.m.1.cv2.conv,55,0.0,middle
model.6.m.1.cv2.conv,56,0.0,middle
model.6.m.1.cv2.conv,57,0.0,middle
model.6.m.1.cv2.conv,58,0.0,middle
model.6.m.1.cv2.conv,59,0.0,middle
model.6.m.1.cv2.conv,60,0.0,middle
model.6.m.1.cv2.conv,61,0.0,middle
model.6.m.1.cv2.conv,62,0.0,middle
model.6.m.1.cv2.conv,63,0.0,middle
model.6.m.1.cv2.conv,64,0.0,middle
model.6.m.1.cv2.conv,65,0.0,middle
model.6.m.1.cv2.conv,66,0.0,middle
model.6.m.1.cv2.conv,67,0.0,middle
model.6.m.1.cv2.conv,68,0.0,middle
model.6.m.1.cv2.conv,69,0.0,middle
model.6.m.1.cv2.conv,70,0.0,middle
model.6.m.1.cv2.conv,71,0.0,middle
model.6.m.1.cv2.conv,72,0.0,middle
model.6.m.1.cv2.conv,73,0.0,middle
model.6.m.1.cv2.conv,74,0.0,middle
model.6.m.1.cv2.conv,75,0.0,middle
model.6.m.1.cv2.conv,76,0.0,middle
model.6.m.1.cv2.conv,77,0.0,middle
model.6.m.1.cv2.conv,78,0.0,middle
model.6.m.1.cv2.conv,79,0.0,middle
model.6.m.1.cv2.conv,80,0.0,middle
model.6.m.1.cv2.conv,81,0.0,middle
model.6.m.1.cv2.conv,82,0.0,middle
model.6.m.1.cv2.conv,83,0.0,middle
model.6.m.1.cv2.conv,84,0.0,middle
model.6.m.1.cv2.conv,85,0.0,middle
model.6.m.1.cv2.conv,86,0.0,middle
model.6.m.1.cv2.conv,87,0.0,middle
model.6.m.1.cv2.conv,88,0.0,middle
model.6.m.1.cv2.conv,89,0.0,middle
model.6.m.1.cv2.conv,90,0.0,middle
model.6.m.1.cv2.conv,91,0.0,middle
model.6.m.1.cv2.conv,92,0.0,middle
model.6.m.1.cv2.conv,93,0.0,middle
model.6.m.1.cv2.conv,94,0.0,middle
model.6.m.1.cv2.conv,95,0.0,middle
model.6.m.1.cv2.conv,96,0.0,middle
model.6.m.1.cv2.conv,97,0.0,middle
model.6.m.1.cv2.conv,98,0.0,middle
model.6.m.1.cv2.conv,99,0.0,middle
model.6.m.1.cv2.conv,100,0.0,middle
model.6.m.1.cv2.conv,101,0.0,middle
model.6.m.1.cv2.conv,102,0.0,middle
model.6.m.1.cv2.conv,103,0.0,middle
model.6.m.1.cv2.conv,104,0.0,middle
model.6.m.1.cv2.conv,105,0.0,middle
model.6.m.1.cv2.conv,106,0.0,middle
model.6.m.1.cv2.conv,107,0.0,middle
model.6.m.1.cv2.conv,108,0.0,middle
model.6.m.1.cv2.conv,109,0.0,middle
model.6.m.1.cv2.conv,110,0.0,middle
model.6.m.1.cv2.conv,111,0.0,middle
model.6.m.1.cv2.conv,112,0.0,middle
model.6.m.1.cv2.conv,113,0.0,middle
model.6.m.1.cv2.conv,114,0.0,middle
model.6.m.1.cv2.conv,115,0.0,middle
model.6.m.1.cv2.conv,116,0.0,middle
model.6.m.1.cv2.conv,117,0.0,middle
model.6.m.1.cv2.conv,118,0.0,middle
model.6.m.1.cv2.conv,119,0.0,middle
model.6.m.1.cv2.conv,120,0.0,middle
model.6.m.1.cv2.conv,121,0.0,middle
model.6.m.1.cv2.conv,122,0.0,middle
model.6.m.1.cv2.conv,123,0.0,middle
model.6.m.1.cv2.conv,124,0.0,middle
model.6.m.1.cv2.conv,125,0.0,middle
model.6.m.1.cv2.conv,126,0.0,middle
model.6.m.1.cv2.conv,127,0.0,middle
model.6.m.2.cv1.conv,0,0.0,middle
model.6.m.2.cv1.conv,1,0.0,middle
model.6.m.2.cv1.conv,2,0.0,middle
model.6.m.2.cv1.conv,3,0.0,middle
model.6.m.2.cv1.conv,4,0.0,middle
model.6.m.2.cv1.conv,5,0.0,middle
model.6.m.2.cv1.conv,6,0.0,middle
model.6.m.2.cv1.conv,7,0.0,middle
model.6.m.2.cv1.conv,8,0.0,middle
model.6.m.2.cv1.conv,9,0.0,middle
model.6.m.2.cv1.conv,10,0.0,middle
model.6.m.2.cv1.conv,11,0.0,middle
model.6.m.2.cv1.conv,12,0.0,middle
model.6.m.2.cv1.conv,13,0.0,middle
model.6.m.2.cv1.conv,14,0.0,middle
model.6.m.2.cv1.conv,15,0.0,middle
model.6.m.2.cv1.conv,16,0.0,middle
model.6.m.2.cv1.conv,17,0.0,middle
model.6.m.2.cv1.conv,18,0.0,middle
model.6.m.2.cv1.conv,19,0.0,middle
model.6.m.2.cv1.conv,20,0.0,middle
model.6.m.2.cv1.conv,21,0.0,middle
model.6.m.2.cv1.conv,22,0.0,middle
model.6.m.2.cv1.conv,23,0.0,middle
model.6.m.2.cv1.conv,24,0.0,middle
model.6.m.2.cv1.conv,25,0.0,middle
model.6.m.2.cv1.conv,26,0.0,middle
model.6.m.2.cv1.conv,27,0.0,middle
model.6.m.2.cv1.conv,28,0.0,middle
model.6.m.2.cv1.conv,29,0.0,middle
model.6.m.2.cv1.conv,30,0.0,middle
model.6.m.2.cv1.conv,31,0.0,middle
model.6.m.2.cv1.conv,32,0.0,middle
model.6.m.2.cv1.conv,33,0.0,middle
model.6.m.2.cv1.conv,34,0.0,middle
model.6.m.2.cv1.conv,35,0.0,middle
model.6.m.2.cv1.conv,36,0.0,middle
model.6.m.2.cv1.conv,37,0.0,middle
model.6.m.2.cv1.conv,38,0.0,middle
model.6.m.2.cv1.conv,39,0.0,middle
model.6.m.2.cv1.conv,40,0.0,middle
model.6.m.2.cv1.conv,41,0.0,middle
model.6.m.2.cv1.conv,42,0.0,middle
model.6.m.2.cv1.conv,43,0.0,middle
model.6.m.2.cv1.conv,44,0.0,middle
model.6.m.2.cv1.conv,45,0.0,middle
model.6.m.2.cv1.conv,46,0.0,middle
model.6.m.2.cv1.conv,47,0.0,middle
model.6.m.2.cv1.conv,48,0.0,middle
model.6.m.2.cv1.conv,49,0.0,middle
model.6.m.2.cv1.conv,50,0.0,middle
model.6.m.2.cv1.conv,51,0.0,middle
model.6.m.2.cv1.conv,52,0.0,middle
model.6.m.2.cv1.conv,53,0.0,middle
model.6.m.2.cv1.conv,54,0.0,middle
model.6.m.2.cv1.conv,55,0.0,middle
model.6.m.2.cv1.conv,56,0.0,middle
model.6.m.2.cv1.conv,57,0.0,middle
model.6.m.2.cv1.conv,58,0.0,middle
model.6.m.2.cv1.conv,59,0.0,middle
model.6.m.2.cv1.conv,60,0.0,middle
model.6.m.2.cv1.conv,61,0.0,middle
model.6.m.2.cv1.conv,62,0.0,middle
model.6.m.2.cv1.conv,63,0.0,middle
model.6.m.2.cv1.conv,64,0.0,middle
model.6.m.2.cv1.conv,65,0.0,middle
model.6.m.2.cv1.conv,66,0.0,middle
model.6.m.2.cv1.conv,67,0.0,middle
model.6.m.2.cv1.conv,68,0.0,middle
model.6.m.2.cv1.conv,69,0.0,middle
model.6.m.2.cv1.conv,70,0.0,middle
model.6.m.2.cv1.conv,71,0.0,middle
model.6.m.2.cv1.conv,72,0.0,middle
model.6.m.2.cv1.conv,73,0.0,middle
model.6.m.2.cv1.conv,74,0.0,middle
model.6.m.2.cv1.conv,75,0.0,middle
model.6.m.2.cv1.conv,76,0.0,middle
model.6.m.2.cv1.conv,77,0.0,middle
model.6.m.2.cv1.conv,78,0.0,middle
model.6.m.2.cv1.conv,79,0.0,middle
model.6.m.2.cv1.conv,80,0.0,middle
model.6.m.2.cv1.conv,81,0.0,middle
model.6.m.2.cv1.conv,82,0.0,middle
model.6.m.2.cv1.conv,83,0.0,middle
model.6.m.2.cv1.conv,84,0.0,middle
model.6.m.2.cv1.conv,85,0.0,middle
model.6.m.2.cv1.conv,86,0.0,middle
model.6.m.2.cv1.conv,87,0.0,middle
model.6.m.2.cv1.conv,88,0.0,middle
model.6.m.2.cv1.conv,89,0.0,middle
model.6.m.2.cv1.conv,90,0.0,middle
model.6.m.2.cv1.conv,91,0.0,middle
model.6.m.2.cv1.conv,92,0.0,middle
model.6.m.2.cv1.conv,93,0.0,middle
model.6.m.2.cv1.conv,94,0.0,middle
model.6.m.2.cv1.conv,95,0.0,middle
model.6.m.2.cv1.conv,96,0.0,middle
model.6.m.2.cv1.conv,97,0.0,middle
model.6.m.2.cv1.conv,98,0.0,middle
model.6.m.2.cv1.conv,99,0.0,middle
model.6.m.2.cv1.conv,100,0.0,middle
model.6.m.2.cv1.conv,101,0.0,middle
model.6.m.2.cv1.conv,102,0.0,middle
model.6.m.2.cv1.conv,103,0.0,middle
model.6.m.2.cv1.conv,104,0.0,middle
model.6.m.2.cv1.conv,105,0.0,middle
model.6.m.2.cv1.conv,106,0.0,middle
model.6.m.2.cv1.conv,107,0.0,middle
model.6.m.2.cv1.conv,108,0.0,middle
model.6.m.2.cv1.conv,109,0.0,middle
model.6.m.2.cv1.conv,110,0.0,middle
model.6.m.2.cv1.conv,111,0.0,middle
model.6.m.2.cv1.conv,112,0.0,middle
model.6.m.2.cv1.conv,113,0.0,middle
model.6.m.2.cv1.conv,114,0.0,middle
model.6.m.2.cv1.conv,115,0.0,middle
model.6.m.2.cv1.conv,116,0.0,middle
model.6.m.2.cv1.conv,117,0.0,middle
model.6.m.2.cv1.conv,118,0.0,middle
model.6.m.2.cv1.conv,119,0.0,middle
model.6.m.2.cv1.conv,120,0.0,middle
model.6.m.2.cv1.conv,121,0.0,middle
model.6.m.2.cv1.conv,122,0.0,middle
model.6.m.2.cv1.conv,123,0.0,middle
model.6.m.2.cv1.conv,124,0.0,middle
model.6.m.2.cv1.conv,125,0.0,middle
model.6.m.2.cv1.conv,126,0.0,middle
model.6.m.2.cv1.conv,127,0.0,middle
model.6.m.2.cv2.conv,0,0.0,middle
model.6.m.2.cv2.conv,1,0.0,middle
model.6.m.2.cv2.conv,2,0.0,middle
model.6.m.2.cv2.conv,3,0.0,middle
model.6.m.2.cv2.conv,4,0.0,middle
model.6.m.2.cv2.conv,5,0.0,middle
model.6.m.2.cv2.conv,6,0.0,middle
model.6.m.2.cv2.conv,7,0.0,middle
model.6.m.2.cv2.conv,8,0.0,middle
model.6.m.2.cv2.conv,9,0.0,middle
model.6.m.2.cv2.conv,10,0.0,middle
model.6.m.2.cv2.conv,11,0.0,middle
model.6.m.2.cv2.conv,12,0.0,middle
model.6.m.2.cv2.conv,13,0.0,middle
model.6.m.2.cv2.conv,14,0.0,middle
model.6.m.2.cv2.conv,15,0.0,middle
model.6.m.2.cv2.conv,16,0.0,middle
model.6.m.2.cv2.conv,17,0.0,middle
model.6.m.2.cv2.conv,18,0.0,middle
model.6.m.2.cv2.conv,19,0.0,middle
model.6.m.2.cv2.conv,20,0.0,middle
model.6.m.2.cv2.conv,21,0.0,middle
model.6.m.2.cv2.conv,22,0.0,middle
model.6.m.2.cv2.conv,23,0.0,middle
model.6.m.2.cv2.conv,24,0.0,middle
model.6.m.2.cv2.conv,25,0.0,middle
model.6.m.2.cv2.conv,26,0.0,middle
model.6.m.2.cv2.conv,27,0.0,middle
model.6.m.2.cv2.conv,28,0.0,middle
model.6.m.2.cv2.conv,29,0.0,middle
model.6.m.2.cv2.conv,30,0.0,middle
model.6.m.2.cv2.conv,31,0.0,middle
model.6.m.2.cv2.conv,32,0.0,middle
model.6.m.2.cv2.conv,33,0.0,middle
model.6.m.2.cv2.conv,34,0.0,middle
model.6.m.2.cv2.conv,35,0.0,middle
model.6.m.2.cv2.conv,36,0.0,middle
model.6.m.2.cv2.conv,37,0.0,middle
model.6.m.2.cv2.conv,38,0.0,middle
model.6.m.2.cv2.conv,39,0.0,middle
model.6.m.2.cv2.conv,40,0.0,middle
model.6.m.2.cv2.conv,41,0.0,middle
model.6.m.2.cv2.conv,42,0.0,middle
model.6.m.2.cv2.conv,43,0.0,middle
model.6.m.2.cv2.conv,44,0.0,middle
model.6.m.2.cv2.conv,45,0.0,middle
model.6.m.2.cv2.conv,46,0.0,middle
model.6.m.2.cv2.conv,47,0.0,middle
model.6.m.2.cv2.conv,48,0.0,middle
model.6.m.2.cv2.conv,49,0.0,middle
model.6.m.2.cv2.conv,50,0.0,middle
model.6.m.2.cv2.conv,51,0.0,middle
model.6.m.2.cv2.conv,52,0.0,middle
model.6.m.2.cv2.conv,53,0.0,middle
model.6.m.2.cv2.conv,54,0.0,middle
model.6.m.2.cv2.conv,55,0.0,middle
model.6.m.2.cv2.conv,56,0.0,middle
model.6.m.2.cv2.conv,57,0.0,middle
model.6.m.2.cv2.conv,58,0.0,middle
model.6.m.2.cv2.conv,59,0.0,middle
model.6.m.2.cv2.conv,60,0.0,middle
model.6.m.2.cv2.conv,61,0.0,middle
model.6.m.2.cv2.conv,62,0.0,middle
model.6.m.2.cv2.conv,63,0.0,middle
model.6.m.2.cv2.conv,64,0.0,middle
model.6.m.2.cv2.conv,65,0.0,middle
model.6.m.2.cv2.conv,66,0.0,middle
model.6.m.2.cv2.conv,67,0.0,middle
model.6.m.2.cv2.conv,68,0.0,middle
model.6.m.2.cv2.conv,69,0.0,middle
model.6.m.2.cv2.conv,70,0.0,middle
model.6.m.2.cv2.conv,71,0.0,middle
model.6.m.2.cv2.conv,72,0.0,middle
model.6.m.2.cv2.conv,73,0.0,middle
model.6.m.2.cv2.conv,74,0.0,middle
model.6.m.2.cv2.conv,75,0.0,middle
model.6.m.2.cv2.conv,76,0.0,middle
model.6.m.2.cv2.conv,77,0.0,middle
model.6.m.2.cv2.conv,78,0.0,middle
model.6.m.2.cv2.conv,79,0.0,middle
model.6.m.2.cv2.conv,80,0.0,middle
model.6.m.2.cv2.conv,81,0.0,middle
model.6.m.2.cv2.conv,82,0.0,middle
model.6.m.2.cv2.conv,83,0.0,middle
model.6.m.2.cv2.conv,84,0.0,middle
model.6.m.2.cv2.conv,85,0.0,middle
model.6.m.2.cv2.conv,86,0.0,middle
model.6.m.2.cv2.conv,87,0.0,middle
model.6.m.2.cv2.conv,88,0.0,middle
model.6.m.2.cv2.conv,89,0.0,middle
model.6.m.2.cv2.conv,90,0.0,middle
model.6.m.2.cv2.conv,91,0.0,middle
model.6.m.2.cv2.conv,92,0.0,middle
model.6.m.2.cv2.conv,93,0.0,middle
model.6.m.2.cv2.conv,94,0.0,middle
model.6.m.2.cv2.conv,95,0.0,middle
model.6.m.2.cv2.conv,96,0.0,middle
model.6.m.2.cv2.conv,97,0.0,middle
model.6.m.2.cv2.conv,98,0.0,middle
model.6.m.2.cv2.conv,99,0.0,middle
model.6.m.2.cv2.conv,100,0.0,middle
model.6.m.2.cv2.conv,101,0.0,middle
model.6.m.2.cv2.conv,102,0.0,middle
model.6.m.2.cv2.conv,103,0.0,middle
model.6.m.2.cv2.conv,104,0.0,middle
model.6.m.2.cv2.conv,105,0.0,middle
model.6.m.2.cv2.conv,106,0.0,middle
model.6.m.2.cv2.conv,107,0.0,middle
model.6.m.2.cv2.conv,108,0.0,middle
model.6.m.2.cv2.conv,109,0.0,middle
model.6.m.2.cv2.conv,110,0.0,middle
model.6.m.2.cv2.conv,111,0.0,middle
model.6.m.2.cv2.conv,112,0.0,middle
model.6.m.2.cv2.conv,113,0.0,middle
model.6.m.2.cv2.conv,114,0.0,middle
model.6.m.2.cv2.conv,115,0.0,middle
model.6.m.2.cv2.conv,116,0.0,middle
model.6.m.2.cv2.conv,117,0.0,middle
model.6.m.2.cv2.conv,118,0.0,middle
model.6.m.2.cv2.conv,119,0.0,middle
model.6.m.2.cv2.conv,120,0.0,middle
model.6.m.2.cv2.conv,121,0.0,middle
model.6.m.2.cv2.conv,122,0.0,middle
model.6.m.2.cv2.conv,123,0.0,middle
model.6.m.2.cv2.conv,124,0.0,middle
model.6.m.2.cv2.conv,125,0.0,middle
model.6.m.2.cv2.conv,126,0.0,middle
model.6.m.2.cv2.conv,127,0.0,middle
model.7.conv,0,0.0,middle
model.7.conv,1,0.0,middle
model.7.conv,2,0.0,middle
model.7.conv,3,0.0,middle
model.7.conv,4,0.0,middle
model.7.conv,5,0.0,middle
model.7.conv,6,0.0,middle
model.7.conv,7,0.0,middle
model.7.conv,8,0.0,middle
model.7.conv,9,0.0,middle
model.7.conv,10,0.0,middle
model.7.conv,11,0.0,middle
model.7.conv,12,0.0,middle
model.7.conv,13,0.0,middle
model.7.conv,14,0.0,middle
model.7.conv,15,0.0,middle
model.7.conv,16,0.0,middle
model.7.conv,17,0.0,middle
model.7.conv,18,0.0,middle
model.7.conv,19,0.0,middle
model.7.conv,20,0.0,middle
model.7.conv,21,0.0,middle
model.7.conv,22,0.0,middle
model.7.conv,23,0.0,middle
model.7.conv,24,0.0,middle
model.7.conv,25,0.0,middle
model.7.conv,26,0.0,middle
model.7.conv,27,0.0,middle
model.7.conv,28,0.0,middle
model.7.conv,29,0.0,middle
model.7.conv,30,0.0,middle
model.7.conv,31,0.0,middle
model.7.conv,32,0.0,middle
model.7.conv,33,0.0,middle
model.7.conv,34,0.0,middle
model.7.conv,35,0.0,middle
model.7.conv,36,0.0,middle
model.7.conv,37,0.0,middle
model.7.conv,38,0.0,middle
model.7.conv,39,0.0,middle
model.7.conv,40,0.0,middle
model.7.conv,41,0.0,middle
model.7.conv,42,0.0,middle
model.7.conv,43,0.0,middle
model.7.conv,44,0.0,middle
model.7.conv,45,0.0,middle
model.7.conv,46,0.0,middle
model.7.conv,47,0.0,middle
model.7.conv,48,0.0,middle
model.7.conv,49,0.0,middle
model.7.conv,50,0.0,middle
model.7.conv,51,0.0,middle
model.7.conv,52,0.0,middle
model.7.conv,53,0.0,middle
model.7.conv,54,0.0,middle
model.7.conv,55,0.0,middle
model.7.conv,56,0.0,middle
model.7.conv,57,0.0,middle
model.7.conv,58,0.0,middle
model.7.conv,59,0.0,middle
model.7.conv,60,0.0,middle
model.7.conv,61,0.0,middle
model.7.conv,62,0.0,middle
model.7.conv,63,0.0,middle
model.7.conv,64,0.0,middle
model.7.conv,65,0.0,middle
model.7.conv,66,0.0,middle
model.7.conv,67,0.0,middle
model.7.conv,68,0.0,middle
model.7.conv,69,0.0,middle
model.7.conv,70,0.0,middle
model.7.conv,71,0.0,middle
model.7.conv,72,0.0,middle
model.7.conv,73,0.0,middle
model.7.conv,74,0.0,middle
model.7.conv,75,0.0,middle
model.7.conv,76,0.0,middle
model.7.conv,77,0.0,middle
model.7.conv,78,0.0,middle
model.7.conv,79,0.0,middle
model.7.conv,80,0.0,middle
model.7.conv,81,0.0,middle
model.7.conv,82,0.0,middle
model.7.conv,83,0.0,middle
model.7.conv,84,0.0,middle
model.7.conv,85,0.0,middle
model.7.conv,86,0.0,middle
model.7.conv,87,0.0,middle
model.7.conv,88,0.0,middle
model.7.conv,89,0.0,middle
model.7.conv,90,0.0,middle
model.7.conv,91,0.0,middle
model.7.conv,92,0.0,middle
model.7.conv,93,0.0,middle
model.7.conv,94,0.0,middle
model.7.conv,95,0.0,middle
model.7.conv,96,0.0,middle
model.7.conv,97,0.0,middle
model.7.conv,98,0.0,middle
model.7.conv,99,0.0,middle
model.7.conv,100,0.0,middle
model.7.conv,101,0.0,middle
model.7.conv,102,0.0,middle
model.7.conv,103,0.0,middle
model.7.conv,104,0.0,middle
model.7.conv,105,0.0,middle
model.7.conv,106,0.0,middle
model.7.conv,107,0.0,middle
model.7.conv,108,0.0,middle
model.7.conv,109,0.0,middle
model.7.conv,110,0.0,middle
model.7.conv,111,0.0,middle
model.7.conv,112,0.0,middle
model.7.conv,113,0.0,middle
model.7.conv,114,0.0,middle
model.7.conv,115,0.0,middle
model.7.conv,116,0.0,middle
model.7.conv,117,0.0,middle
model.7.conv,118,0.0,middle
model.7.conv,119,0.0,middle
model.7.conv,120,0.0,middle
model.7.conv,121,0.0,middle
model.7.conv,122,0.0,middle
model.7.conv,123,0.0,middle
model.7.conv,124,0.0,middle
model.7.conv,125,0.0,middle
model.7.conv,126,0.0,middle
model.7.conv,127,0.0,middle
model.7.conv,128,0.0,middle
model.7.conv,129,0.0,middle
model.7.conv,130,0.0,middle
model.7.conv,131,0.0,middle
model.7.conv,132,0.0,middle
model.7.conv,133,0.0,middle
model.7.conv,134,0.0,middle
model.7.conv,135,0.0,middle
model.7.conv,136,0.0,middle
model.7.conv,137,0.0,middle
model.7.conv,138,0.0,middle
model.7.conv,139,0.0,middle
model.7.conv,140,0.0,middle
model.7.conv,141,0.0,middle
model.7.conv,142,0.0,middle
model.7.conv,143,0.0,middle
model.7.conv,144,0.0,middle
model.7.conv,145,0.0,middle
model.7.conv,146,0.0,middle
model.7.conv,147,0.0,middle
model.7.conv,148,0.0,middle
model.7.conv,149,0.0,middle
model.7.conv,150,0.0,middle
model.7.conv,151,0.0,middle
model.7.conv,152,0.0,middle
model.7.conv,153,0.0,middle
model.7.conv,154,0.0,middle
model.7.conv,155,0.0,middle
model.7.conv,156,0.0,middle
model.7.conv,157,0.0,middle
model.7.conv,158,0.0,middle
model.7.conv,159,0.0,middle
model.7.conv,160,0.0,middle
model.7.conv,161,0.0,middle
model.7.conv,162,0.0,middle
model.7.conv,163,0.0,middle
model.7.conv,164,0.0,middle
model.7.conv,165,0.0,middle
model.7.conv,166,0.0,middle
model.7.conv,167,0.0,middle
model.7.conv,168,0.0,middle
model.7.conv,169,0.0,middle
model.7.conv,170,0.0,middle
model.7.conv,171,0.0,middle
model.7.conv,172,0.0,middle
model.7.conv,173,0.0,middle
model.7.conv,174,0.0,middle
model.7.conv,175,0.0,middle
model.7.conv,176,0.0,middle
model.7.conv,177,0.0,middle
model.7.conv,178,0.0,middle
model.7.conv,179,0.0,middle
model.7.conv,180,0.0,middle
model.7.conv,181,0.0,middle
model.7.conv,182,0.0,middle
model.7.conv,183,0.0,middle
model.7.conv,184,0.0,middle
model.7.conv,185,0.0,middle
model.7.conv,186,0.0,middle
model.7.conv,187,0.0,middle
model.7.conv,188,0.0,middle
model.7.conv,189,0.0,middle
model.7.conv,190,0.0,middle
model.7.conv,191,0.0,middle
model.7.conv,192,0.0,middle
model.7.conv,193,0.0,middle
model.7.conv,194,0.0,middle
model.7.conv,195,0.0,middle
model.7.conv,196,0.0,middle
model.7.conv,197,0.0,middle
model.7.conv,198,0.0,middle
model.7.conv,199,0.0,middle
model.7.conv,200,0.0,middle
model.7.conv,201,0.0,middle
model.7.conv,202,0.0,middle
model.7.conv,203,0.0,middle
model.7.conv,204,0.0,middle
model.7.conv,205,0.0,middle
model.7.conv,206,0.0,middle
model.7.conv,207,0.0,middle
model.7.conv,208,0.0,middle
model.7.conv,209,0.0,middle
model.7.conv,210,0.0,middle
model.7.conv,211,0.0,middle
model.7.conv,212,0.0,middle
model.7.conv,213,0.0,middle
model.7.conv,214,0.0,middle
model.7.conv,215,0.0,middle
model.7.conv,216,0.0,middle
model.7.conv,217,0.0,middle
model.7.conv,218,0.0,middle
model.7.conv,219,0.0,middle
model.7.conv,220,0.0,middle
model.7.conv,221,0.0,middle
model.7.conv,222,0.0,middle
model.7.conv,223,0.0,middle
model.7.conv,224,0.0,middle
model.7.conv,225,0.0,middle
model.7.conv,226,0.0,middle
model.7.conv,227,0.0,middle
model.7.conv,228,0.0,middle
model.7.conv,229,0.0,middle
model.7.conv,230,0.0,middle
model.7.conv,231,0.0,middle
model.7.conv,232,0.0,middle
model.7.conv,233,0.0,middle
model.7.conv,234,0.0,middle
model.7.conv,235,0.0,middle
model.7.conv,236,0.0,middle
model.7.conv,237,0.0,middle
model.7.conv,238,0.0,middle
model.7.conv,239,0.0,middle
model.7.conv,240,0.0,middle
model.7.conv,241,0.0,middle
model.7.conv,242,0.0,middle
model.7.conv,243,0.0,middle
model.7.conv,244,0.0,middle
model.7.conv,245,0.0,middle
model.7.conv,246,0.0,middle
model.7.conv,247,0.0,middle
model.7.conv,248,0.0,middle
model.7.conv,249,0.0,middle
model.7.conv,250,0.0,middle
model.7.conv,251,0.0,middle
model.7.conv,252,0.0,middle
model.7.conv,253,0.0,middle
model.7.conv,254,0.0,middle
model.7.conv,255,0.0,middle
model.7.conv,256,0.0,middle
model.7.conv,257,0.0,middle
model.7.conv,258,0.0,middle
model.7.conv,259,0.0,middle
model.7.conv,260,0.0,middle
model.7.conv,261,0.0,middle
model.7.conv,262,0.0,middle
model.7.conv,263,0.0,middle
model.7.conv,264,0.0,middle
model.7.conv,265,0.0,middle
model.7.conv,266,0.0,middle
model.7.conv,267,0.0,middle
model.7.conv,268,0.0,middle
model.7.conv,269,0.0,middle
model.7.conv,270,0.0,middle
model.7.conv,271,0.0,middle
model.7.conv,272,0.0,middle
model.7.conv,273,0.0,middle
model.7.conv,274,0.0,middle
model.7.conv,275,0.0,middle
model.7.conv,276,0.0,middle
model.7.conv,277,0.0,middle
model.7.conv,278,0.0,middle
model.7.conv,279,0.0,middle
model.7.conv,280,0.0,middle
model.7.conv,281,0.0,middle
model.7.conv,282,0.0,middle
model.7.conv,283,0.0,middle
model.7.conv,284,0.0,middle
model.7.conv,285,0.0,middle
model.7.conv,286,0.0,middle
model.7.conv,287,0.0,middle
model.7.conv,288,0.0,middle
model.7.conv,289,0.0,middle
model.7.conv,290,0.0,middle
model.7.conv,291,0.0,middle
model.7.conv,292,0.0,middle
model.7.conv,293,0.0,middle
model.7.conv,294,0.0,middle
model.7.conv,295,0.0,middle
model.7.conv,296,0.0,middle
model.7.conv,297,0.0,middle
model.7.conv,298,0.0,middle
model.7.conv,299,0.0,middle
model.7.conv,300,21.0,middle
model.7.conv,301,0.0,middle
model.7.conv,302,0.0,middle
model.7.conv,303,0.0,middle
model.7.conv,304,0.0,middle
model.7.conv,305,0.0,middle
model.7.conv,306,0.0,middle
model.7.conv,307,0.0,middle
model.7.conv,308,0.0,middle
model.7.conv,309,0.0,middle
model.7.conv,310,0.0,middle
model.7.conv,311,0.0,middle
model.7.conv,312,0.0,middle
model.7.conv,313,0.0,middle
model.7.conv,314,0.0,middle
model.7.conv,315,0.0,middle
model.7.conv,316,0.0,middle
model.7.conv,317,0.0,middle
model.7.conv,318,0.0,middle
model.7.conv,319,0.0,middle
model.7.conv,320,0.0,middle
model.7.conv,321,0.0,middle
model.7.conv,322,0.0,middle
model.7.conv,323,0.0,middle
model.7.conv,324,0.0,middle
model.7.conv,325,0.0,middle
model.7.conv,326,0.0,middle
model.7.conv,327,0.0,middle
model.7.conv,328,0.0,middle
model.7.conv,329,0.0,middle
model.7.conv,330,0.0,middle
model.7.conv,331,0.0,middle
model.7.conv,332,0.0,middle
model.7.conv,333,0.0,middle
model.7.conv,334,0.0,middle
model.7.conv,335,0.0,middle
model.7.conv,336,0.0,middle
model.7.conv,337,0.0,middle
model.7.conv,338,0.0,middle
model.7.conv,339,0.0,middle
model.7.conv,340,0.0,middle
model.7.conv,341,0.0,middle
model.7.conv,342,0.0,middle
model.7.conv,343,0.0,middle
model.7.conv,344,0.0,middle
model.7.conv,345,0.0,middle
model.7.conv,346,0.0,middle
model.7.conv,347,0.0,middle
model.7.conv,348,0.0,middle
model.7.conv,349,0.0,middle
model.7.conv,350,0.0,middle
model.7.conv,351,0.0,middle
model.7.conv,352,0.0,middle
model.7.conv,353,0.0,middle
model.7.conv,354,0.0,middle
model.7.conv,355,0.0,middle
model.7.conv,356,0.0,middle
model.7.conv,357,0.0,middle
model.7.conv,358,0.0,middle
model.7.conv,359,0.0,middle
model.7.conv,360,0.0,middle
model.7.conv,361,0.0,middle
model.7.conv,362,0.0,middle
model.7.conv,363,0.0,middle
model.7.conv,364,0.0,middle
model.7.conv,365,0.0,middle
model.7.conv,366,0.0,middle
model.7.conv,367,0.0,middle
model.7.conv,368,0.0,middle
model.7.conv,369,0.0,middle
model.7.conv,370,0.0,middle
model.7.conv,371,0.0,middle
model.7.conv,372,0.0,middle
model.7.conv,373,0.0,middle
model.7.conv,374,0.0,middle
model.7.conv,375,0.0,middle
model.7.conv,376,0.0,middle
model.7.conv,377,0.0,middle
model.7.conv,378,0.0,middle
model.7.conv,379,16.0,middle
model.7.conv,380,0.0,middle
model.7.conv,381,0.0,middle
model.7.conv,382,0.0,middle
model.7.conv,383,0.0,middle
model.7.conv,384,0.0,middle
model.7.conv,385,0.0,middle
model.7.conv,386,0.0,middle
model.7.conv,387,0.0,middle
model.7.conv,388,0.0,middle
model.7.conv,389,0.0,middle
model.7.conv,390,0.0,middle
model.7.conv,391,0.0,middle
model.7.conv,392,0.0,middle
model.7.conv,393,0.0,middle
model.7.conv,394,0.0,middle
model.7.conv,395,0.0,middle
model.7.conv,396,0.0,middle
model.7.conv,397,0.0,middle
model.7.conv,398,0.0,middle
model.7.conv,399,0.0,middle
model.7.conv,400,0.0,middle
model.7.conv,401,0.0,middle
model.7.conv,402,0.0,middle
model.7.conv,403,0.0,middle
model.7.conv,404,0.0,middle
model.7.conv,405,0.0,middle
model.7.conv,406,0.0,middle
model.7.conv,407,0.0,middle
model.7.conv,408,0.0,middle
model.7.conv,409,0.0,middle
model.7.conv,410,0.0,middle
model.7.conv,411,0.0,middle
model.7.conv,412,0.0,middle
model.7.conv,413,0.0,middle
model.7.conv,414,0.0,middle
model.7.conv,415,0.0,middle
model.7.conv,416,0.0,middle
model.7.conv,417,0.0,middle
model.7.conv,418,0.0,middle
model.7.conv,419,0.0,middle
model.7.conv,420,0.0,middle
model.7.conv,421,0.0,middle
model.7.conv,422,0.0,middle
model.7.conv,423,0.0,middle
model.7.conv,424,0.0,middle
model.7.conv,425,0.0,middle
model.7.conv,426,0.0,middle
model.7.conv,427,0.0,middle
model.7.conv,428,0.0,middle
model.7.conv,429,0.0,middle
model.7.conv,430,0.0,middle
model.7.conv,431,0.0,middle
model.7.conv,432,0.0,middle
model.7.conv,433,0.0,middle
model.7.conv,434,0.0,middle
model.7.conv,435,0.0,middle
model.7.conv,436,0.0,middle
model.7.conv,437,0.0,middle
model.7.conv,438,0.0,middle
model.7.conv,439,0.0,middle
model.7.conv,440,0.0,middle
model.7.conv,441,0.0,middle
model.7.conv,442,0.0,middle
model.7.conv,443,0.0,middle
model.7.conv,444,0.0,middle
model.7.conv,445,0.0,middle
model.7.conv,446,0.0,middle
model.7.conv,447,0.0,middle
model.7.conv,448,0.0,middle
model.7.conv,449,0.0,middle
model.7.conv,450,0.0,middle
model.7.conv,451,0.0,middle
model.7.conv,452,0.0,middle
model.7.conv,453,0.0,middle
model.7.conv,454,0.0,middle
model.7.conv,455,0.0,middle
model.7.conv,456,0.0,middle
model.7.conv,457,0.0,middle
model.7.conv,458,25.0,middle
model.7.conv,459,0.0,middle
model.7.conv,460,0.0,middle
model.7.conv,461,0.0,middle
model.7.conv,462,0.0,middle
model.7.conv,463,0.0,middle
model.7.conv,464,0.0,middle
model.7.conv,465,0.0,middle
model.7.conv,466,0.0,middle
model.7.conv,467,0.0,middle
model.7.conv,468,0.0,middle
model.7.conv,469,0.0,middle
model.7.conv,470,0.0,middle
model.7.conv,471,0.0,middle
model.7.conv,472,0.0,middle
model.7.conv,473,0.0,middle
model.7.conv,474,0.0,middle
model.7.conv,475,0.0,middle
model.7.conv,476,0.0,middle
model.7.conv,477,0.0,middle
model.7.conv,478,0.0,middle
model.7.conv,479,0.0,middle
model.7.conv,480,0.0,middle
model.7.conv,481,0.0,middle
model.7.conv,482,0.0,middle
model.7.conv,483,0.0,middle
model.7.conv,484,0.0,middle
model.7.conv,485,0.0,middle
model.7.conv,486,0.0,middle
model.7.conv,487,0.0,middle
model.7.conv,488,0.0,middle
model.7.conv,489,0.0,middle
model.7.conv,490,0.0,middle
model.7.conv,491,0.0,middle
model.7.conv,492,0.0,middle
model.7.conv,493,7.0,middle
model.7.conv,494,0.0,middle
model.7.conv,495,0.0,middle
model.7.conv,496,0.0,middle
model.7.conv,497,0.0,middle
model.7.conv,498,0.0,middle
model.7.conv,499,0.0,middle
model.7.conv,500,0.0,middle
model.7.conv,501,0.0,middle
model.7.conv,502,0.0,middle
model.7.conv,503,0.0,middle
model.7.conv,504,0.0,middle
model.7.conv,505,0.0,middle
model.7.conv,506,0.0,middle
model.7.conv,507,0.0,middle
model.7.conv,508,0.0,middle
model.7.conv,509,0.0,middle
model.7.conv,510,0.0,middle
model.7.conv,511,0.0,middle
model.8.cv1.conv,0,0.0,middle
model.8.cv1.conv,1,0.0,middle
model.8.cv1.conv,2,561.0,middle
model.8.cv1.conv,3,0.0,middle
model.8.cv1.conv,4,0.0,middle
model.8.cv1.conv,5,0.0,middle
model.8.cv1.conv,6,0.0,middle
model.8.cv1.conv,7,0.0,middle
model.8.cv1.conv,8,0.0,middle
model.8.cv1.conv,9,0.0,middle
model.8.cv1.conv,10,0.0,middle
model.8.cv1.conv,11,0.0,middle
model.8.cv1.conv,12,0.0,middle
model.8.cv1.conv,13,0.0,middle
model.8.cv1.conv,14,0.0,middle
model.8.cv1.conv,15,0.0,middle
model.8.cv1.conv,16,0.0,middle
model.8.cv1.conv,17,0.0,middle
model.8.cv1.conv,18,0.0,middle
model.8.cv1.conv,19,0.0,middle
model.8.cv1.conv,20,0.0,middle
model.8.cv1.conv,21,0.0,middle
model.8.cv1.conv,22,0.0,middle
model.8.cv1.conv,23,0.0,middle
model.8.cv1.conv,24,0.0,middle
model.8.cv1.conv,25,0.0,middle
model.8.cv1.conv,26,0.0,middle
model.8.cv1.conv,27,0.0,middle
model.8.cv1.conv,28,0.0,middle
model.8.cv1.conv,29,0.0,middle
model.8.cv1.conv,30,0.0,middle
model.8.cv1.conv,31,0.0,middle
model.8.cv1.conv,32,0.0,middle
model.8.cv1.conv,33,0.0,middle
model.8.cv1.conv,34,0.0,middle
model.8.cv1.conv,35,0.0,middle
model.8.cv1.conv,36,0.0,middle
model.8.cv1.conv,37,0.0,middle
model.8.cv1.conv,38,0.0,middle
model.8.cv1.conv,39,0.0,middle
model.8.cv1.conv,40,0.0,middle
model.8.cv1.conv,41,0.0,middle
model.8.cv1.conv,42,0.0,middle
model.8.cv1.conv,43,0.0,middle
model.8.cv1.conv,44,0.0,middle
model.8.cv1.conv,45,0.0,middle
model.8.cv1.conv,46,0.0,middle
model.8.cv1.conv,47,0.0,middle
model.8.cv1.conv,48,0.0,middle
model.8.cv1.conv,49,0.0,middle
model.8.cv1.conv,50,0.0,middle
model.8.cv1.conv,51,0.0,middle
model.8.cv1.conv,52,0.0,middle
model.8.cv1.conv,53,0.0,middle
model.8.cv1.conv,54,0.0,middle
model.8.cv1.conv,55,0.0,middle
model.8.cv1.conv,56,0.0,middle
model.8.cv1.conv,57,0.0,middle
model.8.cv1.conv,58,0.0,middle
model.8.cv1.conv,59,0.0,middle
model.8.cv1.conv,60,0.0,middle
model.8.cv1.conv,61,0.0,middle
model.8.cv1.conv,62,0.0,middle
model.8.cv1.conv,63,0.0,middle
model.8.cv1.conv,64,0.0,middle
model.8.cv1.conv,65,0.0,middle
model.8.cv1.conv,66,0.0,middle
model.8.cv1.conv,67,0.0,middle
model.8.cv1.conv,68,0.0,middle
model.8.cv1.conv,69,0.0,middle
model.8.cv1.conv,70,0.0,middle
model.8.cv1.conv,71,0.0,middle
model.8.cv1.conv,72,0.0,middle
model.8.cv1.conv,73,0.0,middle
model.8.cv1.conv,74,0.0,middle
model.8.cv1.conv,75,0.0,middle
model.8.cv1.conv,76,0.0,middle
model.8.cv1.conv,77,0.0,middle
model.8.cv1.conv,78,0.0,middle
model.8.cv1.conv,79,0.0,middle
model.8.cv1.conv,80,0.0,middle
model.8.cv1.conv,81,0.0,middle
model.8.cv1.conv,82,0.0,middle
model.8.cv1.conv,83,0.0,middle
model.8.cv1.conv,84,0.0,middle
model.8.cv1.conv,85,0.0,middle
model.8.cv1.conv,86,0.0,middle
model.8.cv1.conv,87,0.0,middle
model.8.cv1.conv,88,0.0,middle
model.8.cv1.conv,89,0.0,middle
model.8.cv1.conv,90,0.0,middle
model.8.cv1.conv,91,0.0,middle
model.8.cv1.conv,92,0.0,middle
model.8.cv1.conv,93,0.0,middle
model.8.cv1.conv,94,0.0,middle
model.8.cv1.conv,95,0.0,middle
model.8.cv1.conv,96,120.0,middle
model.8.cv1.conv,97,0.0,middle
model.8.cv1.conv,98,0.0,middle
model.8.cv1.conv,99,0.0,middle
model.8.cv1.conv,100,0.0,middle
model.8.cv1.conv,101,0.0,middle
model.8.cv1.conv,102,0.0,middle
model.8.cv1.conv,103,0.0,middle
model.8.cv1.conv,104,0.0,middle
model.8.cv1.conv,105,0.0,middle
model.8.cv1.conv,106,0.0,middle
model.8.cv1.conv,107,0.0,middle
model.8.cv1.conv,108,0.0,middle
model.8.cv1.conv,109,0.0,middle
model.8.cv1.conv,110,0.0,middle
model.8.cv1.conv,111,0.0,middle
model.8.cv1.conv,112,0.0,middle
model.8.cv1.conv,113,0.0,middle
model.8.cv1.conv,114,0.0,middle
model.8.cv1.conv,115,0.0,middle
model.8.cv1.conv,116,0.0,middle
model.8.cv1.conv,117,0.0,middle
model.8.cv1.conv,118,0.0,middle
model.8.cv1.conv,119,0.0,middle
model.8.cv1.conv,120,0.0,middle
model.8.cv1.conv,121,0.0,middle
model.8.cv1.conv,122,0.0,middle
model.8.cv1.conv,123,0.0,middle
model.8.cv1.conv,124,0.0,middle
model.8.cv1.conv,125,0.0,middle
model.8.cv1.conv,126,0.0,middle
model.8.cv1.conv,127,0.0,middle
model.8.cv1.conv,128,0.0,middle
model.8.cv1.conv,129,0.0,middle
model.8.cv1.conv,130,0.0,middle
model.8.cv1.conv,131,0.0,middle
model.8.cv1.conv,132,0.0,middle
model.8.cv1.conv,133,0.0,middle
model.8.cv1.conv,134,0.0,middle
model.8.cv1.conv,135,0.0,middle
model.8.cv1.conv,136,0.0,middle
model.8.cv1.conv,137,0.0,middle
model.8.cv1.conv,138,0.0,middle
model.8.cv1.conv,139,0.0,middle
model.8.cv1.conv,140,0.0,middle
model.8.cv1.conv,141,0.0,middle
model.8.cv1.conv,142,0.0,middle
model.8.cv1.conv,143,0.0,middle
model.8.cv1.conv,144,0.0,middle
model.8.cv1.conv,145,0.0,middle
model.8.cv1.conv,146,0.0,middle
model.8.cv1.conv,147,0.0,middle
model.8.cv1.conv,148,0.0,middle
model.8.cv1.conv,149,0.0,middle
model.8.cv1.conv,150,0.0,middle
model.8.cv1.conv,151,0.0,middle
model.8.cv1.conv,152,0.0,middle
model.8.cv1.conv,153,0.0,middle
model.8.cv1.conv,154,0.0,middle
model.8.cv1.conv,155,0.0,middle
model.8.cv1.conv,156,0.0,middle
model.8.cv1.conv,157,0.0,middle
model.8.cv1.conv,158,0.0,middle
model.8.cv1.conv,159,0.0,middle
model.8.cv1.conv,160,0.0,middle
model.8.cv1.conv,161,0.0,middle
model.8.cv1.conv,162,0.0,middle
model.8.cv1.conv,163,0.0,middle
model.8.cv1.conv,164,0.0,middle
model.8.cv1.conv,165,0.0,middle
model.8.cv1.conv,166,0.0,middle
model.8.cv1.conv,167,0.0,middle
model.8.cv1.conv,168,0.0,middle
model.8.cv1.conv,169,0.0,middle
model.8.cv1.conv,170,0.0,middle
model.8.cv1.conv,171,0.0,middle
model.8.cv1.conv,172,0.0,middle
model.8.cv1.conv,173,0.0,middle
model.8.cv1.conv,174,0.0,middle
model.8.cv1.conv,175,0.0,middle
model.8.cv1.conv,176,0.0,middle
model.8.cv1.conv,177,0.0,middle
model.8.cv1.conv,178,0.0,middle
model.8.cv1.conv,179,0.0,middle
model.8.cv1.conv,180,0.0,middle
model.8.cv1.conv,181,0.0,middle
model.8.cv1.conv,182,0.0,middle
model.8.cv1.conv,183,0.0,middle
model.8.cv1.conv,184,0.0,middle
model.8.cv1.conv,185,0.0,middle
model.8.cv1.conv,186,0.0,middle
model.8.cv1.conv,187,0.0,middle
model.8.cv1.conv,188,0.0,middle
model.8.cv1.conv,189,0.0,middle
model.8.cv1.conv,190,0.0,middle
model.8.cv1.conv,191,0.0,middle
model.8.cv1.conv,192,0.0,middle
model.8.cv1.conv,193,0.0,middle
model.8.cv1.conv,194,0.0,middle
model.8.cv1.conv,195,0.0,middle
model.8.cv1.conv,196,0.0,middle
model.8.cv1.conv,197,0.0,middle
model.8.cv1.conv,198,0.0,middle
model.8.cv1.conv,199,0.0,middle
model.8.cv1.conv,200,0.0,middle
model.8.cv1.conv,201,0.0,middle
model.8.cv1.conv,202,0.0,middle
model.8.cv1.conv,203,0.0,middle
model.8.cv1.conv,204,0.0,middle
model.8.cv1.conv,205,0.0,middle
model.8.cv1.conv,206,0.0,middle
model.8.cv1.conv,207,0.0,middle
model.8.cv1.conv,208,0.0,middle
model.8.cv1.conv,209,0.0,middle
model.8.cv1.conv,210,0.0,middle
model.8.cv1.conv,211,0.0,middle
model.8.cv1.conv,212,0.0,middle
model.8.cv1.conv,213,0.0,middle
model.8.cv1.conv,214,0.0,middle
model.8.cv1.conv,215,0.0,middle
model.8.cv1.conv,216,0.0,middle
model.8.cv1.conv,217,0.0,middle
model.8.cv1.conv,218,0.0,middle
model.8.cv1.conv,219,0.0,middle
model.8.cv1.conv,220,0.0,middle
model.8.cv1.conv,221,0.0,middle
model.8.cv1.conv,222,0.0,middle
model.8.cv1.conv,223,0.0,middle
model.8.cv1.conv,224,0.0,middle
model.8.cv1.conv,225,0.0,middle
model.8.cv1.conv,226,0.0,middle
model.8.cv1.conv,227,0.0,middle
model.8.cv1.conv,228,0.0,middle
model.8.cv1.conv,229,6.0,middle
model.8.cv1.conv,230,0.0,middle
model.8.cv1.conv,231,0.0,middle
model.8.cv1.conv,232,0.0,middle
model.8.cv1.conv,233,0.0,middle
model.8.cv1.conv,234,0.0,middle
model.8.cv1.conv,235,0.0,middle
model.8.cv1.conv,236,0.0,middle
model.8.cv1.conv,237,0.0,middle
model.8.cv1.conv,238,0.0,middle
model.8.cv1.conv,239,0.0,middle
model.8.cv1.conv,240,0.0,middle
model.8.cv1.conv,241,0.0,middle
model.8.cv1.conv,242,0.0,middle
model.8.cv1.conv,243,0.0,middle
model.8.cv1.conv,244,0.0,middle
model.8.cv1.conv,245,0.0,middle
model.8.cv1.conv,246,0.0,middle
model.8.cv1.conv,247,0.0,middle
model.8.cv1.conv,248,0.0,middle
model.8.cv1.conv,249,0.0,middle
model.8.cv1.conv,250,0.0,middle
model.8.cv1.conv,251,0.0,middle
model.8.cv1.conv,252,0.0,middle
model.8.cv1.conv,253,0.0,middle
model.8.cv1.conv,254,0.0,middle
model.8.cv1.conv,255,0.0,middle
model.8.cv2.conv,0,0.0,middle
model.8.cv2.conv,1,0.0,middle
model.8.cv2.conv,2,0.0,middle
model.8.cv2.conv,3,0.0,middle
model.8.cv2.conv,4,0.0,middle
model.8.cv2.conv,5,0.0,middle
model.8.cv2.conv,6,0.0,middle
model.8.cv2.conv,7,0.0,middle
model.8.cv2.conv,8,0.0,middle
model.8.cv2.conv,9,0.0,middle
model.8.cv2.conv,10,0.0,middle
model.8.cv2.conv,11,0.0,middle
model.8.cv2.conv,12,0.0,middle
model.8.cv2.conv,13,0.0,middle
model.8.cv2.conv,14,0.0,middle
model.8.cv2.conv,15,0.0,middle
model.8.cv2.conv,16,0.0,middle
model.8.cv2.conv,17,0.0,middle
model.8.cv2.conv,18,0.0,middle
model.8.cv2.conv,19,0.0,middle
model.8.cv2.conv,20,0.0,middle
model.8.cv2.conv,21,0.0,middle
model.8.cv2.conv,22,0.0,middle
model.8.cv2.conv,23,0.0,middle
model.8.cv2.conv,24,0.0,middle
model.8.cv2.conv,25,0.0,middle
model.8.cv2.conv,26,0.0,middle
model.8.cv2.conv,27,0.0,middle
model.8.cv2.conv,28,0.0,middle
model.8.cv2.conv,29,0.0,middle
model.8.cv2.conv,30,0.0,middle
model.8.cv2.conv,31,0.0,middle
model.8.cv2.conv,32,0.0,middle
model.8.cv2.conv,33,0.0,middle
model.8.cv2.conv,34,0.0,middle
model.8.cv2.conv,35,0.0,middle
model.8.cv2.conv,36,0.0,middle
model.8.cv2.conv,37,0.0,middle
model.8.cv2.conv,38,0.0,middle
model.8.cv2.conv,39,0.0,middle
model.8.cv2.conv,40,0.0,middle
model.8.cv2.conv,41,0.0,middle
model.8.cv2.conv,42,0.0,middle
model.8.cv2.conv,43,0.0,middle
model.8.cv2.conv,44,0.0,middle
model.8.cv2.conv,45,0.0,middle
model.8.cv2.conv,46,0.0,middle
model.8.cv2.conv,47,0.0,middle
model.8.cv2.conv,48,0.0,middle
model.8.cv2.conv,49,0.0,middle
model.8.cv2.conv,50,0.0,middle
model.8.cv2.conv,51,0.0,middle
model.8.cv2.conv,52,0.0,middle
model.8.cv2.conv,53,0.0,middle
model.8.cv2.conv,54,0.0,middle
model.8.cv2.conv,55,0.0,middle
model.8.cv2.conv,56,0.0,middle
model.8.cv2.conv,57,0.0,middle
model.8.cv2.conv,58,0.0,middle
model.8.cv2.conv,59,0.0,middle
model.8.cv2.conv,60,0.0,middle
model.8.cv2.conv,61,0.0,middle
model.8.cv2.conv,62,0.0,middle
model.8.cv2.conv,63,0.0,middle
model.8.cv2.conv,64,0.0,middle
model.8.cv2.conv,65,0.0,middle
model.8.cv2.conv,66,0.0,middle
model.8.cv2.conv,67,0.0,middle
model.8.cv2.conv,68,0.0,middle
model.8.cv2.conv,69,0.0,middle
model.8.cv2.conv,70,0.0,middle
model.8.cv2.conv,71,0.0,middle
model.8.cv2.conv,72,0.0,middle
model.8.cv2.conv,73,0.0,middle
model.8.cv2.conv,74,0.0,middle
model.8.cv2.conv,75,0.0,middle
model.8.cv2.conv,76,0.0,middle
model.8.cv2.conv,77,0.0,middle
model.8.cv2.conv,78,0.0,middle
model.8.cv2.conv,79,0.0,middle
model.8.cv2.conv,80,0.0,middle
model.8.cv2.conv,81,0.0,middle
model.8.cv2.conv,82,0.0,middle
model.8.cv2.conv,83,0.0,middle
model.8.cv2.conv,84,0.0,middle
model.8.cv2.conv,85,0.0,middle
model.8.cv2.conv,86,0.0,middle
model.8.cv2.conv,87,0.0,middle
model.8.cv2.conv,88,0.0,middle
model.8.cv2.conv,89,0.0,middle
model.8.cv2.conv,90,0.0,middle
model.8.cv2.conv,91,0.0,middle
model.8.cv2.conv,92,0.0,middle
model.8.cv2.conv,93,0.0,middle
model.8.cv2.conv,94,0.0,middle
model.8.cv2.conv,95,0.0,middle
model.8.cv2.conv,96,0.0,middle
model.8.cv2.conv,97,0.0,middle
model.8.cv2.conv,98,0.0,middle
model.8.cv2.conv,99,0.0,middle
model.8.cv2.conv,100,0.0,middle
model.8.cv2.conv,101,0.0,middle
model.8.cv2.conv,102,0.0,middle
model.8.cv2.conv,103,0.0,middle
model.8.cv2.conv,104,0.0,middle
model.8.cv2.conv,105,0.0,middle
model.8.cv2.conv,106,0.0,middle
model.8.cv2.conv,107,0.0,middle
model.8.cv2.conv,108,0.0,middle
model.8.cv2.conv,109,0.0,middle
model.8.cv2.conv,110,0.0,middle
model.8.cv2.conv,111,0.0,middle
model.8.cv2.conv,112,0.0,middle
model.8.cv2.conv,113,0.0,middle
model.8.cv2.conv,114,0.0,middle
model.8.cv2.conv,115,0.0,middle
model.8.cv2.conv,116,0.0,middle
model.8.cv2.conv,117,0.0,middle
model.8.cv2.conv,118,0.0,middle
model.8.cv2.conv,119,0.0,middle
model.8.cv2.conv,120,0.0,middle
model.8.cv2.conv,121,0.0,middle
model.8.cv2.conv,122,0.0,middle
model.8.cv2.conv,123,0.0,middle
model.8.cv2.conv,124,0.0,middle
model.8.cv2.conv,125,0.0,middle
model.8.cv2.conv,126,0.0,middle
model.8.cv2.conv,127,0.0,middle
model.8.cv2.conv,128,0.0,middle
model.8.cv2.conv,129,0.0,middle
model.8.cv2.conv,130,0.0,middle
model.8.cv2.conv,131,0.0,middle
model.8.cv2.conv,132,0.0,middle
model.8.cv2.conv,133,0.0,middle
model.8.cv2.conv,134,0.0,middle
model.8.cv2.conv,135,0.0,middle
model.8.cv2.conv,136,0.0,middle
model.8.cv2.conv,137,0.0,middle
model.8.cv2.conv,138,0.0,middle
model.8.cv2.conv,139,0.0,middle
model.8.cv2.conv,140,0.0,middle
model.8.cv2.conv,141,0.0,middle
model.8.cv2.conv,142,0.0,middle
model.8.cv2.conv,143,0.0,middle
model.8.cv2.conv,144,0.0,middle
model.8.cv2.conv,145,0.0,middle
model.8.cv2.conv,146,0.0,middle
model.8.cv2.conv,147,0.0,middle
model.8.cv2.conv,148,0.0,middle
model.8.cv2.conv,149,0.0,middle
model.8.cv2.conv,150,0.0,middle
model.8.cv2.conv,151,0.0,middle
model.8.cv2.conv,152,0.0,middle
model.8.cv2.conv,153,0.0,middle
model.8.cv2.conv,154,0.0,middle
model.8.cv2.conv,155,0.0,middle
model.8.cv2.conv,156,0.0,middle
model.8.cv2.conv,157,0.0,middle
model.8.cv2.conv,158,0.0,middle
model.8.cv2.conv,159,0.0,middle
model.8.cv2.conv,160,0.0,middle
model.8.cv2.conv,161,0.0,middle
model.8.cv2.conv,162,0.0,middle
model.8.cv2.conv,163,0.0,middle
model.8.cv2.conv,164,0.0,middle
model.8.cv2.conv,165,0.0,middle
model.8.cv2.conv,166,0.0,middle
model.8.cv2.conv,167,0.0,middle
model.8.cv2.conv,168,0.0,middle
model.8.cv2.conv,169,0.0,middle
model.8.cv2.conv,170,0.0,middle
model.8.cv2.conv,171,0.0,middle
model.8.cv2.conv,172,0.0,middle
model.8.cv2.conv,173,0.0,middle
model.8.cv2.conv,174,0.0,middle
model.8.cv2.conv,175,0.0,middle
model.8.cv2.conv,176,0.0,middle
model.8.cv2.conv,177,0.0,middle
model.8.cv2.conv,178,0.0,middle
model.8.cv2.conv,179,0.0,middle
model.8.cv2.conv,180,0.0,middle
model.8.cv2.conv,181,0.0,middle
model.8.cv2.conv,182,0.0,middle
model.8.cv2.conv,183,0.0,middle
model.8.cv2.conv,184,0.0,middle
model.8.cv2.conv,185,0.0,middle
model.8.cv2.conv,186,0.0,middle
model.8.cv2.conv,187,0.0,middle
model.8.cv2.conv,188,0.0,middle
model.8.cv2.conv,189,0.0,middle
model.8.cv2.conv,190,0.0,middle
model.8.cv2.conv,191,0.0,middle
model.8.cv2.conv,192,0.0,middle
model.8.cv2.conv,193,0.0,middle
model.8.cv2.conv,194,0.0,middle
model.8.cv2.conv,195,0.0,middle
model.8.cv2.conv,196,0.0,middle
model.8.cv2.conv,197,0.0,middle
model.8.cv2.conv,198,0.0,middle
model.8.cv2.conv,199,0.0,middle
model.8.cv2.conv,200,0.0,middle
model.8.cv2.conv,201,0.0,middle
model.8.cv2.conv,202,0.0,middle
model.8.cv2.conv,203,0.0,middle
model.8.cv2.conv,204,0.0,middle
model.8.cv2.conv,205,0.0,middle
model.8.cv2.conv,206,0.0,middle
model.8.cv2.conv,207,0.0,middle
model.8.cv2.conv,208,0.0,middle
model.8.cv2.conv,209,0.0,middle
model.8.cv2.conv,210,0.0,middle
model.8.cv2.conv,211,0.0,middle
model.8.cv2.conv,212,0.0,middle
model.8.cv2.conv,213,0.0,middle
model.8.cv2.conv,214,0.0,middle
model.8.cv2.conv,215,0.0,middle
model.8.cv2.conv,216,0.0,middle
model.8.cv2.conv,217,0.0,middle
model.8.cv2.conv,218,0.0,middle
model.8.cv2.conv,219,0.0,middle
model.8.cv2.conv,220,0.0,middle
model.8.cv2.conv,221,0.0,middle
model.8.cv2.conv,222,0.0,middle
model.8.cv2.conv,223,0.0,middle
model.8.cv2.conv,224,0.0,middle
model.8.cv2.conv,225,0.0,middle
model.8.cv2.conv,226,0.0,middle
model.8.cv2.conv,227,0.0,middle
model.8.cv2.conv,228,0.0,middle
model.8.cv2.conv,229,0.0,middle
model.8.cv2.conv,230,0.0,middle
model.8.cv2.conv,231,0.0,middle
model.8.cv2.conv,232,0.0,middle
model.8.cv2.conv,233,0.0,middle
model.8.cv2.conv,234,0.0,middle
model.8.cv2.conv,235,0.0,middle
model.8.cv2.conv,236,0.0,middle
model.8.cv2.conv,237,0.0,middle
model.8.cv2.conv,238,0.0,middle
model.8.cv2.conv,239,0.0,middle
model.8.cv2.conv,240,0.0,middle
model.8.cv2.conv,241,0.0,middle
model.8.cv2.conv,242,0.0,middle
model.8.cv2.conv,243,0.0,middle
model.8.cv2.conv,244,0.0,middle
model.8.cv2.conv,245,0.0,middle
model.8.cv2.conv,246,0.0,middle
model.8.cv2.conv,247,0.0,middle
model.8.cv2.conv,248,0.0,middle
model.8.cv2.conv,249,0.0,middle
model.8.cv2.conv,250,0.0,middle
model.8.cv2.conv,251,0.0,middle
model.8.cv2.conv,252,0.0,middle
model.8.cv2.conv,253,0.0,middle
model.8.cv2.conv,254,0.0,middle
model.8.cv2.conv,255,0.0,middle
model.8.cv3.conv,0,0.0,middle
model.8.cv3.conv,1,0.0,middle
model.8.cv3.conv,2,0.0,middle
model.8.cv3.conv,3,0.0,middle
model.8.cv3.conv,4,0.0,middle
model.8.cv3.conv,5,0.0,middle
model.8.cv3.conv,6,0.0,middle
model.8.cv3.conv,7,0.0,middle
model.8.cv3.conv,8,0.0,middle
model.8.cv3.conv,9,0.0,middle
model.8.cv3.conv,10,0.0,middle
model.8.cv3.conv,11,0.0,middle
model.8.cv3.conv,12,0.0,middle
model.8.cv3.conv,13,0.0,middle
model.8.cv3.conv,14,0.0,middle
model.8.cv3.conv,15,7.0,middle
model.8.cv3.conv,16,0.0,middle
model.8.cv3.conv,17,0.0,middle
model.8.cv3.conv,18,0.0,middle
model.8.cv3.conv,19,0.0,middle
model.8.cv3.conv,20,0.0,middle
model.8.cv3.conv,21,0.0,middle
model.8.cv3.conv,22,0.0,middle
model.8.cv3.conv,23,0.0,middle
model.8.cv3.conv,24,0.0,middle
model.8.cv3.conv,25,0.0,middle
model.8.cv3.conv,26,0.0,middle
model.8.cv3.conv,27,0.0,middle
model.8.cv3.conv,28,0.0,middle
model.8.cv3.conv,29,0.0,middle
model.8.cv3.conv,30,0.0,middle
model.8.cv3.conv,31,0.0,middle
model.8.cv3.conv,32,0.0,middle
model.8.cv3.conv,33,0.0,middle
model.8.cv3.conv,34,0.0,middle
model.8.cv3.conv,35,0.0,middle
model.8.cv3.conv,36,0.0,middle
model.8.cv3.conv,37,0.0,middle
model.8.cv3.conv,38,0.0,middle
model.8.cv3.conv,39,0.0,middle
model.8.cv3.conv,40,0.0,middle
model.8.cv3.conv,41,0.0,middle
model.8.cv3.conv,42,0.0,middle
model.8.cv3.conv,43,0.0,middle
model.8.cv3.conv,44,0.0,middle
model.8.cv3.conv,45,0.0,middle
model.8.cv3.conv,46,0.0,middle
model.8.cv3.conv,47,0.0,middle
model.8.cv3.conv,48,0.0,middle
model.8.cv3.conv,49,0.0,middle
model.8.cv3.conv,50,0.0,middle
model.8.cv3.conv,51,0.0,middle
model.8.cv3.conv,52,0.0,middle
model.8.cv3.conv,53,0.0,middle
model.8.cv3.conv,54,0.0,middle
model.8.cv3.conv,55,0.0,middle
model.8.cv3.conv,56,0.0,middle
model.8.cv3.conv,57,0.0,middle
model.8.cv3.conv,58,0.0,middle
model.8.cv3.conv,59,0.0,middle
model.8.cv3.conv,60,0.0,middle
model.8.cv3.conv,61,0.0,middle
model.8.cv3.conv,62,0.0,middle
model.8.cv3.conv,63,0.0,middle
model.8.cv3.conv,64,0.0,middle
model.8.cv3.conv,65,0.0,middle
model.8.cv3.conv,66,0.0,middle
model.8.cv3.conv,67,0.0,middle
model.8.cv3.conv,68,0.0,middle
model.8.cv3.conv,69,0.0,middle
model.8.cv3.conv,70,0.0,middle
model.8.cv3.conv,71,0.0,middle
model.8.cv3.conv,72,0.0,middle
model.8.cv3.conv,73,0.0,middle
model.8.cv3.conv,74,0.0,middle
model.8.cv3.conv,75,0.0,middle
model.8.cv3.conv,76,0.0,middle
model.8.cv3.conv,77,0.0,middle
model.8.cv3.conv,78,0.0,middle
model.8.cv3.conv,79,0.0,middle
model.8.cv3.conv,80,0.0,middle
model.8.cv3.conv,81,0.0,middle
model.8.cv3.conv,82,0.0,middle
model.8.cv3.conv,83,0.0,middle
model.8.cv3.conv,84,0.0,middle
model.8.cv3.conv,85,0.0,middle
model.8.cv3.conv,86,0.0,middle
model.8.cv3.conv,87,0.0,middle
model.8.cv3.conv,88,0.0,middle
model.8.cv3.conv,89,0.0,middle
model.8.cv3.conv,90,0.0,middle
model.8.cv3.conv,91,0.0,middle
model.8.cv3.conv,92,0.0,middle
model.8.cv3.conv,93,0.0,middle
model.8.cv3.conv,94,0.0,middle
model.8.cv3.conv,95,0.0,middle
model.8.cv3.conv,96,0.0,middle
model.8.cv3.conv,97,0.0,middle
model.8.cv3.conv,98,0.0,middle
model.8.cv3.conv,99,0.0,middle
model.8.cv3.conv,100,0.0,middle
model.8.cv3.conv,101,0.0,middle
model.8.cv3.conv,102,0.0,middle
model.8.cv3.conv,103,0.0,middle
model.8.cv3.conv,104,0.0,middle
model.8.cv3.conv,105,0.0,middle
model.8.cv3.conv,106,0.0,middle
model.8.cv3.conv,107,0.0,middle
model.8.cv3.conv,108,0.0,middle
model.8.cv3.conv,109,0.0,middle
model.8.cv3.conv,110,0.0,middle
model.8.cv3.conv,111,0.0,middle
model.8.cv3.conv,112,0.0,middle
model.8.cv3.conv,113,0.0,middle
model.8.cv3.conv,114,0.0,middle
model.8.cv3.conv,115,0.0,middle
model.8.cv3.conv,116,0.0,middle
model.8.cv3.conv,117,0.0,middle
model.8.cv3.conv,118,0.0,middle
model.8.cv3.conv,119,0.0,middle
model.8.cv3.conv,120,0.0,middle
model.8.cv3.conv,121,0.0,middle
model.8.cv3.conv,122,0.0,middle
model.8.cv3.conv,123,0.0,middle
model.8.cv3.conv,124,0.0,middle
model.8.cv3.conv,125,0.0,middle
model.8.cv3.conv,126,0.0,middle
model.8.cv3.conv,127,0.0,middle
model.8.cv3.conv,128,0.0,middle
model.8.cv3.conv,129,0.0,middle
model.8.cv3.conv,130,0.0,middle
model.8.cv3.conv,131,0.0,middle
model.8.cv3.conv,132,0.0,middle
model.8.cv3.conv,133,0.0,middle
model.8.cv3.conv,134,0.0,middle
model.8.cv3.conv,135,0.0,middle
model.8.cv3.conv,136,0.0,middle
model.8.cv3.conv,137,0.0,middle
model.8.cv3.conv,138,0.0,middle
model.8.cv3.conv,139,0.0,middle
model.8.cv3.conv,140,0.0,middle
model.8.cv3.conv,141,0.0,middle
model.8.cv3.conv,142,0.0,middle
model.8.cv3.conv,143,0.0,middle
model.8.cv3.conv,144,0.0,middle
model.8.cv3.conv,145,0.0,middle
model.8.cv3.conv,146,0.0,middle
model.8.cv3.conv,147,0.0,middle
model.8.cv3.conv,148,0.0,middle
model.8.cv3.conv,149,0.0,middle
model.8.cv3.conv,150,0.0,middle
model.8.cv3.conv,151,0.0,middle
model.8.cv3.conv,152,0.0,middle
model.8.cv3.conv,153,0.0,middle
model.8.cv3.conv,154,0.0,middle
model.8.cv3.conv,155,0.0,middle
model.8.cv3.conv,156,0.0,middle
model.8.cv3.conv,157,0.0,middle
model.8.cv3.conv,158,0.0,middle
model.8.cv3.conv,159,0.0,middle
model.8.cv3.conv,160,0.0,middle
model.8.cv3.conv,161,0.0,middle
model.8.cv3.conv,162,0.0,middle
model.8.cv3.conv,163,0.0,middle
model.8.cv3.conv,164,0.0,middle
model.8.cv3.conv,165,0.0,middle
model.8.cv3.conv,166,0.0,middle
model.8.cv3.conv,167,0.0,middle
model.8.cv3.conv,168,0.0,middle
model.8.cv3.conv,169,0.0,middle
model.8.cv3.conv,170,0.0,middle
model.8.cv3.conv,171,0.0,middle
model.8.cv3.conv,172,0.0,middle
model.8.cv3.conv,173,0.0,middle
model.8.cv3.conv,174,0.0,middle
model.8.cv3.conv,175,0.0,middle
model.8.cv3.conv,176,0.0,middle
model.8.cv3.conv,177,0.0,middle
model.8.cv3.conv,178,0.0,middle
model.8.cv3.conv,179,0.0,middle
model.8.cv3.conv,180,0.0,middle
model.8.cv3.conv,181,0.0,middle
model.8.cv3.conv,182,0.0,middle
model.8.cv3.conv,183,0.0,middle
model.8.cv3.conv,184,0.0,middle
model.8.cv3.conv,185,0.0,middle
model.8.cv3.conv,186,0.0,middle
model.8.cv3.conv,187,0.0,middle
model.8.cv3.conv,188,0.0,middle
model.8.cv3.conv,189,0.0,middle
model.8.cv3.conv,190,0.0,middle
model.8.cv3.conv,191,0.0,middle
model.8.cv3.conv,192,0.0,middle
model.8.cv3.conv,193,0.0,middle
model.8.cv3.conv,194,0.0,middle
model.8.cv3.conv,195,0.0,middle
model.8.cv3.conv,196,0.0,middle
model.8.cv3.conv,197,0.0,middle
model.8.cv3.conv,198,0.0,middle
model.8.cv3.conv,199,0.0,middle
model.8.cv3.conv,200,0.0,middle
model.8.cv3.conv,201,0.0,middle
model.8.cv3.conv,202,0.0,middle
model.8.cv3.conv,203,0.0,middle
model.8.cv3.conv,204,0.0,middle
model.8.cv3.conv,205,0.0,middle
model.8.cv3.conv,206,0.0,middle
model.8.cv3.conv,207,0.0,middle
model.8.cv3.conv,208,0.0,middle
model.8.cv3.conv,209,0.0,middle
model.8.cv3.conv,210,0.0,middle
model.8.cv3.conv,211,0.0,middle
model.8.cv3.conv,212,0.0,middle
model.8.cv3.conv,213,0.0,middle
model.8.cv3.conv,214,0.0,middle
model.8.cv3.conv,215,0.0,middle
model.8.cv3.conv,216,0.0,middle
model.8.cv3.conv,217,0.0,middle
model.8.cv3.conv,218,0.0,middle
model.8.cv3.conv,219,0.0,middle
model.8.cv3.conv,220,0.0,middle
model.8.cv3.conv,221,0.0,middle
model.8.cv3.conv,222,0.0,middle
model.8.cv3.conv,223,0.0,middle
model.8.cv3.conv,224,0.0,middle
model.8.cv3.conv,225,0.0,middle
model.8.cv3.conv,226,0.0,middle
model.8.cv3.conv,227,0.0,middle
model.8.cv3.conv,228,0.0,middle
model.8.cv3.conv,229,0.0,middle
model.8.cv3.conv,230,0.0,middle
model.8.cv3.conv,231,0.0,middle
model.8.cv3.conv,232,0.0,middle
model.8.cv3.conv,233,0.0,middle
model.8.cv3.conv,234,0.0,middle
model.8.cv3.conv,235,0.0,middle
model.8.cv3.conv,236,0.0,middle
model.8.cv3.conv,237,0.0,middle
model.8.cv3.conv,238,0.0,middle
model.8.cv3.conv,239,0.0,middle
model.8.cv3.conv,240,0.0,middle
model.8.cv3.conv,241,0.0,middle
model.8.cv3.conv,242,0.0,middle
model.8.cv3.conv,243,0.0,middle
model.8.cv3.conv,244,0.0,middle
model.8.cv3.conv,245,0.0,middle
model.8.cv3.conv,246,0.0,middle
model.8.cv3.conv,247,0.0,middle
model.8.cv3.conv,248,0.0,middle
model.8.cv3.conv,249,0.0,middle
model.8.cv3.conv,250,0.0,middle
model.8.cv3.conv,251,0.0,middle
model.8.cv3.conv,252,0.0,middle
model.8.cv3.conv,253,0.0,middle
model.8.cv3.conv,254,0.0,middle
model.8.cv3.conv,255,0.0,middle
model.8.cv3.conv,256,0.0,middle
model.8.cv3.conv,257,0.0,middle
model.8.cv3.conv,258,0.0,middle
model.8.cv3.conv,259,0.0,middle
model.8.cv3.conv,260,0.0,middle
model.8.cv3.conv,261,0.0,middle
model.8.cv3.conv,262,0.0,middle
model.8.cv3.conv,263,0.0,middle
model.8.cv3.conv,264,0.0,middle
model.8.cv3.conv,265,0.0,middle
model.8.cv3.conv,266,0.0,middle
model.8.cv3.conv,267,0.0,middle
model.8.cv3.conv,268,0.0,middle
model.8.cv3.conv,269,0.0,middle
model.8.cv3.conv,270,0.0,middle
model.8.cv3.conv,271,0.0,middle
model.8.cv3.conv,272,0.0,middle
model.8.cv3.conv,273,0.0,middle
model.8.cv3.conv,274,0.0,middle
model.8.cv3.conv,275,0.0,middle
model.8.cv3.conv,276,0.0,middle
model.8.cv3.conv,277,0.0,middle
model.8.cv3.conv,278,0.0,middle
model.8.cv3.conv,279,0.0,middle
model.8.cv3.conv,280,0.0,middle
model.8.cv3.conv,281,0.0,middle
model.8.cv3.conv,282,0.0,middle
model.8.cv3.conv,283,0.0,middle
model.8.cv3.conv,284,0.0,middle
model.8.cv3.conv,285,0.0,middle
model.8.cv3.conv,286,0.0,middle
model.8.cv3.conv,287,0.0,middle
model.8.cv3.conv,288,0.0,middle
model.8.cv3.conv,289,0.0,middle
model.8.cv3.conv,290,0.0,middle
model.8.cv3.conv,291,0.0,middle
model.8.cv3.conv,292,0.0,middle
model.8.cv3.conv,293,0.0,middle
model.8.cv3.conv,294,0.0,middle
model.8.cv3.conv,295,0.0,middle
model.8.cv3.conv,296,0.0,middle
model.8.cv3.conv,297,0.0,middle
model.8.cv3.conv,298,0.0,middle
model.8.cv3.conv,299,0.0,middle
model.8.cv3.conv,300,0.0,middle
model.8.cv3.conv,301,0.0,middle
model.8.cv3.conv,302,0.0,middle
model.8.cv3.conv,303,0.0,middle
model.8.cv3.conv,304,0.0,middle
model.8.cv3.conv,305,0.0,middle
model.8.cv3.conv,306,0.0,middle
model.8.cv3.conv,307,0.0,middle
model.8.cv3.conv,308,0.0,middle
model.8.cv3.conv,309,0.0,middle
model.8.cv3.conv,310,0.0,middle
model.8.cv3.conv,311,0.0,middle
model.8.cv3.conv,312,0.0,middle
model.8.cv3.conv,313,0.0,middle
model.8.cv3.conv,314,0.0,middle
model.8.cv3.conv,315,0.0,middle
model.8.cv3.conv,316,0.0,middle
model.8.cv3.conv,317,0.0,middle
model.8.cv3.conv,318,0.0,middle
model.8.cv3.conv,319,0.0,middle
model.8.cv3.conv,320,0.0,middle
model.8.cv3.conv,321,0.0,middle
model.8.cv3.conv,322,0.0,middle
model.8.cv3.conv,323,0.0,middle
model.8.cv3.conv,324,0.0,middle
model.8.cv3.conv,325,0.0,middle
model.8.cv3.conv,326,0.0,middle
model.8.cv3.conv,327,0.0,middle
model.8.cv3.conv,328,0.0,middle
model.8.cv3.conv,329,0.0,middle
model.8.cv3.conv,330,0.0,middle
model.8.cv3.conv,331,0.0,middle
model.8.cv3.conv,332,0.0,middle
model.8.cv3.conv,333,0.0,middle
model.8.cv3.conv,334,0.0,middle
model.8.cv3.conv,335,0.0,middle
model.8.cv3.conv,336,0.0,middle
model.8.cv3.conv,337,0.0,middle
model.8.cv3.conv,338,0.0,middle
model.8.cv3.conv,339,0.0,middle
model.8.cv3.conv,340,0.0,middle
model.8.cv3.conv,341,0.0,middle
model.8.cv3.conv,342,0.0,middle
model.8.cv3.conv,343,0.0,middle
model.8.cv3.conv,344,0.0,middle
model.8.cv3.conv,345,0.0,middle
model.8.cv3.conv,346,0.0,middle
model.8.cv3.conv,347,0.0,middle
model.8.cv3.conv,348,0.0,middle
model.8.cv3.conv,349,0.0,middle
model.8.cv3.conv,350,0.0,middle
model.8.cv3.conv,351,0.0,middle
model.8.cv3.conv,352,0.0,middle
model.8.cv3.conv,353,0.0,middle
model.8.cv3.conv,354,0.0,middle
model.8.cv3.conv,355,0.0,middle
model.8.cv3.conv,356,0.0,middle
model.8.cv3.conv,357,0.0,middle
model.8.cv3.conv,358,0.0,middle
model.8.cv3.conv,359,0.0,middle
model.8.cv3.conv,360,0.0,middle
model.8.cv3.conv,361,0.0,middle
model.8.cv3.conv,362,0.0,middle
model.8.cv3.conv,363,0.0,middle
model.8.cv3.conv,364,0.0,middle
model.8.cv3.conv,365,0.0,middle
model.8.cv3.conv,366,0.0,middle
model.8.cv3.conv,367,0.0,middle
model.8.cv3.conv,368,0.0,middle
model.8.cv3.conv,369,0.0,middle
model.8.cv3.conv,370,0.0,middle
model.8.cv3.conv,371,0.0,middle
model.8.cv3.conv,372,0.0,middle
model.8.cv3.conv,373,0.0,middle
model.8.cv3.conv,374,0.0,middle
model.8.cv3.conv,375,0.0,middle
model.8.cv3.conv,376,0.0,middle
model.8.cv3.conv,377,0.0,middle
model.8.cv3.conv,378,0.0,middle
model.8.cv3.conv,379,0.0,middle
model.8.cv3.conv,380,0.0,middle
model.8.cv3.conv,381,0.0,middle
model.8.cv3.conv,382,0.0,middle
model.8.cv3.conv,383,0.0,middle
model.8.cv3.conv,384,0.0,middle
model.8.cv3.conv,385,0.0,middle
model.8.cv3.conv,386,0.0,middle
model.8.cv3.conv,387,0.0,middle
model.8.cv3.conv,388,0.0,middle
model.8.cv3.conv,389,0.0,middle
model.8.cv3.conv,390,0.0,middle
model.8.cv3.conv,391,0.0,middle
model.8.cv3.conv,392,0.0,middle
model.8.cv3.conv,393,0.0,middle
model.8.cv3.conv,394,0.0,middle
model.8.cv3.conv,395,0.0,middle
model.8.cv3.conv,396,0.0,middle
model.8.cv3.conv,397,0.0,middle
model.8.cv3.conv,398,0.0,middle
model.8.cv3.conv,399,0.0,middle
model.8.cv3.conv,400,0.0,middle
model.8.cv3.conv,401,0.0,middle
model.8.cv3.conv,402,0.0,middle
model.8.cv3.conv,403,0.0,middle
model.8.cv3.conv,404,0.0,middle
model.8.cv3.conv,405,0.0,middle
model.8.cv3.conv,406,0.0,middle
model.8.cv3.conv,407,0.0,middle
model.8.cv3.conv,408,0.0,middle
model.8.cv3.conv,409,0.0,middle
model.8.cv3.conv,410,0.0,middle
model.8.cv3.conv,411,0.0,middle
model.8.cv3.conv,412,0.0,middle
model.8.cv3.conv,413,0.0,middle
model.8.cv3.conv,414,0.0,middle
model.8.cv3.conv,415,0.0,middle
model.8.cv3.conv,416,0.0,middle
model.8.cv3.conv,417,0.0,middle
model.8.cv3.conv,418,0.0,middle
model.8.cv3.conv,419,0.0,middle
model.8.cv3.conv,420,0.0,middle
model.8.cv3.conv,421,0.0,middle
model.8.cv3.conv,422,0.0,middle
model.8.cv3.conv,423,0.0,middle
model.8.cv3.conv,424,0.0,middle
model.8.cv3.conv,425,0.0,middle
model.8.cv3.conv,426,0.0,middle
model.8.cv3.conv,427,0.0,middle
model.8.cv3.conv,428,0.0,middle
model.8.cv3.conv,429,0.0,middle
model.8.cv3.conv,430,0.0,middle
model.8.cv3.conv,431,0.0,middle
model.8.cv3.conv,432,0.0,middle
model.8.cv3.conv,433,0.0,middle
model.8.cv3.conv,434,0.0,middle
model.8.cv3.conv,435,0.0,middle
model.8.cv3.conv,436,0.0,middle
model.8.cv3.conv,437,0.0,middle
model.8.cv3.conv,438,0.0,middle
model.8.cv3.conv,439,0.0,middle
model.8.cv3.conv,440,0.0,middle
model.8.cv3.conv,441,0.0,middle
model.8.cv3.conv,442,0.0,middle
model.8.cv3.conv,443,0.0,middle
model.8.cv3.conv,444,0.0,middle
model.8.cv3.conv,445,0.0,middle
model.8.cv3.conv,446,0.0,middle
model.8.cv3.conv,447,0.0,middle
model.8.cv3.conv,448,0.0,middle
model.8.cv3.conv,449,0.0,middle
model.8.cv3.conv,450,0.0,middle
model.8.cv3.conv,451,0.0,middle
model.8.cv3.conv,452,0.0,middle
model.8.cv3.conv,453,0.0,middle
model.8.cv3.conv,454,0.0,middle
model.8.cv3.conv,455,0.0,middle
model.8.cv3.conv,456,0.0,middle
model.8.cv3.conv,457,0.0,middle
model.8.cv3.conv,458,0.0,middle
model.8.cv3.conv,459,0.0,middle
model.8.cv3.conv,460,0.0,middle
model.8.cv3.conv,461,0.0,middle
model.8.cv3.conv,462,0.0,middle
model.8.cv3.conv,463,0.0,middle
model.8.cv3.conv,464,0.0,middle
model.8.cv3.conv,465,0.0,middle
model.8.cv3.conv,466,0.0,middle
model.8.cv3.conv,467,0.0,middle
model.8.cv3.conv,468,0.0,middle
model.8.cv3.conv,469,0.0,middle
model.8.cv3.conv,470,0.0,middle
model.8.cv3.conv,471,0.0,middle
model.8.cv3.conv,472,0.0,middle
model.8.cv3.conv,473,0.0,middle
model.8.cv3.conv,474,0.0,middle
model.8.cv3.conv,475,0.0,middle
model.8.cv3.conv,476,0.0,middle
model.8.cv3.conv,477,0.0,middle
model.8.cv3.conv,478,0.0,middle
model.8.cv3.conv,479,0.0,middle
model.8.cv3.conv,480,0.0,middle
model.8.cv3.conv,481,0.0,middle
model.8.cv3.conv,482,0.0,middle
model.8.cv3.conv,483,0.0,middle
model.8.cv3.conv,484,0.0,middle
model.8.cv3.conv,485,0.0,middle
model.8.cv3.conv,486,0.0,middle
model.8.cv3.conv,487,0.0,middle
model.8.cv3.conv,488,0.0,middle
model.8.cv3.conv,489,0.0,middle
model.8.cv3.conv,490,0.0,middle
model.8.cv3.conv,491,0.0,middle
model.8.cv3.conv,492,0.0,middle
model.8.cv3.conv,493,0.0,middle
model.8.cv3.conv,494,0.0,middle
model.8.cv3.conv,495,0.0,middle
model.8.cv3.conv,496,0.0,middle
model.8.cv3.conv,497,0.0,middle
model.8.cv3.conv,498,0.0,middle
model.8.cv3.conv,499,0.0,middle
model.8.cv3.conv,500,0.0,middle
model.8.cv3.conv,501,0.0,middle
model.8.cv3.conv,502,0.0,middle
model.8.cv3.conv,503,0.0,middle
model.8.cv3.conv,504,0.0,middle
model.8.cv3.conv,505,0.0,middle
model.8.cv3.conv,506,0.0,middle
model.8.cv3.conv,507,0.0,middle
model.8.cv3.conv,508,0.0,middle
model.8.cv3.conv,509,0.0,middle
model.8.cv3.conv,510,0.0,middle
model.8.cv3.conv,511,0.0,middle
model.8.m.0.cv1.conv,0,6.0,middle
model.8.m.0.cv1.conv,1,0.0,middle
model.8.m.0.cv1.conv,2,1.0,middle
model.8.m.0.cv1.conv,3,0.0,middle
model.8.m.0.cv1.conv,4,0.0,middle
model.8.m.0.cv1.conv,5,0.0,middle
model.8.m.0.cv1.conv,6,0.0,middle
model.8.m.0.cv1.conv,7,0.0,middle
model.8.m.0.cv1.conv,8,0.0,middle
model.8.m.0.cv1.conv,9,172.0,middle
model.8.m.0.cv1.conv,10,14.0,middle
model.8.m.0.cv1.conv,11,0.0,middle
model.8.m.0.cv1.conv,12,0.0,middle
model.8.m.0.cv1.conv,13,0.0,middle
model.8.m.0.cv1.conv,14,0.0,middle
model.8.m.0.cv1.conv,15,507.0,middle
model.8.m.0.cv1.conv,16,48.0,middle
model.8.m.0.cv1.conv,17,0.0,middle
model.8.m.0.cv1.conv,18,0.0,middle
model.8.m.0.cv1.conv,19,0.0,middle
model.8.m.0.cv1.conv,20,185.0,middle
model.8.m.0.cv1.conv,21,0.0,middle
model.8.m.0.cv1.conv,22,0.0,middle
model.8.m.0.cv1.conv,23,0.0,middle
model.8.m.0.cv1.conv,24,0.0,middle
model.8.m.0.cv1.conv,25,16.0,middle
model.8.m.0.cv1.conv,26,0.0,middle
model.8.m.0.cv1.conv,27,0.0,middle
model.8.m.0.cv1.conv,28,0.0,middle
model.8.m.0.cv1.conv,29,0.0,middle
model.8.m.0.cv1.conv,30,7.0,middle
model.8.m.0.cv1.conv,31,0.0,middle
model.8.m.0.cv1.conv,32,0.0,middle
model.8.m.0.cv1.conv,33,0.0,middle
model.8.m.0.cv1.conv,34,0.0,middle
model.8.m.0.cv1.conv,35,0.0,middle
model.8.m.0.cv1.conv,36,567.0,middle
model.8.m.0.cv1.conv,37,0.0,middle
model.8.m.0.cv1.conv,38,0.0,middle
model.8.m.0.cv1.conv,39,0.0,middle
model.8.m.0.cv1.conv,40,0.0,middle
model.8.m.0.cv1.conv,41,629.0,middle
model.8.m.0.cv1.conv,42,0.0,middle
model.8.m.0.cv1.conv,43,0.0,middle
model.8.m.0.cv1.conv,44,0.0,middle
model.8.m.0.cv1.conv,45,0.0,middle
model.8.m.0.cv1.conv,46,21.0,middle
model.8.m.0.cv1.conv,47,0.0,middle
model.8.m.0.cv1.conv,48,0.0,middle
model.8.m.0.cv1.conv,49,40.0,middle
model.8.m.0.cv1.conv,50,12.0,middle
model.8.m.0.cv1.conv,51,0.0,middle
model.8.m.0.cv1.conv,52,0.0,middle
model.8.m.0.cv1.conv,53,0.0,middle
model.8.m.0.cv1.conv,54,0.0,middle
model.8.m.0.cv1.conv,55,0.0,middle
model.8.m.0.cv1.conv,56,0.0,middle
model.8.m.0.cv1.conv,57,0.0,middle
model.8.m.0.cv1.conv,58,0.0,middle
model.8.m.0.cv1.conv,59,38.0,middle
model.8.m.0.cv1.conv,60,0.0,middle
model.8.m.0.cv1.conv,61,221.0,middle
model.8.m.0.cv1.conv,62,140.0,middle
model.8.m.0.cv1.conv,63,0.0,middle
model.8.m.0.cv1.conv,64,0.0,middle
model.8.m.0.cv1.conv,65,0.0,middle
model.8.m.0.cv1.conv,66,0.0,middle
model.8.m.0.cv1.conv,67,0.0,middle
model.8.m.0.cv1.conv,68,0.0,middle
model.8.m.0.cv1.conv,69,245.0,middle
model.8.m.0.cv1.conv,70,0.0,middle
model.8.m.0.cv1.conv,71,0.0,middle
model.8.m.0.cv1.conv,72,0.0,middle
model.8.m.0.cv1.conv,73,10.0,middle
model.8.m.0.cv1.conv,74,1190.0,middle
model.8.m.0.cv1.conv,75,0.0,middle
model.8.m.0.cv1.conv,76,183.0,middle
model.8.m.0.cv1.conv,77,0.0,middle
model.8.m.0.cv1.conv,78,0.0,middle
model.8.m.0.cv1.conv,79,511.0,middle
model.8.m.0.cv1.conv,80,6.0,middle
model.8.m.0.cv1.conv,81,0.0,middle
model.8.m.0.cv1.conv,82,0.0,middle
model.8.m.0.cv1.conv,83,0.0,middle
model.8.m.0.cv1.conv,84,0.0,middle
model.8.m.0.cv1.conv,85,0.0,middle
model.8.m.0.cv1.conv,86,112.0,middle
model.8.m.0.cv1.conv,87,0.0,middle
model.8.m.0.cv1.conv,88,0.0,middle
model.8.m.0.cv1.conv,89,0.0,middle
model.8.m.0.cv1.conv,90,0.0,middle
model.8.m.0.cv1.conv,91,0.0,middle
model.8.m.0.cv1.conv,92,8.0,middle
model.8.m.0.cv1.conv,93,0.0,middle
model.8.m.0.cv1.conv,94,0.0,middle
model.8.m.0.cv1.conv,95,0.0,middle
model.8.m.0.cv1.conv,96,0.0,middle
model.8.m.0.cv1.conv,97,0.0,middle
model.8.m.0.cv1.conv,98,101.0,middle
model.8.m.0.cv1.conv,99,0.0,middle
model.8.m.0.cv1.conv,100,19.0,middle
model.8.m.0.cv1.conv,101,179.0,middle
model.8.m.0.cv1.conv,102,0.0,middle
model.8.m.0.cv1.conv,103,41.0,middle
model.8.m.0.cv1.conv,104,22.0,middle
model.8.m.0.cv1.conv,105,0.0,middle
model.8.m.0.cv1.conv,106,0.0,middle
model.8.m.0.cv1.conv,107,0.0,middle
model.8.m.0.cv1.conv,108,0.0,middle
model.8.m.0.cv1.conv,109,12.0,middle
model.8.m.0.cv1.conv,110,0.0,middle
model.8.m.0.cv1.conv,111,19.0,middle
model.8.m.0.cv1.conv,112,0.0,middle
model.8.m.0.cv1.conv,113,15.0,middle
model.8.m.0.cv1.conv,114,0.0,middle
model.8.m.0.cv1.conv,115,0.0,middle
model.8.m.0.cv1.conv,116,0.0,middle
model.8.m.0.cv1.conv,117,0.0,middle
model.8.m.0.cv1.conv,118,0.0,middle
model.8.m.0.cv1.conv,119,0.0,middle
model.8.m.0.cv1.conv,120,0.0,middle
model.8.m.0.cv1.conv,121,10.0,middle
model.8.m.0.cv1.conv,122,0.0,middle
model.8.m.0.cv1.conv,123,275.0,middle
model.8.m.0.cv1.conv,124,0.0,middle
model.8.m.0.cv1.conv,125,0.0,middle
model.8.m.0.cv1.conv,126,0.0,middle
model.8.m.0.cv1.conv,127,670.0,middle
model.8.m.0.cv1.conv,128,0.0,middle
model.8.m.0.cv1.conv,129,0.0,middle
model.8.m.0.cv1.conv,130,196.0,middle
model.8.m.0.cv1.conv,131,29.0,middle
model.8.m.0.cv1.conv,132,0.0,middle
model.8.m.0.cv1.conv,133,56.0,middle
model.8.m.0.cv1.conv,134,0.0,middle
model.8.m.0.cv1.conv,135,0.0,middle
model.8.m.0.cv1.conv,136,0.0,middle
model.8.m.0.cv1.conv,137,0.0,middle
model.8.m.0.cv1.conv,138,0.0,middle
model.8.m.0.cv1.conv,139,0.0,middle
model.8.m.0.cv1.conv,140,54.0,middle
model.8.m.0.cv1.conv,141,61.0,middle
model.8.m.0.cv1.conv,142,0.0,middle
model.8.m.0.cv1.conv,143,0.0,middle
model.8.m.0.cv1.conv,144,18.0,middle
model.8.m.0.cv1.conv,145,106.0,middle
model.8.m.0.cv1.conv,146,0.0,middle
model.8.m.0.cv1.conv,147,33.0,middle
model.8.m.0.cv1.conv,148,90.0,middle
model.8.m.0.cv1.conv,149,0.0,middle
model.8.m.0.cv1.conv,150,0.0,middle
model.8.m.0.cv1.conv,151,0.0,middle
model.8.m.0.cv1.conv,152,13.0,middle
model.8.m.0.cv1.conv,153,0.0,middle
model.8.m.0.cv1.conv,154,0.0,middle
model.8.m.0.cv1.conv,155,0.0,middle
model.8.m.0.cv1.conv,156,0.0,middle
model.8.m.0.cv1.conv,157,0.0,middle
model.8.m.0.cv1.conv,158,0.0,middle
model.8.m.0.cv1.conv,159,0.0,middle
model.8.m.0.cv1.conv,160,0.0,middle
model.8.m.0.cv1.conv,161,24.0,middle
model.8.m.0.cv1.conv,162,0.0,middle
model.8.m.0.cv1.conv,163,0.0,middle
model.8.m.0.cv1.conv,164,13.0,middle
model.8.m.0.cv1.conv,165,65.0,middle
model.8.m.0.cv1.conv,166,0.0,middle
model.8.m.0.cv1.conv,167,0.0,middle
model.8.m.0.cv1.conv,168,10.0,middle
model.8.m.0.cv1.conv,169,0.0,middle
model.8.m.0.cv1.conv,170,14.0,middle
model.8.m.0.cv1.conv,171,0.0,middle
model.8.m.0.cv1.conv,172,0.0,middle
model.8.m.0.cv1.conv,173,252.0,middle
model.8.m.0.cv1.conv,174,0.0,middle
model.8.m.0.cv1.conv,175,0.0,middle
model.8.m.0.cv1.conv,176,0.0,middle
model.8.m.0.cv1.conv,177,0.0,middle
model.8.m.0.cv1.conv,178,0.0,middle
model.8.m.0.cv1.conv,179,0.0,middle
model.8.m.0.cv1.conv,180,1404.0,middle
model.8.m.0.cv1.conv,181,711.0,middle
model.8.m.0.cv1.conv,182,984.0,middle
model.8.m.0.cv1.conv,183,0.0,middle
model.8.m.0.cv1.conv,184,0.0,middle
model.8.m.0.cv1.conv,185,0.0,middle
model.8.m.0.cv1.conv,186,0.0,middle
model.8.m.0.cv1.conv,187,0.0,middle
model.8.m.0.cv1.conv,188,2104.0,middle
model.8.m.0.cv1.conv,189,0.0,middle
model.8.m.0.cv1.conv,190,0.0,middle
model.8.m.0.cv1.conv,191,13.0,middle
model.8.m.0.cv1.conv,192,0.0,middle
model.8.m.0.cv1.conv,193,0.0,middle
model.8.m.0.cv1.conv,194,0.0,middle
model.8.m.0.cv1.conv,195,0.0,middle
model.8.m.0.cv1.conv,196,0.0,middle
model.8.m.0.cv1.conv,197,0.0,middle
model.8.m.0.cv1.conv,198,0.0,middle
model.8.m.0.cv1.conv,199,109.0,middle
model.8.m.0.cv1.conv,200,0.0,middle
model.8.m.0.cv1.conv,201,10.0,middle
model.8.m.0.cv1.conv,202,0.0,middle
model.8.m.0.cv1.conv,203,0.0,middle
model.8.m.0.cv1.conv,204,0.0,middle
model.8.m.0.cv1.conv,205,0.0,middle
model.8.m.0.cv1.conv,206,0.0,middle
model.8.m.0.cv1.conv,207,0.0,middle
model.8.m.0.cv1.conv,208,0.0,middle
model.8.m.0.cv1.conv,209,0.0,middle
model.8.m.0.cv1.conv,210,0.0,middle
model.8.m.0.cv1.conv,211,298.0,middle
model.8.m.0.cv1.conv,212,0.0,middle
model.8.m.0.cv1.conv,213,0.0,middle
model.8.m.0.cv1.conv,214,0.0,middle
model.8.m.0.cv1.conv,215,0.0,middle
model.8.m.0.cv1.conv,216,0.0,middle
model.8.m.0.cv1.conv,217,0.0,middle
model.8.m.0.cv1.conv,218,0.0,middle
model.8.m.0.cv1.conv,219,0.0,middle
model.8.m.0.cv1.conv,220,0.0,middle
model.8.m.0.cv1.conv,221,225.0,middle
model.8.m.0.cv1.conv,222,75.0,middle
model.8.m.0.cv1.conv,223,0.0,middle
model.8.m.0.cv1.conv,224,0.0,middle
model.8.m.0.cv1.conv,225,4.0,middle
model.8.m.0.cv1.conv,226,16.0,middle
model.8.m.0.cv1.conv,227,0.0,middle
model.8.m.0.cv1.conv,228,0.0,middle
model.8.m.0.cv1.conv,229,124.0,middle
model.8.m.0.cv1.conv,230,0.0,middle
model.8.m.0.cv1.conv,231,13.0,middle
model.8.m.0.cv1.conv,232,0.0,middle
model.8.m.0.cv1.conv,233,8.0,middle
model.8.m.0.cv1.conv,234,0.0,middle
model.8.m.0.cv1.conv,235,0.0,middle
model.8.m.0.cv1.conv,236,0.0,middle
model.8.m.0.cv1.conv,237,0.0,middle
model.8.m.0.cv1.conv,238,0.0,middle
model.8.m.0.cv1.conv,239,0.0,middle
model.8.m.0.cv1.conv,240,0.0,middle
model.8.m.0.cv1.conv,241,0.0,middle
model.8.m.0.cv1.conv,242,0.0,middle
model.8.m.0.cv1.conv,243,0.0,middle
model.8.m.0.cv1.conv,244,0.0,middle
model.8.m.0.cv1.conv,245,0.0,middle
model.8.m.0.cv1.conv,246,504.0,middle
model.8.m.0.cv1.conv,247,0.0,middle
model.8.m.0.cv1.conv,248,0.0,middle
model.8.m.0.cv1.conv,249,0.0,middle
model.8.m.0.cv1.conv,250,0.0,middle
model.8.m.0.cv1.conv,251,0.0,middle
model.8.m.0.cv1.conv,252,265.0,middle
model.8.m.0.cv1.conv,253,4.0,middle
model.8.m.0.cv1.conv,254,0.0,middle
model.8.m.0.cv1.conv,255,0.0,middle
model.8.m.0.cv2.conv,0,0.0,middle
model.8.m.0.cv2.conv,1,0.0,middle
model.8.m.0.cv2.conv,2,0.0,middle
model.8.m.0.cv2.conv,3,0.0,middle
model.8.m.0.cv2.conv,4,0.0,middle
model.8.m.0.cv2.conv,5,0.0,middle
model.8.m.0.cv2.conv,6,0.0,middle
model.8.m.0.cv2.conv,7,0.0,middle
model.8.m.0.cv2.conv,8,0.0,middle
model.8.m.0.cv2.conv,9,0.0,middle
model.8.m.0.cv2.conv,10,0.0,middle
model.8.m.0.cv2.conv,11,0.0,middle
model.8.m.0.cv2.conv,12,0.0,middle
model.8.m.0.cv2.conv,13,0.0,middle
model.8.m.0.cv2.conv,14,0.0,middle
model.8.m.0.cv2.conv,15,0.0,middle
model.8.m.0.cv2.conv,16,0.0,middle
model.8.m.0.cv2.conv,17,0.0,middle
model.8.m.0.cv2.conv,18,0.0,middle
model.8.m.0.cv2.conv,19,0.0,middle
model.8.m.0.cv2.conv,20,0.0,middle
model.8.m.0.cv2.conv,21,0.0,middle
model.8.m.0.cv2.conv,22,0.0,middle
model.8.m.0.cv2.conv,23,0.0,middle
model.8.m.0.cv2.conv,24,0.0,middle
model.8.m.0.cv2.conv,25,0.0,middle
model.8.m.0.cv2.conv,26,0.0,middle
model.8.m.0.cv2.conv,27,0.0,middle
model.8.m.0.cv2.conv,28,0.0,middle
model.8.m.0.cv2.conv,29,0.0,middle
model.8.m.0.cv2.conv,30,0.0,middle
model.8.m.0.cv2.conv,31,0.0,middle
model.8.m.0.cv2.conv,32,0.0,middle
model.8.m.0.cv2.conv,33,0.0,middle
model.8.m.0.cv2.conv,34,0.0,middle
model.8.m.0.cv2.conv,35,0.0,middle
model.8.m.0.cv2.conv,36,0.0,middle
model.8.m.0.cv2.conv,37,0.0,middle
model.8.m.0.cv2.conv,38,0.0,middle
model.8.m.0.cv2.conv,39,0.0,middle
model.8.m.0.cv2.conv,40,0.0,middle
model.8.m.0.cv2.conv,41,0.0,middle
model.8.m.0.cv2.conv,42,0.0,middle
model.8.m.0.cv2.conv,43,0.0,middle
model.8.m.0.cv2.conv,44,0.0,middle
model.8.m.0.cv2.conv,45,0.0,middle
model.8.m.0.cv2.conv,46,0.0,middle
model.8.m.0.cv2.conv,47,0.0,middle
model.8.m.0.cv2.conv,48,0.0,middle
model.8.m.0.cv2.conv,49,0.0,middle
model.8.m.0.cv2.conv,50,0.0,middle
model.8.m.0.cv2.conv,51,0.0,middle
model.8.m.0.cv2.conv,52,0.0,middle
model.8.m.0.cv2.conv,53,0.0,middle
model.8.m.0.cv2.conv,54,0.0,middle
model.8.m.0.cv2.conv,55,0.0,middle
model.8.m.0.cv2.conv,56,0.0,middle
model.8.m.0.cv2.conv,57,0.0,middle
model.8.m.0.cv2.conv,58,0.0,middle
model.8.m.0.cv2.conv,59,0.0,middle
model.8.m.0.cv2.conv,60,0.0,middle
model.8.m.0.cv2.conv,61,0.0,middle
model.8.m.0.cv2.conv,62,0.0,middle
model.8.m.0.cv2.conv,63,0.0,middle
model.8.m.0.cv2.conv,64,0.0,middle
model.8.m.0.cv2.conv,65,0.0,middle
model.8.m.0.cv2.conv,66,0.0,middle
model.8.m.0.cv2.conv,67,0.0,middle
model.8.m.0.cv2.conv,68,0.0,middle
model.8.m.0.cv2.conv,69,0.0,middle
model.8.m.0.cv2.conv,70,0.0,middle
model.8.m.0.cv2.conv,71,0.0,middle
model.8.m.0.cv2.conv,72,0.0,middle
model.8.m.0.cv2.conv,73,0.0,middle
model.8.m.0.cv2.conv,74,0.0,middle
model.8.m.0.cv2.conv,75,0.0,middle
model.8.m.0.cv2.conv,76,0.0,middle
model.8.m.0.cv2.conv,77,0.0,middle
model.8.m.0.cv2.conv,78,0.0,middle
model.8.m.0.cv2.conv,79,0.0,middle
model.8.m.0.cv2.conv,80,0.0,middle
model.8.m.0.cv2.conv,81,0.0,middle
model.8.m.0.cv2.conv,82,0.0,middle
model.8.m.0.cv2.conv,83,0.0,middle
model.8.m.0.cv2.conv,84,0.0,middle
model.8.m.0.cv2.conv,85,0.0,middle
model.8.m.0.cv2.conv,86,0.0,middle
model.8.m.0.cv2.conv,87,0.0,middle
model.8.m.0.cv2.conv,88,0.0,middle
model.8.m.0.cv2.conv,89,0.0,middle
model.8.m.0.cv2.conv,90,0.0,middle
model.8.m.0.cv2.conv,91,0.0,middle
model.8.m.0.cv2.conv,92,0.0,middle
model.8.m.0.cv2.conv,93,0.0,middle
model.8.m.0.cv2.conv,94,0.0,middle
model.8.m.0.cv2.conv,95,0.0,middle
model.8.m.0.cv2.conv,96,0.0,middle
model.8.m.0.cv2.conv,97,0.0,middle
model.8.m.0.cv2.conv,98,0.0,middle
model.8.m.0.cv2.conv,99,0.0,middle
model.8.m.0.cv2.conv,100,0.0,middle
model.8.m.0.cv2.conv,101,0.0,middle
model.8.m.0.cv2.conv,102,0.0,middle
model.8.m.0.cv2.conv,103,0.0,middle
model.8.m.0.cv2.conv,104,0.0,middle
model.8.m.0.cv2.conv,105,0.0,middle
model.8.m.0.cv2.conv,106,0.0,middle
model.8.m.0.cv2.conv,107,0.0,middle
model.8.m.0.cv2.conv,108,0.0,middle
model.8.m.0.cv2.conv,109,0.0,middle
model.8.m.0.cv2.conv,110,0.0,middle
model.8.m.0.cv2.conv,111,0.0,middle
model.8.m.0.cv2.conv,112,0.0,middle
model.8.m.0.cv2.conv,113,0.0,middle
model.8.m.0.cv2.conv,114,0.0,middle
model.8.m.0.cv2.conv,115,0.0,middle
model.8.m.0.cv2.conv,116,0.0,middle
model.8.m.0.cv2.conv,117,0.0,middle
model.8.m.0.cv2.conv,118,0.0,middle
model.8.m.0.cv2.conv,119,0.0,middle
model.8.m.0.cv2.conv,120,0.0,middle
model.8.m.0.cv2.conv,121,0.0,middle
model.8.m.0.cv2.conv,122,0.0,middle
model.8.m.0.cv2.conv,123,0.0,middle
model.8.m.0.cv2.conv,124,0.0,middle
model.8.m.0.cv2.conv,125,0.0,middle
model.8.m.0.cv2.conv,126,0.0,middle
model.8.m.0.cv2.conv,127,0.0,middle
model.8.m.0.cv2.conv,128,0.0,middle
model.8.m.0.cv2.conv,129,0.0,middle
model.8.m.0.cv2.conv,130,0.0,middle
model.8.m.0.cv2.conv,131,0.0,middle
model.8.m.0.cv2.conv,132,0.0,middle
model.8.m.0.cv2.conv,133,0.0,middle
model.8.m.0.cv2.conv,134,0.0,middle
model.8.m.0.cv2.conv,135,0.0,middle
model.8.m.0.cv2.conv,136,0.0,middle
model.8.m.0.cv2.conv,137,0.0,middle
model.8.m.0.cv2.conv,138,0.0,middle
model.8.m.0.cv2.conv,139,0.0,middle
model.8.m.0.cv2.conv,140,0.0,middle
model.8.m.0.cv2.conv,141,0.0,middle
model.8.m.0.cv2.conv,142,0.0,middle
model.8.m.0.cv2.conv,143,0.0,middle
model.8.m.0.cv2.conv,144,0.0,middle
model.8.m.0.cv2.conv,145,0.0,middle
model.8.m.0.cv2.conv,146,0.0,middle
model.8.m.0.cv2.conv,147,0.0,middle
model.8.m.0.cv2.conv,148,0.0,middle
model.8.m.0.cv2.conv,149,0.0,middle
model.8.m.0.cv2.conv,150,0.0,middle
model.8.m.0.cv2.conv,151,0.0,middle
model.8.m.0.cv2.conv,152,0.0,middle
model.8.m.0.cv2.conv,153,0.0,middle
model.8.m.0.cv2.conv,154,0.0,middle
model.8.m.0.cv2.conv,155,0.0,middle
model.8.m.0.cv2.conv,156,0.0,middle
model.8.m.0.cv2.conv,157,0.0,middle
model.8.m.0.cv2.conv,158,0.0,middle
model.8.m.0.cv2.conv,159,0.0,middle
model.8.m.0.cv2.conv,160,0.0,middle
model.8.m.0.cv2.conv,161,0.0,middle
model.8.m.0.cv2.conv,162,0.0,middle
model.8.m.0.cv2.conv,163,0.0,middle
model.8.m.0.cv2.conv,164,0.0,middle
model.8.m.0.cv2.conv,165,0.0,middle
model.8.m.0.cv2.conv,166,0.0,middle
model.8.m.0.cv2.conv,167,0.0,middle
model.8.m.0.cv2.conv,168,0.0,middle
model.8.m.0.cv2.conv,169,0.0,middle
model.8.m.0.cv2.conv,170,0.0,middle
model.8.m.0.cv2.conv,171,0.0,middle
model.8.m.0.cv2.conv,172,0.0,middle
model.8.m.0.cv2.conv,173,0.0,middle
model.8.m.0.cv2.conv,174,0.0,middle
model.8.m.0.cv2.conv,175,0.0,middle
model.8.m.0.cv2.conv,176,0.0,middle
model.8.m.0.cv2.conv,177,0.0,middle
model.8.m.0.cv2.conv,178,0.0,middle
model.8.m.0.cv2.conv,179,0.0,middle
model.8.m.0.cv2.conv,180,0.0,middle
model.8.m.0.cv2.conv,181,0.0,middle
model.8.m.0.cv2.conv,182,0.0,middle
model.8.m.0.cv2.conv,183,0.0,middle
model.8.m.0.cv2.conv,184,0.0,middle
model.8.m.0.cv2.conv,185,0.0,middle
model.8.m.0.cv2.conv,186,0.0,middle
model.8.m.0.cv2.conv,187,0.0,middle
model.8.m.0.cv2.conv,188,0.0,middle
model.8.m.0.cv2.conv,189,0.0,middle
model.8.m.0.cv2.conv,190,0.0,middle
model.8.m.0.cv2.conv,191,0.0,middle
model.8.m.0.cv2.conv,192,0.0,middle
model.8.m.0.cv2.conv,193,0.0,middle
model.8.m.0.cv2.conv,194,0.0,middle
model.8.m.0.cv2.conv,195,0.0,middle
model.8.m.0.cv2.conv,196,0.0,middle
model.8.m.0.cv2.conv,197,0.0,middle
model.8.m.0.cv2.conv,198,0.0,middle
model.8.m.0.cv2.conv,199,0.0,middle
model.8.m.0.cv2.conv,200,0.0,middle
model.8.m.0.cv2.conv,201,0.0,middle
model.8.m.0.cv2.conv,202,0.0,middle
model.8.m.0.cv2.conv,203,0.0,middle
model.8.m.0.cv2.conv,204,0.0,middle
model.8.m.0.cv2.conv,205,0.0,middle
model.8.m.0.cv2.conv,206,0.0,middle
model.8.m.0.cv2.conv,207,0.0,middle
model.8.m.0.cv2.conv,208,0.0,middle
model.8.m.0.cv2.conv,209,0.0,middle
model.8.m.0.cv2.conv,210,0.0,middle
model.8.m.0.cv2.conv,211,0.0,middle
model.8.m.0.cv2.conv,212,0.0,middle
model.8.m.0.cv2.conv,213,0.0,middle
model.8.m.0.cv2.conv,214,0.0,middle
model.8.m.0.cv2.conv,215,0.0,middle
model.8.m.0.cv2.conv,216,0.0,middle
model.8.m.0.cv2.conv,217,0.0,middle
model.8.m.0.cv2.conv,218,0.0,middle
model.8.m.0.cv2.conv,219,0.0,middle
model.8.m.0.cv2.conv,220,0.0,middle
model.8.m.0.cv2.conv,221,0.0,middle
model.8.m.0.cv2.conv,222,0.0,middle
model.8.m.0.cv2.conv,223,0.0,middle
model.8.m.0.cv2.conv,224,0.0,middle
model.8.m.0.cv2.conv,225,0.0,middle
model.8.m.0.cv2.conv,226,0.0,middle
model.8.m.0.cv2.conv,227,0.0,middle
model.8.m.0.cv2.conv,228,0.0,middle
model.8.m.0.cv2.conv,229,0.0,middle
model.8.m.0.cv2.conv,230,0.0,middle
model.8.m.0.cv2.conv,231,0.0,middle
model.8.m.0.cv2.conv,232,0.0,middle
model.8.m.0.cv2.conv,233,0.0,middle
model.8.m.0.cv2.conv,234,0.0,middle
model.8.m.0.cv2.conv,235,0.0,middle
model.8.m.0.cv2.conv,236,0.0,middle
model.8.m.0.cv2.conv,237,0.0,middle
model.8.m.0.cv2.conv,238,0.0,middle
model.8.m.0.cv2.conv,239,0.0,middle
model.8.m.0.cv2.conv,240,0.0,middle
model.8.m.0.cv2.conv,241,0.0,middle
model.8.m.0.cv2.conv,242,0.0,middle
model.8.m.0.cv2.conv,243,0.0,middle
model.8.m.0.cv2.conv,244,0.0,middle
model.8.m.0.cv2.conv,245,0.0,middle
model.8.m.0.cv2.conv,246,0.0,middle
model.8.m.0.cv2.conv,247,0.0,middle
model.8.m.0.cv2.conv,248,0.0,middle
model.8.m.0.cv2.conv,249,0.0,middle
model.8.m.0.cv2.conv,250,0.0,middle
model.8.m.0.cv2.conv,251,0.0,middle
model.8.m.0.cv2.conv,252,0.0,middle
model.8.m.0.cv2.conv,253,0.0,middle
model.8.m.0.cv2.conv,254,0.0,middle
model.8.m.0.cv2.conv,255,0.0,middle
model.9.cv1.conv,0,0.0,middle
model.9.cv1.conv,1,0.0,middle
model.9.cv1.conv,2,0.0,middle
model.9.cv1.conv,3,0.0,middle
model.9.cv1.conv,4,0.0,middle
model.9.cv1.conv,5,0.0,middle
model.9.cv1.conv,6,0.0,middle
model.9.cv1.conv,7,0.0,middle
model.9.cv1.conv,8,0.0,middle
model.9.cv1.conv,9,0.0,middle
model.9.cv1.conv,10,0.0,middle
model.9.cv1.conv,11,0.0,middle
model.9.cv1.conv,12,0.0,middle
model.9.cv1.conv,13,0.0,middle
model.9.cv1.conv,14,0.0,middle
model.9.cv1.conv,15,0.0,middle
model.9.cv1.conv,16,0.0,middle
model.9.cv1.conv,17,0.0,middle
model.9.cv1.conv,18,0.0,middle
model.9.cv1.conv,19,0.0,middle
model.9.cv1.conv,20,0.0,middle
model.9.cv1.conv,21,0.0,middle
model.9.cv1.conv,22,0.0,middle
model.9.cv1.conv,23,0.0,middle
model.9.cv1.conv,24,0.0,middle
model.9.cv1.conv,25,0.0,middle
model.9.cv1.conv,26,0.0,middle
model.9.cv1.conv,27,0.0,middle
model.9.cv1.conv,28,0.0,middle
model.9.cv1.conv,29,0.0,middle
model.9.cv1.conv,30,0.0,middle
model.9.cv1.conv,31,0.0,middle
model.9.cv1.conv,32,0.0,middle
model.9.cv1.conv,33,0.0,middle
model.9.cv1.conv,34,0.0,middle
model.9.cv1.conv,35,0.0,middle
model.9.cv1.conv,36,0.0,middle
model.9.cv1.conv,37,0.0,middle
model.9.cv1.conv,38,0.0,middle
model.9.cv1.conv,39,0.0,middle
model.9.cv1.conv,40,0.0,middle
model.9.cv1.conv,41,0.0,middle
model.9.cv1.conv,42,0.0,middle
model.9.cv1.conv,43,0.0,middle
model.9.cv1.conv,44,0.0,middle
model.9.cv1.conv,45,0.0,middle
model.9.cv1.conv,46,0.0,middle
model.9.cv1.conv,47,0.0,middle
model.9.cv1.conv,48,0.0,middle
model.9.cv1.conv,49,0.0,middle
model.9.cv1.conv,50,0.0,middle
model.9.cv1.conv,51,0.0,middle
model.9.cv1.conv,52,0.0,middle
model.9.cv1.conv,53,0.0,middle
model.9.cv1.conv,54,0.0,middle
model.9.cv1.conv,55,0.0,middle
model.9.cv1.conv,56,0.0,middle
model.9.cv1.conv,57,0.0,middle
model.9.cv1.conv,58,0.0,middle
model.9.cv1.conv,59,0.0,middle
model.9.cv1.conv,60,0.0,middle
model.9.cv1.conv,61,0.0,middle
model.9.cv1.conv,62,0.0,middle
model.9.cv1.conv,63,0.0,middle
model.9.cv1.conv,64,0.0,middle
model.9.cv1.conv,65,0.0,middle
model.9.cv1.conv,66,0.0,middle
model.9.cv1.conv,67,0.0,middle
model.9.cv1.conv,68,0.0,middle
model.9.cv1.conv,69,0.0,middle
model.9.cv1.conv,70,0.0,middle
model.9.cv1.conv,71,0.0,middle
model.9.cv1.conv,72,0.0,middle
model.9.cv1.conv,73,0.0,middle
model.9.cv1.conv,74,0.0,middle
model.9.cv1.conv,75,0.0,middle
model.9.cv1.conv,76,0.0,middle
model.9.cv1.conv,77,0.0,middle
model.9.cv1.conv,78,0.0,middle
model.9.cv1.conv,79,0.0,middle
model.9.cv1.conv,80,0.0,middle
model.9.cv1.conv,81,0.0,middle
model.9.cv1.conv,82,0.0,middle
model.9.cv1.conv,83,0.0,middle
model.9.cv1.conv,84,0.0,middle
model.9.cv1.conv,85,0.0,middle
model.9.cv1.conv,86,0.0,middle
model.9.cv1.conv,87,0.0,middle
model.9.cv1.conv,88,0.0,middle
model.9.cv1.conv,89,0.0,middle
model.9.cv1.conv,90,0.0,middle
model.9.cv1.conv,91,0.0,middle
model.9.cv1.conv,92,0.0,middle
model.9.cv1.conv,93,0.0,middle
model.9.cv1.conv,94,0.0,middle
model.9.cv1.conv,95,0.0,middle
model.9.cv1.conv,96,0.0,middle
model.9.cv1.conv,97,0.0,middle
model.9.cv1.conv,98,0.0,middle
model.9.cv1.conv,99,0.0,middle
model.9.cv1.conv,100,0.0,middle
model.9.cv1.conv,101,0.0,middle
model.9.cv1.conv,102,0.0,middle
model.9.cv1.conv,103,0.0,middle
model.9.cv1.conv,104,0.0,middle
model.9.cv1.conv,105,0.0,middle
model.9.cv1.conv,106,0.0,middle
model.9.cv1.conv,107,0.0,middle
model.9.cv1.conv,108,0.0,middle
model.9.cv1.conv,109,0.0,middle
model.9.cv1.conv,110,0.0,middle
model.9.cv1.conv,111,0.0,middle
model.9.cv1.conv,112,0.0,middle
model.9.cv1.conv,113,0.0,middle
model.9.cv1.conv,114,0.0,middle
model.9.cv1.conv,115,0.0,middle
model.9.cv1.conv,116,0.0,middle
model.9.cv1.conv,117,0.0,middle
model.9.cv1.conv,118,0.0,middle
model.9.cv1.conv,119,0.0,middle
model.9.cv1.conv,120,0.0,middle
model.9.cv1.conv,121,0.0,middle
model.9.cv1.conv,122,0.0,middle
model.9.cv1.conv,123,0.0,middle
model.9.cv1.conv,124,0.0,middle
model.9.cv1.conv,125,0.0,middle
model.9.cv1.conv,126,0.0,middle
model.9.cv1.conv,127,0.0,middle
model.9.cv1.conv,128,0.0,middle
model.9.cv1.conv,129,0.0,middle
model.9.cv1.conv,130,0.0,middle
model.9.cv1.conv,131,0.0,middle
model.9.cv1.conv,132,0.0,middle
model.9.cv1.conv,133,0.0,middle
model.9.cv1.conv,134,0.0,middle
model.9.cv1.conv,135,0.0,middle
model.9.cv1.conv,136,0.0,middle
model.9.cv1.conv,137,0.0,middle
model.9.cv1.conv,138,0.0,middle
model.9.cv1.conv,139,0.0,middle
model.9.cv1.conv,140,0.0,middle
model.9.cv1.conv,141,0.0,middle
model.9.cv1.conv,142,0.0,middle
model.9.cv1.conv,143,0.0,middle
model.9.cv1.conv,144,0.0,middle
model.9.cv1.conv,145,0.0,middle
model.9.cv1.conv,146,0.0,middle
model.9.cv1.conv,147,0.0,middle
model.9.cv1.conv,148,0.0,middle
model.9.cv1.conv,149,0.0,middle
model.9.cv1.conv,150,0.0,middle
model.9.cv1.conv,151,0.0,middle
model.9.cv1.conv,152,0.0,middle
model.9.cv1.conv,153,0.0,middle
model.9.cv1.conv,154,0.0,middle
model.9.cv1.conv,155,0.0,middle
model.9.cv1.conv,156,0.0,middle
model.9.cv1.conv,157,0.0,middle
model.9.cv1.conv,158,0.0,middle
model.9.cv1.conv,159,0.0,middle
model.9.cv1.conv,160,0.0,middle
model.9.cv1.conv,161,0.0,middle
model.9.cv1.conv,162,0.0,middle
model.9.cv1.conv,163,0.0,middle
model.9.cv1.conv,164,0.0,middle
model.9.cv1.conv,165,0.0,middle
model.9.cv1.conv,166,0.0,middle
model.9.cv1.conv,167,0.0,middle
model.9.cv1.conv,168,0.0,middle
model.9.cv1.conv,169,0.0,middle
model.9.cv1.conv,170,0.0,middle
model.9.cv1.conv,171,0.0,middle
model.9.cv1.conv,172,0.0,middle
model.9.cv1.conv,173,0.0,middle
model.9.cv1.conv,174,0.0,middle
model.9.cv1.conv,175,0.0,middle
model.9.cv1.conv,176,0.0,middle
model.9.cv1.conv,177,0.0,middle
model.9.cv1.conv,178,0.0,middle
model.9.cv1.conv,179,0.0,middle
model.9.cv1.conv,180,0.0,middle
model.9.cv1.conv,181,0.0,middle
model.9.cv1.conv,182,0.0,middle
model.9.cv1.conv,183,0.0,middle
model.9.cv1.conv,184,0.0,middle
model.9.cv1.conv,185,0.0,middle
model.9.cv1.conv,186,0.0,middle
model.9.cv1.conv,187,0.0,middle
model.9.cv1.conv,188,0.0,middle
model.9.cv1.conv,189,0.0,middle
model.9.cv1.conv,190,0.0,middle
model.9.cv1.conv,191,0.0,middle
model.9.cv1.conv,192,0.0,middle
model.9.cv1.conv,193,0.0,middle
model.9.cv1.conv,194,0.0,middle
model.9.cv1.conv,195,0.0,middle
model.9.cv1.conv,196,0.0,middle
model.9.cv1.conv,197,0.0,middle
model.9.cv1.conv,198,0.0,middle
model.9.cv1.conv,199,0.0,middle
model.9.cv1.conv,200,0.0,middle
model.9.cv1.conv,201,0.0,middle
model.9.cv1.conv,202,0.0,middle
model.9.cv1.conv,203,0.0,middle
model.9.cv1.conv,204,0.0,middle
model.9.cv1.conv,205,0.0,middle
model.9.cv1.conv,206,0.0,middle
model.9.cv1.conv,207,0.0,middle
model.9.cv1.conv,208,0.0,middle
model.9.cv1.conv,209,0.0,middle
model.9.cv1.conv,210,0.0,middle
model.9.cv1.conv,211,0.0,middle
model.9.cv1.conv,212,0.0,middle
model.9.cv1.conv,213,0.0,middle
model.9.cv1.conv,214,0.0,middle
model.9.cv1.conv,215,0.0,middle
model.9.cv1.conv,216,0.0,middle
model.9.cv1.conv,217,0.0,middle
model.9.cv1.conv,218,0.0,middle
model.9.cv1.conv,219,0.0,middle
model.9.cv1.conv,220,0.0,middle
model.9.cv1.conv,221,0.0,middle
model.9.cv1.conv,222,0.0,middle
model.9.cv1.conv,223,0.0,middle
model.9.cv1.conv,224,0.0,middle
model.9.cv1.conv,225,0.0,middle
model.9.cv1.conv,226,0.0,middle
model.9.cv1.conv,227,0.0,middle
model.9.cv1.conv,228,0.0,middle
model.9.cv1.conv,229,0.0,middle
model.9.cv1.conv,230,0.0,middle
model.9.cv1.conv,231,0.0,middle
model.9.cv1.conv,232,0.0,middle
model.9.cv1.conv,233,0.0,middle
model.9.cv1.conv,234,0.0,middle
model.9.cv1.conv,235,0.0,middle
model.9.cv1.conv,236,0.0,middle
model.9.cv1.conv,237,0.0,middle
model.9.cv1.conv,238,0.0,middle
model.9.cv1.conv,239,0.0,middle
model.9.cv1.conv,240,0.0,middle
model.9.cv1.conv,241,0.0,middle
model.9.cv1.conv,242,0.0,middle
model.9.cv1.conv,243,0.0,middle
model.9.cv1.conv,244,0.0,middle
model.9.cv1.conv,245,0.0,middle
model.9.cv1.conv,246,0.0,middle
model.9.cv1.conv,247,0.0,middle
model.9.cv1.conv,248,0.0,middle
model.9.cv1.conv,249,0.0,middle
model.9.cv1.conv,250,0.0,middle
model.9.cv1.conv,251,0.0,middle
model.9.cv1.conv,252,0.0,middle
model.9.cv1.conv,253,0.0,middle
model.9.cv1.conv,254,0.0,middle
model.9.cv1.conv,255,0.0,middle
model.9.cv2.conv,0,0.0,middle
model.9.cv2.conv,1,0.0,middle
model.9.cv2.conv,2,0.0,middle
model.9.cv2.conv,3,0.0,middle
model.9.cv2.conv,4,86.0,middle
model.9.cv2.conv,5,61.0,middle
model.9.cv2.conv,6,0.0,middle
model.9.cv2.conv,7,0.0,middle
model.9.cv2.conv,8,0.0,middle
model.9.cv2.conv,9,0.0,middle
model.9.cv2.conv,10,0.0,middle
model.9.cv2.conv,11,0.0,middle
model.9.cv2.conv,12,6.0,middle
model.9.cv2.conv,13,0.0,middle
model.9.cv2.conv,14,290.0,middle
model.9.cv2.conv,15,0.0,middle
model.9.cv2.conv,16,0.0,middle
model.9.cv2.conv,17,0.0,middle
model.9.cv2.conv,18,0.0,middle
model.9.cv2.conv,19,0.0,middle
model.9.cv2.conv,20,0.0,middle
model.9.cv2.conv,21,0.0,middle
model.9.cv2.conv,22,0.0,middle
model.9.cv2.conv,23,0.0,middle
model.9.cv2.conv,24,0.0,middle
model.9.cv2.conv,25,0.0,middle
model.9.cv2.conv,26,0.0,middle
model.9.cv2.conv,27,0.0,middle
model.9.cv2.conv,28,0.0,middle
model.9.cv2.conv,29,0.0,middle
model.9.cv2.conv,30,0.0,middle
model.9.cv2.conv,31,0.0,middle
model.9.cv2.conv,32,0.0,middle
model.9.cv2.conv,33,0.0,middle
model.9.cv2.conv,34,0.0,middle
model.9.cv2.conv,35,0.0,middle
model.9.cv2.conv,36,0.0,middle
model.9.cv2.conv,37,0.0,middle
model.9.cv2.conv,38,0.0,middle
model.9.cv2.conv,39,0.0,middle
model.9.cv2.conv,40,0.0,middle
model.9.cv2.conv,41,0.0,middle
model.9.cv2.conv,42,0.0,middle
model.9.cv2.conv,43,0.0,middle
model.9.cv2.conv,44,0.0,middle
model.9.cv2.conv,45,0.0,middle
model.9.cv2.conv,46,9.0,middle
model.9.cv2.conv,47,0.0,middle
model.9.cv2.conv,48,0.0,middle
model.9.cv2.conv,49,0.0,middle
model.9.cv2.conv,50,0.0,middle
model.9.cv2.conv,51,0.0,middle
model.9.cv2.conv,52,0.0,middle
model.9.cv2.conv,53,0.0,middle
model.9.cv2.conv,54,0.0,middle
model.9.cv2.conv,55,0.0,middle
model.9.cv2.conv,56,0.0,middle
model.9.cv2.conv,57,0.0,middle
model.9.cv2.conv,58,0.0,middle
model.9.cv2.conv,59,6.0,middle
model.9.cv2.conv,60,0.0,middle
model.9.cv2.conv,61,0.0,middle
model.9.cv2.conv,62,0.0,middle
model.9.cv2.conv,63,0.0,middle
model.9.cv2.conv,64,0.0,middle
model.9.cv2.conv,65,270.0,middle
model.9.cv2.conv,66,0.0,middle
model.9.cv2.conv,67,0.0,middle
model.9.cv2.conv,68,0.0,middle
model.9.cv2.conv,69,0.0,middle
model.9.cv2.conv,70,0.0,middle
model.9.cv2.conv,71,0.0,middle
model.9.cv2.conv,72,0.0,middle
model.9.cv2.conv,73,0.0,middle
model.9.cv2.conv,74,0.0,middle
model.9.cv2.conv,75,0.0,middle
model.9.cv2.conv,76,17.0,middle
model.9.cv2.conv,77,21.0,middle
model.9.cv2.conv,78,0.0,middle
model.9.cv2.conv,79,0.0,middle
model.9.cv2.conv,80,0.0,middle
model.9.cv2.conv,81,0.0,middle
model.9.cv2.conv,82,0.0,middle
model.9.cv2.conv,83,0.0,middle
model.9.cv2.conv,84,0.0,middle
model.9.cv2.conv,85,0.0,middle
model.9.cv2.conv,86,0.0,middle
model.9.cv2.conv,87,0.0,middle
model.9.cv2.conv,88,0.0,middle
model.9.cv2.conv,89,0.0,middle
model.9.cv2.conv,90,0.0,middle
model.9.cv2.conv,91,0.0,middle
model.9.cv2.conv,92,0.0,middle
model.9.cv2.conv,93,20.0,middle
model.9.cv2.conv,94,0.0,middle
model.9.cv2.conv,95,0.0,middle
model.9.cv2.conv,96,0.0,middle
model.9.cv2.conv,97,0.0,middle
model.9.cv2.conv,98,0.0,middle
model.9.cv2.conv,99,0.0,middle
model.9.cv2.conv,100,0.0,middle
model.9.cv2.conv,101,0.0,middle
model.9.cv2.conv,102,317.0,middle
model.9.cv2.conv,103,0.0,middle
model.9.cv2.conv,104,0.0,middle
model.9.cv2.conv,105,0.0,middle
model.9.cv2.conv,106,0.0,middle
model.9.cv2.conv,107,0.0,middle
model.9.cv2.conv,108,0.0,middle
model.9.cv2.conv,109,0.0,middle
model.9.cv2.conv,110,0.0,middle
model.9.cv2.conv,111,0.0,middle
model.9.cv2.conv,112,0.0,middle
model.9.cv2.conv,113,0.0,middle
model.9.cv2.conv,114,0.0,middle
model.9.cv2.conv,115,0.0,middle
model.9.cv2.conv,116,0.0,middle
model.9.cv2.conv,117,0.0,middle
model.9.cv2.conv,118,0.0,middle
model.9.cv2.conv,119,0.0,middle
model.9.cv2.conv,120,0.0,middle
model.9.cv2.conv,121,0.0,middle
model.9.cv2.conv,122,0.0,middle
model.9.cv2.conv,123,0.0,middle
model.9.cv2.conv,124,0.0,middle
model.9.cv2.conv,125,17.0,middle
model.9.cv2.conv,126,0.0,middle
model.9.cv2.conv,127,0.0,middle
model.9.cv2.conv,128,0.0,middle
model.9.cv2.conv,129,0.0,middle
model.9.cv2.conv,130,0.0,middle
model.9.cv2.conv,131,0.0,middle
model.9.cv2.conv,132,0.0,middle
model.9.cv2.conv,133,0.0,middle
model.9.cv2.conv,134,0.0,middle
model.9.cv2.conv,135,0.0,middle
model.9.cv2.conv,136,0.0,middle
model.9.cv2.conv,137,13.0,middle
model.9.cv2.conv,138,0.0,middle
model.9.cv2.conv,139,0.0,middle
model.9.cv2.conv,140,0.0,middle
model.9.cv2.conv,141,0.0,middle
model.9.cv2.conv,142,0.0,middle
model.9.cv2.conv,143,0.0,middle
model.9.cv2.conv,144,0.0,middle
model.9.cv2.conv,145,0.0,middle
model.9.cv2.conv,146,0.0,middle
model.9.cv2.conv,147,27.0,middle
model.9.cv2.conv,148,0.0,middle
model.9.cv2.conv,149,0.0,middle
model.9.cv2.conv,150,15.0,middle
model.9.cv2.conv,151,0.0,middle
model.9.cv2.conv,152,0.0,middle
model.9.cv2.conv,153,0.0,middle
model.9.cv2.conv,154,0.0,middle
model.9.cv2.conv,155,0.0,middle
model.9.cv2.conv,156,0.0,middle
model.9.cv2.conv,157,0.0,middle
model.9.cv2.conv,158,0.0,middle
model.9.cv2.conv,159,550.0,middle
model.9.cv2.conv,160,0.0,middle
model.9.cv2.conv,161,0.0,middle
model.9.cv2.conv,162,0.0,middle
model.9.cv2.conv,163,0.0,middle
model.9.cv2.conv,164,0.0,middle
model.9.cv2.conv,165,0.0,middle
model.9.cv2.conv,166,0.0,middle
model.9.cv2.conv,167,0.0,middle
model.9.cv2.conv,168,0.0,middle
model.9.cv2.conv,169,0.0,middle
model.9.cv2.conv,170,0.0,middle
model.9.cv2.conv,171,0.0,middle
model.9.cv2.conv,172,0.0,middle
model.9.cv2.conv,173,0.0,middle
model.9.cv2.conv,174,0.0,middle
model.9.cv2.conv,175,0.0,middle
model.9.cv2.conv,176,0.0,middle
model.9.cv2.conv,177,0.0,middle
model.9.cv2.conv,178,0.0,middle
model.9.cv2.conv,179,0.0,middle
model.9.cv2.conv,180,0.0,middle
model.9.cv2.conv,181,0.0,middle
model.9.cv2.conv,182,16.0,middle
model.9.cv2.conv,183,0.0,middle
model.9.cv2.conv,184,0.0,middle
model.9.cv2.conv,185,0.0,middle
model.9.cv2.conv,186,0.0,middle
model.9.cv2.conv,187,0.0,middle
model.9.cv2.conv,188,0.0,middle
model.9.cv2.conv,189,0.0,middle
model.9.cv2.conv,190,0.0,middle
model.9.cv2.conv,191,0.0,middle
model.9.cv2.conv,192,0.0,middle
model.9.cv2.conv,193,0.0,middle
model.9.cv2.conv,194,0.0,middle
model.9.cv2.conv,195,62.0,middle
model.9.cv2.conv,196,0.0,middle
model.9.cv2.conv,197,0.0,middle
model.9.cv2.conv,198,0.0,middle
model.9.cv2.conv,199,0.0,middle
model.9.cv2.conv,200,0.0,middle
model.9.cv2.conv,201,0.0,middle
model.9.cv2.conv,202,74.0,middle
model.9.cv2.conv,203,5.0,middle
model.9.cv2.conv,204,0.0,middle
model.9.cv2.conv,205,0.0,middle
model.9.cv2.conv,206,5.0,middle
model.9.cv2.conv,207,0.0,middle
model.9.cv2.conv,208,0.0,middle
model.9.cv2.conv,209,0.0,middle
model.9.cv2.conv,210,0.0,middle
model.9.cv2.conv,211,0.0,middle
model.9.cv2.conv,212,0.0,middle
model.9.cv2.conv,213,0.0,middle
model.9.cv2.conv,214,0.0,middle
model.9.cv2.conv,215,32.0,middle
model.9.cv2.conv,216,0.0,middle
model.9.cv2.conv,217,72.0,middle
model.9.cv2.conv,218,0.0,middle
model.9.cv2.conv,219,0.0,middle
model.9.cv2.conv,220,0.0,middle
model.9.cv2.conv,221,0.0,middle
model.9.cv2.conv,222,0.0,middle
model.9.cv2.conv,223,13.0,middle
model.9.cv2.conv,224,0.0,middle
model.9.cv2.conv,225,0.0,middle
model.9.cv2.conv,226,0.0,middle
model.9.cv2.conv,227,48.0,middle
model.9.cv2.conv,228,0.0,middle
model.9.cv2.conv,229,0.0,middle
model.9.cv2.conv,230,0.0,middle
model.9.cv2.conv,231,0.0,middle
model.9.cv2.conv,232,0.0,middle
model.9.cv2.conv,233,0.0,middle
model.9.cv2.conv,234,0.0,middle
model.9.cv2.conv,235,0.0,middle
model.9.cv2.conv,236,0.0,middle
model.9.cv2.conv,237,0.0,middle
model.9.cv2.conv,238,0.0,middle
model.9.cv2.conv,239,0.0,middle
model.9.cv2.conv,240,0.0,middle
model.9.cv2.conv,241,21.0,middle
model.9.cv2.conv,242,0.0,middle
model.9.cv2.conv,243,0.0,middle
model.9.cv2.conv,244,0.0,middle
model.9.cv2.conv,245,47.0,middle
model.9.cv2.conv,246,0.0,middle
model.9.cv2.conv,247,0.0,middle
model.9.cv2.conv,248,0.0,middle
model.9.cv2.conv,249,31.0,middle
model.9.cv2.conv,250,0.0,middle
model.9.cv2.conv,251,0.0,middle
model.9.cv2.conv,252,0.0,middle
model.9.cv2.conv,253,0.0,middle
model.9.cv2.conv,254,9.0,middle
model.9.cv2.conv,255,0.0,middle
model.9.cv2.conv,256,0.0,middle
model.9.cv2.conv,257,0.0,middle
model.9.cv2.conv,258,0.0,middle
model.9.cv2.conv,259,0.0,middle
model.9.cv2.conv,260,32.0,middle
model.9.cv2.conv,261,0.0,middle
model.9.cv2.conv,262,0.0,middle
model.9.cv2.conv,263,0.0,middle
model.9.cv2.conv,264,0.0,middle
model.9.cv2.conv,265,0.0,middle
model.9.cv2.conv,266,0.0,middle
model.9.cv2.conv,267,0.0,middle
model.9.cv2.conv,268,0.0,middle
model.9.cv2.conv,269,0.0,middle
model.9.cv2.conv,270,0.0,middle
model.9.cv2.conv,271,0.0,middle
model.9.cv2.conv,272,0.0,middle
model.9.cv2.conv,273,0.0,middle
model.9.cv2.conv,274,0.0,middle
model.9.cv2.conv,275,49.0,middle
model.9.cv2.conv,276,0.0,middle
model.9.cv2.conv,277,0.0,middle
model.9.cv2.conv,278,0.0,middle
model.9.cv2.conv,279,0.0,middle
model.9.cv2.conv,280,0.0,middle
model.9.cv2.conv,281,0.0,middle
model.9.cv2.conv,282,0.0,middle
model.9.cv2.conv,283,0.0,middle
model.9.cv2.conv,284,51.0,middle
model.9.cv2.conv,285,0.0,middle
model.9.cv2.conv,286,0.0,middle
model.9.cv2.conv,287,120.0,middle
model.9.cv2.conv,288,0.0,middle
model.9.cv2.conv,289,0.0,middle
model.9.cv2.conv,290,0.0,middle
model.9.cv2.conv,291,0.0,middle
model.9.cv2.conv,292,0.0,middle
model.9.cv2.conv,293,0.0,middle
model.9.cv2.conv,294,29.0,middle
model.9.cv2.conv,295,0.0,middle
model.9.cv2.conv,296,0.0,middle
model.9.cv2.conv,297,24.0,middle
model.9.cv2.conv,298,0.0,middle
model.9.cv2.conv,299,0.0,middle
model.9.cv2.conv,300,0.0,middle
model.9.cv2.conv,301,3.0,middle
model.9.cv2.conv,302,0.0,middle
model.9.cv2.conv,303,0.0,middle
model.9.cv2.conv,304,0.0,middle
model.9.cv2.conv,305,0.0,middle
model.9.cv2.conv,306,0.0,middle
model.9.cv2.conv,307,127.0,middle
model.9.cv2.conv,308,0.0,middle
model.9.cv2.conv,309,0.0,middle
model.9.cv2.conv,310,499.0,middle
model.9.cv2.conv,311,0.0,middle
model.9.cv2.conv,312,0.0,middle
model.9.cv2.conv,313,0.0,middle
model.9.cv2.conv,314,0.0,middle
model.9.cv2.conv,315,0.0,middle
model.9.cv2.conv,316,0.0,middle
model.9.cv2.conv,317,0.0,middle
model.9.cv2.conv,318,0.0,middle
model.9.cv2.conv,319,45.0,middle
model.9.cv2.conv,320,0.0,middle
model.9.cv2.conv,321,0.0,middle
model.9.cv2.conv,322,0.0,middle
model.9.cv2.conv,323,0.0,middle
model.9.cv2.conv,324,0.0,middle
model.9.cv2.conv,325,34.0,middle
model.9.cv2.conv,326,0.0,middle
model.9.cv2.conv,327,0.0,middle
model.9.cv2.conv,328,0.0,middle
model.9.cv2.conv,329,0.0,middle
model.9.cv2.conv,330,0.0,middle
model.9.cv2.conv,331,0.0,middle
model.9.cv2.conv,332,0.0,middle
model.9.cv2.conv,333,0.0,middle
model.9.cv2.conv,334,0.0,middle
model.9.cv2.conv,335,0.0,middle
model.9.cv2.conv,336,0.0,middle
model.9.cv2.conv,337,0.0,middle
model.9.cv2.conv,338,0.0,middle
model.9.cv2.conv,339,0.0,middle
model.9.cv2.conv,340,0.0,middle
model.9.cv2.conv,341,0.0,middle
model.9.cv2.conv,342,0.0,middle
model.9.cv2.conv,343,0.0,middle
model.9.cv2.conv,344,0.0,middle
model.9.cv2.conv,345,0.0,middle
model.9.cv2.conv,346,0.0,middle
model.9.cv2.conv,347,0.0,middle
model.9.cv2.conv,348,0.0,middle
model.9.cv2.conv,349,0.0,middle
model.9.cv2.conv,350,0.0,middle
model.9.cv2.conv,351,0.0,middle
model.9.cv2.conv,352,0.0,middle
model.9.cv2.conv,353,33.0,middle
model.9.cv2.conv,354,0.0,middle
model.9.cv2.conv,355,0.0,middle
model.9.cv2.conv,356,34.0,middle
model.9.cv2.conv,357,0.0,middle
model.9.cv2.conv,358,0.0,middle
model.9.cv2.conv,359,0.0,middle
model.9.cv2.conv,360,0.0,middle
model.9.cv2.conv,361,0.0,middle
model.9.cv2.conv,362,0.0,middle
model.9.cv2.conv,363,0.0,middle
model.9.cv2.conv,364,0.0,middle
model.9.cv2.conv,365,0.0,middle
model.9.cv2.conv,366,0.0,middle
model.9.cv2.conv,367,0.0,middle
model.9.cv2.conv,368,0.0,middle
model.9.cv2.conv,369,0.0,middle
model.9.cv2.conv,370,0.0,middle
model.9.cv2.conv,371,0.0,middle
model.9.cv2.conv,372,0.0,middle
model.9.cv2.conv,373,0.0,middle
model.9.cv2.conv,374,0.0,middle
model.9.cv2.conv,375,0.0,middle
model.9.cv2.conv,376,0.0,middle
model.9.cv2.conv,377,19.0,middle
model.9.cv2.conv,378,0.0,middle
model.9.cv2.conv,379,0.0,middle
model.9.cv2.conv,380,0.0,middle
model.9.cv2.conv,381,55.0,middle
model.9.cv2.conv,382,0.0,middle
model.9.cv2.conv,383,0.0,middle
model.9.cv2.conv,384,0.0,middle
model.9.cv2.conv,385,0.0,middle
model.9.cv2.conv,386,0.0,middle
model.9.cv2.conv,387,0.0,middle
model.9.cv2.conv,388,0.0,middle
model.9.cv2.conv,389,0.0,middle
model.9.cv2.conv,390,0.0,middle
model.9.cv2.conv,391,0.0,middle
model.9.cv2.conv,392,0.0,middle
model.9.cv2.conv,393,10.0,middle
model.9.cv2.conv,394,0.0,middle
model.9.cv2.conv,395,0.0,middle
model.9.cv2.conv,396,0.0,middle
model.9.cv2.conv,397,0.0,middle
model.9.cv2.conv,398,0.0,middle
model.9.cv2.conv,399,0.0,middle
model.9.cv2.conv,400,0.0,middle
model.9.cv2.conv,401,7.0,middle
model.9.cv2.conv,402,8.0,middle
model.9.cv2.conv,403,0.0,middle
model.9.cv2.conv,404,0.0,middle
model.9.cv2.conv,405,0.0,middle
model.9.cv2.conv,406,0.0,middle
model.9.cv2.conv,407,71.0,middle
model.9.cv2.conv,408,0.0,middle
model.9.cv2.conv,409,0.0,middle
model.9.cv2.conv,410,0.0,middle
model.9.cv2.conv,411,0.0,middle
model.9.cv2.conv,412,0.0,middle
model.9.cv2.conv,413,0.0,middle
model.9.cv2.conv,414,61.0,middle
model.9.cv2.conv,415,0.0,middle
model.9.cv2.conv,416,0.0,middle
model.9.cv2.conv,417,0.0,middle
model.9.cv2.conv,418,34.0,middle
model.9.cv2.conv,419,0.0,middle
model.9.cv2.conv,420,0.0,middle
model.9.cv2.conv,421,0.0,middle
model.9.cv2.conv,422,0.0,middle
model.9.cv2.conv,423,0.0,middle
model.9.cv2.conv,424,0.0,middle
model.9.cv2.conv,425,0.0,middle
model.9.cv2.conv,426,0.0,middle
model.9.cv2.conv,427,0.0,middle
model.9.cv2.conv,428,0.0,middle
model.9.cv2.conv,429,11.0,middle
model.9.cv2.conv,430,17.0,middle
model.9.cv2.conv,431,0.0,middle
model.9.cv2.conv,432,0.0,middle
model.9.cv2.conv,433,0.0,middle
model.9.cv2.conv,434,0.0,middle
model.9.cv2.conv,435,0.0,middle
model.9.cv2.conv,436,0.0,middle
model.9.cv2.conv,437,0.0,middle
model.9.cv2.conv,438,0.0,middle
model.9.cv2.conv,439,0.0,middle
model.9.cv2.conv,440,0.0,middle
model.9.cv2.conv,441,0.0,middle
model.9.cv2.conv,442,0.0,middle
model.9.cv2.conv,443,0.0,middle
model.9.cv2.conv,444,0.0,middle
model.9.cv2.conv,445,0.0,middle
model.9.cv2.conv,446,685.0,middle
model.9.cv2.conv,447,0.0,middle
model.9.cv2.conv,448,10.0,middle
model.9.cv2.conv,449,0.0,middle
model.9.cv2.conv,450,0.0,middle
model.9.cv2.conv,451,0.0,middle
model.9.cv2.conv,452,0.0,middle
model.9.cv2.conv,453,0.0,middle
model.9.cv2.conv,454,21.0,middle
model.9.cv2.conv,455,0.0,middle
model.9.cv2.conv,456,0.0,middle
model.9.cv2.conv,457,0.0,middle
model.9.cv2.conv,458,0.0,middle
model.9.cv2.conv,459,0.0,middle
model.9.cv2.conv,460,0.0,middle
model.9.cv2.conv,461,0.0,middle
model.9.cv2.conv,462,0.0,middle
model.9.cv2.conv,463,0.0,middle
model.9.cv2.conv,464,0.0,middle
model.9.cv2.conv,465,0.0,middle
model.9.cv2.conv,466,0.0,middle
model.9.cv2.conv,467,0.0,middle
model.9.cv2.conv,468,0.0,middle
model.9.cv2.conv,469,0.0,middle
model.9.cv2.conv,470,0.0,middle
model.9.cv2.conv,471,0.0,middle
model.9.cv2.conv,472,0.0,middle
model.9.cv2.conv,473,15.0,middle
model.9.cv2.conv,474,45.0,middle
model.9.cv2.conv,475,0.0,middle
model.9.cv2.conv,476,0.0,middle
model.9.cv2.conv,477,8.0,middle
model.9.cv2.conv,478,0.0,middle
model.9.cv2.conv,479,0.0,middle
model.9.cv2.conv,480,19.0,middle
model.9.cv2.conv,481,11.0,middle
model.9.cv2.conv,482,0.0,middle
model.9.cv2.conv,483,0.0,middle
model.9.cv2.conv,484,0.0,middle
model.9.cv2.conv,485,0.0,middle
model.9.cv2.conv,486,0.0,middle
model.9.cv2.conv,487,429.0,middle
model.9.cv2.conv,488,47.0,middle
model.9.cv2.conv,489,13.0,middle
model.9.cv2.conv,490,0.0,middle
model.9.cv2.conv,491,0.0,middle
model.9.cv2.conv,492,0.0,middle
model.9.cv2.conv,493,0.0,middle
model.9.cv2.conv,494,10.0,middle
model.9.cv2.conv,495,0.0,middle
model.9.cv2.conv,496,0.0,middle
model.9.cv2.conv,497,0.0,middle
model.9.cv2.conv,498,0.0,middle
model.9.cv2.conv,499,0.0,middle
model.9.cv2.conv,500,0.0,middle
model.9.cv2.conv,501,0.0,middle
model.9.cv2.conv,502,0.0,middle
model.9.cv2.conv,503,0.0,middle
model.9.cv2.conv,504,0.0,middle
model.9.cv2.conv,505,0.0,middle
model.9.cv2.conv,506,0.0,middle
model.9.cv2.conv,507,0.0,middle
model.9.cv2.conv,508,0.0,middle
model.9.cv2.conv,509,0.0,middle
model.9.cv2.conv,510,0.0,middle
model.9.cv2.conv,511,0.0,middle
model.10.conv,0,0.0,middle
model.10.conv,1,0.0,middle
model.10.conv,2,0.0,middle
model.10.conv,3,0.0,middle
model.10.conv,4,0.0,middle
model.10.conv,5,0.0,middle
model.10.conv,6,0.0,middle
model.10.conv,7,0.0,middle
model.10.conv,8,19.0,middle
model.10.conv,9,0.0,middle
model.10.conv,10,0.0,middle
model.10.conv,11,0.0,middle
model.10.conv,12,0.0,middle
model.10.conv,13,0.0,middle
model.10.conv,14,0.0,middle
model.10.conv,15,0.0,middle
model.10.conv,16,0.0,middle
model.10.conv,17,0.0,middle
model.10.conv,18,26.0,middle
model.10.conv,19,27.0,middle
model.10.conv,20,0.0,middle
model.10.conv,21,0.0,middle
model.10.conv,22,0.0,middle
model.10.conv,23,0.0,middle
model.10.conv,24,0.0,middle
model.10.conv,25,0.0,middle
model.10.conv,26,0.0,middle
model.10.conv,27,0.0,middle
model.10.conv,28,0.0,middle
model.10.conv,29,6.0,middle
model.10.conv,30,9.0,middle
model.10.conv,31,0.0,middle
model.10.conv,32,0.0,middle
model.10.conv,33,0.0,middle
model.10.conv,34,0.0,middle
model.10.conv,35,336.0,middle
model.10.conv,36,0.0,middle
model.10.conv,37,0.0,middle
model.10.conv,38,0.0,middle
model.10.conv,39,0.0,middle
model.10.conv,40,0.0,middle
model.10.conv,41,0.0,middle
model.10.conv,42,0.0,middle
model.10.conv,43,0.0,middle
model.10.conv,44,0.0,middle
model.10.conv,45,71.0,middle
model.10.conv,46,0.0,middle
model.10.conv,47,0.0,middle
model.10.conv,48,0.0,middle
model.10.conv,49,0.0,middle
model.10.conv,50,0.0,middle
model.10.conv,51,0.0,middle
model.10.conv,52,0.0,middle
model.10.conv,53,0.0,middle
model.10.conv,54,0.0,middle
model.10.conv,55,0.0,middle
model.10.conv,56,0.0,middle
model.10.conv,57,0.0,middle
model.10.conv,58,0.0,middle
model.10.conv,59,0.0,middle
model.10.conv,60,0.0,middle
model.10.conv,61,0.0,middle
model.10.conv,62,6.0,middle
model.10.conv,63,0.0,middle
model.10.conv,64,0.0,middle
model.10.conv,65,0.0,middle
model.10.conv,66,0.0,middle
model.10.conv,67,0.0,middle
model.10.conv,68,82.0,middle
model.10.conv,69,0.0,middle
model.10.conv,70,0.0,middle
model.10.conv,71,0.0,middle
model.10.conv,72,0.0,middle
model.10.conv,73,0.0,middle
model.10.conv,74,0.0,middle
model.10.conv,75,0.0,middle
model.10.conv,76,0.0,middle
model.10.conv,77,0.0,middle
model.10.conv,78,0.0,middle
model.10.conv,79,0.0,middle
model.10.conv,80,0.0,middle
model.10.conv,81,57.0,middle
model.10.conv,82,0.0,middle
model.10.conv,83,0.0,middle
model.10.conv,84,0.0,middle
model.10.conv,85,0.0,middle
model.10.conv,86,0.0,middle
model.10.conv,87,0.0,middle
model.10.conv,88,0.0,middle
model.10.conv,89,0.0,middle
model.10.conv,90,0.0,middle
model.10.conv,91,0.0,middle
model.10.conv,92,0.0,middle
model.10.conv,93,0.0,middle
model.10.conv,94,0.0,middle
model.10.conv,95,11.0,middle
model.10.conv,96,0.0,middle
model.10.conv,97,0.0,middle
model.10.conv,98,0.0,middle
model.10.conv,99,0.0,middle
model.10.conv,100,0.0,middle
model.10.conv,101,0.0,middle
model.10.conv,102,0.0,middle
model.10.conv,103,223.0,middle
model.10.conv,104,0.0,middle
model.10.conv,105,0.0,middle
model.10.conv,106,0.0,middle
model.10.conv,107,0.0,middle
model.10.conv,108,9.0,middle
model.10.conv,109,0.0,middle
model.10.conv,110,0.0,middle
model.10.conv,111,0.0,middle
model.10.conv,112,0.0,middle
model.10.conv,113,0.0,middle
model.10.conv,114,0.0,middle
model.10.conv,115,0.0,middle
model.10.conv,116,0.0,middle
model.10.conv,117,0.0,middle
model.10.conv,118,0.0,middle
model.10.conv,119,0.0,middle
model.10.conv,120,0.0,middle
model.10.conv,121,0.0,middle
model.10.conv,122,0.0,middle
model.10.conv,123,0.0,middle
model.10.conv,124,0.0,middle
model.10.conv,125,0.0,middle
model.10.conv,126,0.0,middle
model.10.conv,127,0.0,middle
model.10.conv,128,0.0,middle
model.10.conv,129,0.0,middle
model.10.conv,130,0.0,middle
model.10.conv,131,0.0,middle
model.10.conv,132,0.0,middle
model.10.conv,133,0.0,middle
model.10.conv,134,0.0,middle
model.10.conv,135,17.0,middle
model.10.conv,136,0.0,middle
model.10.conv,137,0.0,middle
model.10.conv,138,0.0,middle
model.10.conv,139,0.0,middle
model.10.conv,140,0.0,middle
model.10.conv,141,0.0,middle
model.10.conv,142,0.0,middle
model.10.conv,143,0.0,middle
model.10.conv,144,0.0,middle
model.10.conv,145,0.0,middle
model.10.conv,146,0.0,middle
model.10.conv,147,0.0,middle
model.10.conv,148,0.0,middle
model.10.conv,149,0.0,middle
model.10.conv,150,0.0,middle
model.10.conv,151,0.0,middle
model.10.conv,152,0.0,middle
model.10.conv,153,49.0,middle
model.10.conv,154,0.0,middle
model.10.conv,155,425.0,middle
model.10.conv,156,0.0,middle
model.10.conv,157,0.0,middle
model.10.conv,158,0.0,middle
model.10.conv,159,0.0,middle
model.10.conv,160,0.0,middle
model.10.conv,161,0.0,middle
model.10.conv,162,0.0,middle
model.10.conv,163,0.0,middle
model.10.conv,164,0.0,middle
model.10.conv,165,0.0,middle
model.10.conv,166,0.0,middle
model.10.conv,167,0.0,middle
model.10.conv,168,121.0,middle
model.10.conv,169,0.0,middle
model.10.conv,170,0.0,middle
model.10.conv,171,0.0,middle
model.10.conv,172,0.0,middle
model.10.conv,173,0.0,middle
model.10.conv,174,0.0,middle
model.10.conv,175,0.0,middle
model.10.conv,176,0.0,middle
model.10.conv,177,0.0,middle
model.10.conv,178,0.0,middle
model.10.conv,179,0.0,middle
model.10.conv,180,0.0,middle
model.10.conv,181,0.0,middle
model.10.conv,182,0.0,middle
model.10.conv,183,0.0,middle
model.10.conv,184,0.0,middle
model.10.conv,185,0.0,middle
model.10.conv,186,0.0,middle
model.10.conv,187,0.0,middle
model.10.conv,188,0.0,middle
model.10.conv,189,0.0,middle
model.10.conv,190,0.0,middle
model.10.conv,191,0.0,middle
model.10.conv,192,0.0,middle
model.10.conv,193,0.0,middle
model.10.conv,194,0.0,middle
model.10.conv,195,0.0,middle
model.10.conv,196,0.0,middle
model.10.conv,197,0.0,middle
model.10.conv,198,0.0,middle
model.10.conv,199,0.0,middle
model.10.conv,200,0.0,middle
model.10.conv,201,0.0,middle
model.10.conv,202,73.0,middle
model.10.conv,203,13.0,middle
model.10.conv,204,0.0,middle
model.10.conv,205,16.0,middle
model.10.conv,206,0.0,middle
model.10.conv,207,0.0,middle
model.10.conv,208,0.0,middle
model.10.conv,209,0.0,middle
model.10.conv,210,127.0,middle
model.10.conv,211,0.0,middle
model.10.conv,212,31.0,middle
model.10.conv,213,0.0,middle
model.10.conv,214,0.0,middle
model.10.conv,215,0.0,middle
model.10.conv,216,0.0,middle
model.10.conv,217,0.0,middle
model.10.conv,218,6.0,middle
model.10.conv,219,246.0,middle
model.10.conv,220,113.0,middle
model.10.conv,221,0.0,middle
model.10.conv,222,6.0,middle
model.10.conv,223,0.0,middle
model.10.conv,224,0.0,middle
model.10.conv,225,0.0,middle
model.10.conv,226,0.0,middle
model.10.conv,227,0.0,middle
model.10.conv,228,0.0,middle
model.10.conv,229,0.0,middle
model.10.conv,230,0.0,middle
model.10.conv,231,26.0,middle
model.10.conv,232,0.0,middle
model.10.conv,233,0.0,middle
model.10.conv,234,0.0,middle
model.10.conv,235,0.0,middle
model.10.conv,236,0.0,middle
model.10.conv,237,0.0,middle
model.10.conv,238,0.0,middle
model.10.conv,239,0.0,middle
model.10.conv,240,0.0,middle
model.10.conv,241,0.0,middle
model.10.conv,242,0.0,middle
model.10.conv,243,0.0,middle
model.10.conv,244,0.0,middle
model.10.conv,245,0.0,middle
model.10.conv,246,0.0,middle
model.10.conv,247,0.0,middle
model.10.conv,248,0.0,middle
model.10.conv,249,0.0,middle
model.10.conv,250,0.0,middle
model.10.conv,251,0.0,middle
model.10.conv,252,0.0,middle
model.10.conv,253,0.0,middle
model.10.conv,254,0.0,middle
model.10.conv,255,0.0,middle
model.13.cv1.conv,0,0.0,middle
model.13.cv1.conv,1,0.0,middle
model.13.cv1.conv,2,0.0,middle
model.13.cv1.conv,3,0.0,middle
model.13.cv1.conv,4,0.0,middle
model.13.cv1.conv,5,0.0,middle
model.13.cv1.conv,6,0.0,middle
model.13.cv1.conv,7,0.0,middle
model.13.cv1.conv,8,0.0,middle
model.13.cv1.conv,9,0.0,middle
model.13.cv1.conv,10,0.0,middle
model.13.cv1.conv,11,0.0,middle
model.13.cv1.conv,12,0.0,middle
model.13.cv1.conv,13,0.0,middle
model.13.cv1.conv,14,0.0,middle
model.13.cv1.conv,15,0.0,middle
model.13.cv1.conv,16,0.0,middle
model.13.cv1.conv,17,0.0,middle
model.13.cv1.conv,18,0.0,middle
model.13.cv1.conv,19,0.0,middle
model.13.cv1.conv,20,0.0,middle
model.13.cv1.conv,21,0.0,middle
model.13.cv1.conv,22,0.0,middle
model.13.cv1.conv,23,0.0,middle
model.13.cv1.conv,24,0.0,middle
model.13.cv1.conv,25,0.0,middle
model.13.cv1.conv,26,0.0,middle
model.13.cv1.conv,27,0.0,middle
model.13.cv1.conv,28,0.0,middle
model.13.cv1.conv,29,0.0,middle
model.13.cv1.conv,30,0.0,middle
model.13.cv1.conv,31,0.0,middle
model.13.cv1.conv,32,0.0,middle
model.13.cv1.conv,33,0.0,middle
model.13.cv1.conv,34,0.0,middle
model.13.cv1.conv,35,0.0,middle
model.13.cv1.conv,36,0.0,middle
model.13.cv1.conv,37,0.0,middle
model.13.cv1.conv,38,0.0,middle
model.13.cv1.conv,39,0.0,middle
model.13.cv1.conv,40,0.0,middle
model.13.cv1.conv,41,0.0,middle
model.13.cv1.conv,42,0.0,middle
model.13.cv1.conv,43,0.0,middle
model.13.cv1.conv,44,0.0,middle
model.13.cv1.conv,45,0.0,middle
model.13.cv1.conv,46,0.0,middle
model.13.cv1.conv,47,0.0,middle
model.13.cv1.conv,48,0.0,middle
model.13.cv1.conv,49,0.0,middle
model.13.cv1.conv,50,0.0,middle
model.13.cv1.conv,51,0.0,middle
model.13.cv1.conv,52,0.0,middle
model.13.cv1.conv,53,0.0,middle
model.13.cv1.conv,54,0.0,middle
model.13.cv1.conv,55,0.0,middle
model.13.cv1.conv,56,0.0,middle
model.13.cv1.conv,57,0.0,middle
model.13.cv1.conv,58,0.0,middle
model.13.cv1.conv,59,0.0,middle
model.13.cv1.conv,60,0.0,middle
model.13.cv1.conv,61,0.0,middle
model.13.cv1.conv,62,0.0,middle
model.13.cv1.conv,63,0.0,middle
model.13.cv1.conv,64,0.0,middle
model.13.cv1.conv,65,0.0,middle
model.13.cv1.conv,66,0.0,middle
model.13.cv1.conv,67,0.0,middle
model.13.cv1.conv,68,0.0,middle
model.13.cv1.conv,69,0.0,middle
model.13.cv1.conv,70,0.0,middle
model.13.cv1.conv,71,0.0,middle
model.13.cv1.conv,72,0.0,middle
model.13.cv1.conv,73,0.0,middle
model.13.cv1.conv,74,0.0,middle
model.13.cv1.conv,75,0.0,middle
model.13.cv1.conv,76,0.0,middle
model.13.cv1.conv,77,0.0,middle
model.13.cv1.conv,78,0.0,middle
model.13.cv1.conv,79,0.0,middle
model.13.cv1.conv,80,0.0,middle
model.13.cv1.conv,81,0.0,middle
model.13.cv1.conv,82,0.0,middle
model.13.cv1.conv,83,0.0,middle
model.13.cv1.conv,84,0.0,middle
model.13.cv1.conv,85,0.0,middle
model.13.cv1.conv,86,0.0,middle
model.13.cv1.conv,87,0.0,middle
model.13.cv1.conv,88,0.0,middle
model.13.cv1.conv,89,0.0,middle
model.13.cv1.conv,90,0.0,middle
model.13.cv1.conv,91,0.0,middle
model.13.cv1.conv,92,0.0,middle
model.13.cv1.conv,93,0.0,middle
model.13.cv1.conv,94,0.0,middle
model.13.cv1.conv,95,0.0,middle
model.13.cv1.conv,96,0.0,middle
model.13.cv1.conv,97,0.0,middle
model.13.cv1.conv,98,0.0,middle
model.13.cv1.conv,99,6.0,middle
model.13.cv1.conv,100,0.0,middle
model.13.cv1.conv,101,0.0,middle
model.13.cv1.conv,102,0.0,middle
model.13.cv1.conv,103,0.0,middle
model.13.cv1.conv,104,0.0,middle
model.13.cv1.conv,105,0.0,middle
model.13.cv1.conv,106,0.0,middle
model.13.cv1.conv,107,0.0,middle
model.13.cv1.conv,108,0.0,middle
model.13.cv1.conv,109,0.0,middle
model.13.cv1.conv,110,0.0,middle
model.13.cv1.conv,111,0.0,middle
model.13.cv1.conv,112,0.0,middle
model.13.cv1.conv,113,0.0,middle
model.13.cv1.conv,114,0.0,middle
model.13.cv1.conv,115,0.0,middle
model.13.cv1.conv,116,0.0,middle
model.13.cv1.conv,117,0.0,middle
model.13.cv1.conv,118,0.0,middle
model.13.cv1.conv,119,0.0,middle
model.13.cv1.conv,120,0.0,middle
model.13.cv1.conv,121,0.0,middle
model.13.cv1.conv,122,0.0,middle
model.13.cv1.conv,123,0.0,middle
model.13.cv1.conv,124,0.0,middle
model.13.cv1.conv,125,0.0,middle
model.13.cv1.conv,126,0.0,middle
model.13.cv1.conv,127,0.0,middle
model.13.cv2.conv,0,0.0,middle
model.13.cv2.conv,1,0.0,middle
model.13.cv2.conv,2,0.0,middle
model.13.cv2.conv,3,0.0,middle
model.13.cv2.conv,4,0.0,middle
model.13.cv2.conv,5,0.0,middle
model.13.cv2.conv,6,0.0,middle
model.13.cv2.conv,7,0.0,middle
model.13.cv2.conv,8,0.0,middle
model.13.cv2.conv,9,0.0,middle
model.13.cv2.conv,10,0.0,middle
model.13.cv2.conv,11,0.0,middle
model.13.cv2.conv,12,0.0,middle
model.13.cv2.conv,13,0.0,middle
model.13.cv2.conv,14,0.0,middle
model.13.cv2.conv,15,0.0,middle
model.13.cv2.conv,16,0.0,middle
model.13.cv2.conv,17,0.0,middle
model.13.cv2.conv,18,0.0,middle
model.13.cv2.conv,19,0.0,middle
model.13.cv2.conv,20,0.0,middle
model.13.cv2.conv,21,0.0,middle
model.13.cv2.conv,22,0.0,middle
model.13.cv2.conv,23,0.0,middle
model.13.cv2.conv,24,0.0,middle
model.13.cv2.conv,25,0.0,middle
model.13.cv2.conv,26,0.0,middle
model.13.cv2.conv,27,0.0,middle
model.13.cv2.conv,28,0.0,middle
model.13.cv2.conv,29,0.0,middle
model.13.cv2.conv,30,0.0,middle
model.13.cv2.conv,31,0.0,middle
model.13.cv2.conv,32,0.0,middle
model.13.cv2.conv,33,0.0,middle
model.13.cv2.conv,34,0.0,middle
model.13.cv2.conv,35,0.0,middle
model.13.cv2.conv,36,0.0,middle
model.13.cv2.conv,37,0.0,middle
model.13.cv2.conv,38,0.0,middle
model.13.cv2.conv,39,0.0,middle
model.13.cv2.conv,40,0.0,middle
model.13.cv2.conv,41,0.0,middle
model.13.cv2.conv,42,0.0,middle
model.13.cv2.conv,43,0.0,middle
model.13.cv2.conv,44,0.0,middle
model.13.cv2.conv,45,0.0,middle
model.13.cv2.conv,46,0.0,middle
model.13.cv2.conv,47,0.0,middle
model.13.cv2.conv,48,0.0,middle
model.13.cv2.conv,49,0.0,middle
model.13.cv2.conv,50,0.0,middle
model.13.cv2.conv,51,0.0,middle
model.13.cv2.conv,52,0.0,middle
model.13.cv2.conv,53,0.0,middle
model.13.cv2.conv,54,0.0,middle
model.13.cv2.conv,55,0.0,middle
model.13.cv2.conv,56,0.0,middle
model.13.cv2.conv,57,0.0,middle
model.13.cv2.conv,58,0.0,middle
model.13.cv2.conv,59,0.0,middle
model.13.cv2.conv,60,0.0,middle
model.13.cv2.conv,61,0.0,middle
model.13.cv2.conv,62,0.0,middle
model.13.cv2.conv,63,0.0,middle
model.13.cv2.conv,64,0.0,middle
model.13.cv2.conv,65,0.0,middle
model.13.cv2.conv,66,0.0,middle
model.13.cv2.conv,67,0.0,middle
model.13.cv2.conv,68,0.0,middle
model.13.cv2.conv,69,0.0,middle
model.13.cv2.conv,70,0.0,middle
model.13.cv2.conv,71,0.0,middle
model.13.cv2.conv,72,0.0,middle
model.13.cv2.conv,73,0.0,middle
model.13.cv2.conv,74,0.0,middle
model.13.cv2.conv,75,0.0,middle
model.13.cv2.conv,76,0.0,middle
model.13.cv2.conv,77,0.0,middle
model.13.cv2.conv,78,0.0,middle
model.13.cv2.conv,79,0.0,middle
model.13.cv2.conv,80,0.0,middle
model.13.cv2.conv,81,0.0,middle
model.13.cv2.conv,82,0.0,middle
model.13.cv2.conv,83,0.0,middle
model.13.cv2.conv,84,0.0,middle
model.13.cv2.conv,85,0.0,middle
model.13.cv2.conv,86,0.0,middle
model.13.cv2.conv,87,0.0,middle
model.13.cv2.conv,88,0.0,middle
model.13.cv2.conv,89,0.0,middle
model.13.cv2.conv,90,0.0,middle
model.13.cv2.conv,91,0.0,middle
model.13.cv2.conv,92,0.0,middle
model.13.cv2.conv,93,0.0,middle
model.13.cv2.conv,94,0.0,middle
model.13.cv2.conv,95,0.0,middle
model.13.cv2.conv,96,0.0,middle
model.13.cv2.conv,97,0.0,middle
model.13.cv2.conv,98,0.0,middle
model.13.cv2.conv,99,0.0,middle
model.13.cv2.conv,100,0.0,middle
model.13.cv2.conv,101,0.0,middle
model.13.cv2.conv,102,0.0,middle
model.13.cv2.conv,103,0.0,middle
model.13.cv2.conv,104,0.0,middle
model.13.cv2.conv,105,0.0,middle
model.13.cv2.conv,106,0.0,middle
model.13.cv2.conv,107,0.0,middle
model.13.cv2.conv,108,0.0,middle
model.13.cv2.conv,109,0.0,middle
model.13.cv2.conv,110,0.0,middle
model.13.cv2.conv,111,0.0,middle
model.13.cv2.conv,112,0.0,middle
model.13.cv2.conv,113,0.0,middle
model.13.cv2.conv,114,0.0,middle
model.13.cv2.conv,115,0.0,middle
model.13.cv2.conv,116,0.0,middle
model.13.cv2.conv,117,0.0,middle
model.13.cv2.conv,118,0.0,middle
model.13.cv2.conv,119,0.0,middle
model.13.cv2.conv,120,0.0,middle
model.13.cv2.conv,121,0.0,middle
model.13.cv2.conv,122,0.0,middle
model.13.cv2.conv,123,0.0,middle
model.13.cv2.conv,124,0.0,middle
model.13.cv2.conv,125,0.0,middle
model.13.cv2.conv,126,0.0,middle
model.13.cv2.conv,127,0.0,middle
model.13.cv3.conv,0,0.0,middle
model.13.cv3.conv,1,0.0,middle
model.13.cv3.conv,2,0.0,middle
model.13.cv3.conv,3,0.0,middle
model.13.cv3.conv,4,0.0,middle
model.13.cv3.conv,5,0.0,middle
model.13.cv3.conv,6,0.0,middle
model.13.cv3.conv,7,0.0,middle
model.13.cv3.conv,8,0.0,middle
model.13.cv3.conv,9,0.0,middle
model.13.cv3.conv,10,0.0,middle
model.13.cv3.conv,11,0.0,middle
model.13.cv3.conv,12,0.0,middle
model.13.cv3.conv,13,0.0,middle
model.13.cv3.conv,14,0.0,middle
model.13.cv3.conv,15,0.0,middle
model.13.cv3.conv,16,0.0,middle
model.13.cv3.conv,17,0.0,middle
model.13.cv3.conv,18,0.0,middle
model.13.cv3.conv,19,0.0,middle
model.13.cv3.conv,20,0.0,middle
model.13.cv3.conv,21,0.0,middle
model.13.cv3.conv,22,0.0,middle
model.13.cv3.conv,23,0.0,middle
model.13.cv3.conv,24,0.0,middle
model.13.cv3.conv,25,0.0,middle
model.13.cv3.conv,26,0.0,middle
model.13.cv3.conv,27,0.0,middle
model.13.cv3.conv,28,0.0,middle
model.13.cv3.conv,29,0.0,middle
model.13.cv3.conv,30,0.0,middle
model.13.cv3.conv,31,0.0,middle
model.13.cv3.conv,32,0.0,middle
model.13.cv3.conv,33,0.0,middle
model.13.cv3.conv,34,0.0,middle
model.13.cv3.conv,35,0.0,middle
model.13.cv3.conv,36,0.0,middle
model.13.cv3.conv,37,0.0,middle
model.13.cv3.conv,38,0.0,middle
model.13.cv3.conv,39,0.0,middle
model.13.cv3.conv,40,0.0,middle
model.13.cv3.conv,41,0.0,middle
model.13.cv3.conv,42,0.0,middle
model.13.cv3.conv,43,0.0,middle
model.13.cv3.conv,44,0.0,middle
model.13.cv3.conv,45,0.0,middle
model.13.cv3.conv,46,0.0,middle
model.13.cv3.conv,47,0.0,middle
model.13.cv3.conv,48,0.0,middle
model.13.cv3.conv,49,0.0,middle
model.13.cv3.conv,50,0.0,middle
model.13.cv3.conv,51,0.0,middle
model.13.cv3.conv,52,0.0,middle
model.13.cv3.conv,53,0.0,middle
model.13.cv3.conv,54,0.0,middle
model.13.cv3.conv,55,0.0,middle
model.13.cv3.conv,56,0.0,middle
model.13.cv3.conv,57,0.0,middle
model.13.cv3.conv,58,0.0,middle
model.13.cv3.conv,59,0.0,middle
model.13.cv3.conv,60,0.0,middle
model.13.cv3.conv,61,0.0,middle
model.13.cv3.conv,62,0.0,middle
model.13.cv3.conv,63,0.0,middle
model.13.cv3.conv,64,0.0,middle
model.13.cv3.conv,65,0.0,middle
model.13.cv3.conv,66,0.0,middle
model.13.cv3.conv,67,0.0,middle
model.13.cv3.conv,68,0.0,middle
model.13.cv3.conv,69,0.0,middle
model.13.cv3.conv,70,0.0,middle
model.13.cv3.conv,71,0.0,middle
model.13.cv3.conv,72,0.0,middle
model.13.cv3.conv,73,0.0,middle
model.13.cv3.conv,74,0.0,middle
model.13.cv3.conv,75,0.0,middle
model.13.cv3.conv,76,0.0,middle
model.13.cv3.conv,77,0.0,middle
model.13.cv3.conv,78,0.0,middle
model.13.cv3.conv,79,0.0,middle
model.13.cv3.conv,80,0.0,middle
model.13.cv3.conv,81,0.0,middle
model.13.cv3.conv,82,0.0,middle
model.13.cv3.conv,83,0.0,middle
model.13.cv3.conv,84,0.0,middle
model.13.cv3.conv,85,0.0,middle
model.13.cv3.conv,86,0.0,middle
model.13.cv3.conv,87,0.0,middle
model.13.cv3.conv,88,10.0,middle
model.13.cv3.conv,89,0.0,middle
model.13.cv3.conv,90,0.0,middle
model.13.cv3.conv,91,0.0,middle
model.13.cv3.conv,92,0.0,middle
model.13.cv3.conv,93,0.0,middle
model.13.cv3.conv,94,0.0,middle
model.13.cv3.conv,95,0.0,middle
model.13.cv3.conv,96,0.0,middle
model.13.cv3.conv,97,0.0,middle
model.13.cv3.conv,98,0.0,middle
model.13.cv3.conv,99,0.0,middle
model.13.cv3.conv,100,0.0,middle
model.13.cv3.conv,101,0.0,middle
model.13.cv3.conv,102,0.0,middle
model.13.cv3.conv,103,0.0,middle
model.13.cv3.conv,104,0.0,middle
model.13.cv3.conv,105,0.0,middle
model.13.cv3.conv,106,0.0,middle
model.13.cv3.conv,107,0.0,middle
model.13.cv3.conv,108,0.0,middle
model.13.cv3.conv,109,0.0,middle
model.13.cv3.conv,110,0.0,middle
model.13.cv3.conv,111,0.0,middle
model.13.cv3.conv,112,0.0,middle
model.13.cv3.conv,113,0.0,middle
model.13.cv3.conv,114,0.0,middle
model.13.cv3.conv,115,0.0,middle
model.13.cv3.conv,116,0.0,middle
model.13.cv3.conv,117,0.0,middle
model.13.cv3.conv,118,0.0,middle
model.13.cv3.conv,119,0.0,middle
model.13.cv3.conv,120,0.0,middle
model.13.cv3.conv,121,0.0,middle
model.13.cv3.conv,122,0.0,middle
model.13.cv3.conv,123,0.0,middle
model.13.cv3.conv,124,0.0,middle
model.13.cv3.conv,125,0.0,middle
model.13.cv3.conv,126,0.0,middle
model.13.cv3.conv,127,0.0,middle
model.13.cv3.conv,128,0.0,middle
model.13.cv3.conv,129,0.0,middle
model.13.cv3.conv,130,0.0,middle
model.13.cv3.conv,131,0.0,middle
model.13.cv3.conv,132,0.0,middle
model.13.cv3.conv,133,0.0,middle
model.13.cv3.conv,134,0.0,middle
model.13.cv3.conv,135,0.0,middle
model.13.cv3.conv,136,0.0,middle
model.13.cv3.conv,137,0.0,middle
model.13.cv3.conv,138,0.0,middle
model.13.cv3.conv,139,0.0,middle
model.13.cv3.conv,140,0.0,middle
model.13.cv3.conv,141,0.0,middle
model.13.cv3.conv,142,0.0,middle
model.13.cv3.conv,143,0.0,middle
model.13.cv3.conv,144,0.0,middle
model.13.cv3.conv,145,0.0,middle
model.13.cv3.conv,146,0.0,middle
model.13.cv3.conv,147,0.0,middle
model.13.cv3.conv,148,0.0,middle
model.13.cv3.conv,149,0.0,middle
model.13.cv3.conv,150,0.0,middle
model.13.cv3.conv,151,0.0,middle
model.13.cv3.conv,152,0.0,middle
model.13.cv3.conv,153,0.0,middle
model.13.cv3.conv,154,0.0,middle
model.13.cv3.conv,155,0.0,middle
model.13.cv3.conv,156,0.0,middle
model.13.cv3.conv,157,0.0,middle
model.13.cv3.conv,158,0.0,middle
model.13.cv3.conv,159,0.0,middle
model.13.cv3.conv,160,0.0,middle
model.13.cv3.conv,161,0.0,middle
model.13.cv3.conv,162,0.0,middle
model.13.cv3.conv,163,0.0,middle
model.13.cv3.conv,164,0.0,middle
model.13.cv3.conv,165,0.0,middle
model.13.cv3.conv,166,0.0,middle
model.13.cv3.conv,167,0.0,middle
model.13.cv3.conv,168,0.0,middle
model.13.cv3.conv,169,0.0,middle
model.13.cv3.conv,170,0.0,middle
model.13.cv3.conv,171,0.0,middle
model.13.cv3.conv,172,0.0,middle
model.13.cv3.conv,173,0.0,middle
model.13.cv3.conv,174,0.0,middle
model.13.cv3.conv,175,0.0,middle
model.13.cv3.conv,176,0.0,middle
model.13.cv3.conv,177,0.0,middle
model.13.cv3.conv,178,1788.0,middle
model.13.cv3.conv,179,0.0,middle
model.13.cv3.conv,180,0.0,middle
model.13.cv3.conv,181,0.0,middle
model.13.cv3.conv,182,0.0,middle
model.13.cv3.conv,183,0.0,middle
model.13.cv3.conv,184,0.0,middle
model.13.cv3.conv,185,0.0,middle
model.13.cv3.conv,186,0.0,middle
model.13.cv3.conv,187,0.0,middle
model.13.cv3.conv,188,0.0,middle
model.13.cv3.conv,189,0.0,middle
model.13.cv3.conv,190,0.0,middle
model.13.cv3.conv,191,0.0,middle
model.13.cv3.conv,192,0.0,middle
model.13.cv3.conv,193,0.0,middle
model.13.cv3.conv,194,0.0,middle
model.13.cv3.conv,195,0.0,middle
model.13.cv3.conv,196,0.0,middle
model.13.cv3.conv,197,0.0,middle
model.13.cv3.conv,198,0.0,middle
model.13.cv3.conv,199,0.0,middle
model.13.cv3.conv,200,0.0,middle
model.13.cv3.conv,201,0.0,middle
model.13.cv3.conv,202,0.0,middle
model.13.cv3.conv,203,0.0,middle
model.13.cv3.conv,204,0.0,middle
model.13.cv3.conv,205,0.0,middle
model.13.cv3.conv,206,0.0,middle
model.13.cv3.conv,207,0.0,middle
model.13.cv3.conv,208,0.0,middle
model.13.cv3.conv,209,0.0,middle
model.13.cv3.conv,210,0.0,middle
model.13.cv3.conv,211,0.0,middle
model.13.cv3.conv,212,0.0,middle
model.13.cv3.conv,213,0.0,middle
model.13.cv3.conv,214,0.0,middle
model.13.cv3.conv,215,0.0,middle
model.13.cv3.conv,216,0.0,middle
model.13.cv3.conv,217,0.0,middle
model.13.cv3.conv,218,0.0,middle
model.13.cv3.conv,219,0.0,middle
model.13.cv3.conv,220,0.0,middle
model.13.cv3.conv,221,0.0,middle
model.13.cv3.conv,222,0.0,middle
model.13.cv3.conv,223,0.0,middle
model.13.cv3.conv,224,0.0,middle
model.13.cv3.conv,225,0.0,middle
model.13.cv3.conv,226,0.0,middle
model.13.cv3.conv,227,0.0,middle
model.13.cv3.conv,228,0.0,middle
model.13.cv3.conv,229,0.0,middle
model.13.cv3.conv,230,0.0,middle
model.13.cv3.conv,231,0.0,middle
model.13.cv3.conv,232,0.0,middle
model.13.cv3.conv,233,0.0,middle
model.13.cv3.conv,234,0.0,middle
model.13.cv3.conv,235,0.0,middle
model.13.cv3.conv,236,0.0,middle
model.13.cv3.conv,237,0.0,middle
model.13.cv3.conv,238,0.0,middle
model.13.cv3.conv,239,0.0,middle
model.13.cv3.conv,240,0.0,middle
model.13.cv3.conv,241,0.0,middle
model.13.cv3.conv,242,0.0,middle
model.13.cv3.conv,243,0.0,middle
model.13.cv3.conv,244,0.0,middle
model.13.cv3.conv,245,0.0,middle
model.13.cv3.conv,246,0.0,middle
model.13.cv3.conv,247,0.0,middle
model.13.cv3.conv,248,0.0,middle
model.13.cv3.conv,249,0.0,middle
model.13.cv3.conv,250,0.0,middle
model.13.cv3.conv,251,0.0,middle
model.13.cv3.conv,252,0.0,middle
model.13.cv3.conv,253,0.0,middle
model.13.cv3.conv,254,0.0,middle
model.13.cv3.conv,255,0.0,middle
model.13.m.0.cv1.conv,0,0.0,middle
model.13.m.0.cv1.conv,1,0.0,middle
model.13.m.0.cv1.conv,2,0.0,middle
model.13.m.0.cv1.conv,3,0.0,middle
model.13.m.0.cv1.conv,4,0.0,middle
model.13.m.0.cv1.conv,5,0.0,middle
model.13.m.0.cv1.conv,6,0.0,middle
model.13.m.0.cv1.conv,7,0.0,middle
model.13.m.0.cv1.conv,8,0.0,middle
model.13.m.0.cv1.conv,9,0.0,middle
model.13.m.0.cv1.conv,10,0.0,middle
model.13.m.0.cv1.conv,11,0.0,middle
model.13.m.0.cv1.conv,12,0.0,middle
model.13.m.0.cv1.conv,13,0.0,middle
model.13.m.0.cv1.conv,14,0.0,middle
model.13.m.0.cv1.conv,15,0.0,middle
model.13.m.0.cv1.conv,16,0.0,middle
model.13.m.0.cv1.conv,17,0.0,middle
model.13.m.0.cv1.conv,18,0.0,middle
model.13.m.0.cv1.conv,19,0.0,middle
model.13.m.0.cv1.conv,20,0.0,middle
model.13.m.0.cv1.conv,21,0.0,middle
model.13.m.0.cv1.conv,22,0.0,middle
model.13.m.0.cv1.conv,23,0.0,middle
model.13.m.0.cv1.conv,24,0.0,middle
model.13.m.0.cv1.conv,25,0.0,middle
model.13.m.0.cv1.conv,26,0.0,middle
model.13.m.0.cv1.conv,27,0.0,middle
model.13.m.0.cv1.conv,28,0.0,middle
model.13.m.0.cv1.conv,29,0.0,middle
model.13.m.0.cv1.conv,30,0.0,middle
model.13.m.0.cv1.conv,31,0.0,middle
model.13.m.0.cv1.conv,32,0.0,middle
model.13.m.0.cv1.conv,33,0.0,middle
model.13.m.0.cv1.conv,34,0.0,middle
model.13.m.0.cv1.conv,35,0.0,middle
model.13.m.0.cv1.conv,36,0.0,middle
model.13.m.0.cv1.conv,37,0.0,middle
model.13.m.0.cv1.conv,38,0.0,middle
model.13.m.0.cv1.conv,39,0.0,middle
model.13.m.0.cv1.conv,40,0.0,middle
model.13.m.0.cv1.conv,41,0.0,middle
model.13.m.0.cv1.conv,42,0.0,middle
model.13.m.0.cv1.conv,43,0.0,middle
model.13.m.0.cv1.conv,44,0.0,middle
model.13.m.0.cv1.conv,45,0.0,middle
model.13.m.0.cv1.conv,46,0.0,middle
model.13.m.0.cv1.conv,47,0.0,middle
model.13.m.0.cv1.conv,48,0.0,middle
model.13.m.0.cv1.conv,49,0.0,middle
model.13.m.0.cv1.conv,50,0.0,middle
model.13.m.0.cv1.conv,51,0.0,middle
model.13.m.0.cv1.conv,52,0.0,middle
model.13.m.0.cv1.conv,53,0.0,middle
model.13.m.0.cv1.conv,54,0.0,middle
model.13.m.0.cv1.conv,55,0.0,middle
model.13.m.0.cv1.conv,56,0.0,middle
model.13.m.0.cv1.conv,57,0.0,middle
model.13.m.0.cv1.conv,58,0.0,middle
model.13.m.0.cv1.conv,59,0.0,middle
model.13.m.0.cv1.conv,60,0.0,middle
model.13.m.0.cv1.conv,61,0.0,middle
model.13.m.0.cv1.conv,62,0.0,middle
model.13.m.0.cv1.conv,63,0.0,middle
model.13.m.0.cv1.conv,64,0.0,middle
model.13.m.0.cv1.conv,65,0.0,middle
model.13.m.0.cv1.conv,66,0.0,middle
model.13.m.0.cv1.conv,67,0.0,middle
model.13.m.0.cv1.conv,68,0.0,middle
model.13.m.0.cv1.conv,69,0.0,middle
model.13.m.0.cv1.conv,70,0.0,middle
model.13.m.0.cv1.conv,71,0.0,middle
model.13.m.0.cv1.conv,72,0.0,middle
model.13.m.0.cv1.conv,73,0.0,middle
model.13.m.0.cv1.conv,74,0.0,middle
model.13.m.0.cv1.conv,75,0.0,middle
model.13.m.0.cv1.conv,76,0.0,middle
model.13.m.0.cv1.conv,77,0.0,middle
model.13.m.0.cv1.conv,78,0.0,middle
model.13.m.0.cv1.conv,79,0.0,middle
model.13.m.0.cv1.conv,80,0.0,middle
model.13.m.0.cv1.conv,81,0.0,middle
model.13.m.0.cv1.conv,82,0.0,middle
model.13.m.0.cv1.conv,83,0.0,middle
model.13.m.0.cv1.conv,84,0.0,middle
model.13.m.0.cv1.conv,85,0.0,middle
model.13.m.0.cv1.conv,86,0.0,middle
model.13.m.0.cv1.conv,87,0.0,middle
model.13.m.0.cv1.conv,88,0.0,middle
model.13.m.0.cv1.conv,89,0.0,middle
model.13.m.0.cv1.conv,90,0.0,middle
model.13.m.0.cv1.conv,91,0.0,middle
model.13.m.0.cv1.conv,92,0.0,middle
model.13.m.0.cv1.conv,93,0.0,middle
model.13.m.0.cv1.conv,94,0.0,middle
model.13.m.0.cv1.conv,95,0.0,middle
model.13.m.0.cv1.conv,96,0.0,middle
model.13.m.0.cv1.conv,97,0.0,middle
model.13.m.0.cv1.conv,98,0.0,middle
model.13.m.0.cv1.conv,99,0.0,middle
model.13.m.0.cv1.conv,100,0.0,middle
model.13.m.0.cv1.conv,101,0.0,middle
model.13.m.0.cv1.conv,102,0.0,middle
model.13.m.0.cv1.conv,103,0.0,middle
model.13.m.0.cv1.conv,104,0.0,middle
model.13.m.0.cv1.conv,105,0.0,middle
model.13.m.0.cv1.conv,106,0.0,middle
model.13.m.0.cv1.conv,107,0.0,middle
model.13.m.0.cv1.conv,108,0.0,middle
model.13.m.0.cv1.conv,109,0.0,middle
model.13.m.0.cv1.conv,110,0.0,middle
model.13.m.0.cv1.conv,111,0.0,middle
model.13.m.0.cv1.conv,112,0.0,middle
model.13.m.0.cv1.conv,113,0.0,middle
model.13.m.0.cv1.conv,114,0.0,middle
model.13.m.0.cv1.conv,115,0.0,middle
model.13.m.0.cv1.conv,116,0.0,middle
model.13.m.0.cv1.conv,117,0.0,middle
model.13.m.0.cv1.conv,118,0.0,middle
model.13.m.0.cv1.conv,119,0.0,middle
model.13.m.0.cv1.conv,120,0.0,middle
model.13.m.0.cv1.conv,121,0.0,middle
model.13.m.0.cv1.conv,122,0.0,middle
model.13.m.0.cv1.conv,123,0.0,middle
model.13.m.0.cv1.conv,124,0.0,middle
model.13.m.0.cv1.conv,125,0.0,middle
model.13.m.0.cv1.conv,126,0.0,middle
model.13.m.0.cv1.conv,127,0.0,middle
model.13.m.0.cv2.conv,0,0.0,middle
model.13.m.0.cv2.conv,1,0.0,middle
model.13.m.0.cv2.conv,2,0.0,middle
model.13.m.0.cv2.conv,3,0.0,middle
model.13.m.0.cv2.conv,4,0.0,middle
model.13.m.0.cv2.conv,5,0.0,middle
model.13.m.0.cv2.conv,6,0.0,middle
model.13.m.0.cv2.conv,7,0.0,middle
model.13.m.0.cv2.conv,8,0.0,middle
model.13.m.0.cv2.conv,9,0.0,middle
model.13.m.0.cv2.conv,10,0.0,middle
model.13.m.0.cv2.conv,11,0.0,middle
model.13.m.0.cv2.conv,12,0.0,middle
model.13.m.0.cv2.conv,13,0.0,middle
model.13.m.0.cv2.conv,14,0.0,middle
model.13.m.0.cv2.conv,15,0.0,middle
model.13.m.0.cv2.conv,16,0.0,middle
model.13.m.0.cv2.conv,17,0.0,middle
model.13.m.0.cv2.conv,18,0.0,middle
model.13.m.0.cv2.conv,19,0.0,middle
model.13.m.0.cv2.conv,20,0.0,middle
model.13.m.0.cv2.conv,21,0.0,middle
model.13.m.0.cv2.conv,22,0.0,middle
model.13.m.0.cv2.conv,23,0.0,middle
model.13.m.0.cv2.conv,24,0.0,middle
model.13.m.0.cv2.conv,25,0.0,middle
model.13.m.0.cv2.conv,26,0.0,middle
model.13.m.0.cv2.conv,27,0.0,middle
model.13.m.0.cv2.conv,28,0.0,middle
model.13.m.0.cv2.conv,29,0.0,middle
model.13.m.0.cv2.conv,30,0.0,middle
model.13.m.0.cv2.conv,31,0.0,middle
model.13.m.0.cv2.conv,32,0.0,middle
model.13.m.0.cv2.conv,33,0.0,middle
model.13.m.0.cv2.conv,34,0.0,middle
model.13.m.0.cv2.conv,35,0.0,middle
model.13.m.0.cv2.conv,36,0.0,middle
model.13.m.0.cv2.conv,37,0.0,middle
model.13.m.0.cv2.conv,38,0.0,middle
model.13.m.0.cv2.conv,39,0.0,middle
model.13.m.0.cv2.conv,40,0.0,middle
model.13.m.0.cv2.conv,41,0.0,middle
model.13.m.0.cv2.conv,42,0.0,middle
model.13.m.0.cv2.conv,43,0.0,middle
model.13.m.0.cv2.conv,44,0.0,middle
model.13.m.0.cv2.conv,45,0.0,middle
model.13.m.0.cv2.conv,46,0.0,middle
model.13.m.0.cv2.conv,47,0.0,middle
model.13.m.0.cv2.conv,48,0.0,middle
model.13.m.0.cv2.conv,49,0.0,middle
model.13.m.0.cv2.conv,50,0.0,middle
model.13.m.0.cv2.conv,51,0.0,middle
model.13.m.0.cv2.conv,52,0.0,middle
model.13.m.0.cv2.conv,53,0.0,middle
model.13.m.0.cv2.conv,54,0.0,middle
model.13.m.0.cv2.conv,55,0.0,middle
model.13.m.0.cv2.conv,56,0.0,middle
model.13.m.0.cv2.conv,57,0.0,middle
model.13.m.0.cv2.conv,58,0.0,middle
model.13.m.0.cv2.conv,59,0.0,middle
model.13.m.0.cv2.conv,60,0.0,middle
model.13.m.0.cv2.conv,61,0.0,middle
model.13.m.0.cv2.conv,62,0.0,middle
model.13.m.0.cv2.conv,63,0.0,middle
model.13.m.0.cv2.conv,64,0.0,middle
model.13.m.0.cv2.conv,65,0.0,middle
model.13.m.0.cv2.conv,66,0.0,middle
model.13.m.0.cv2.conv,67,0.0,middle
model.13.m.0.cv2.conv,68,0.0,middle
model.13.m.0.cv2.conv,69,0.0,middle
model.13.m.0.cv2.conv,70,0.0,middle
model.13.m.0.cv2.conv,71,0.0,middle
model.13.m.0.cv2.conv,72,0.0,middle
model.13.m.0.cv2.conv,73,0.0,middle
model.13.m.0.cv2.conv,74,0.0,middle
model.13.m.0.cv2.conv,75,0.0,middle
model.13.m.0.cv2.conv,76,0.0,middle
model.13.m.0.cv2.conv,77,0.0,middle
model.13.m.0.cv2.conv,78,0.0,middle
model.13.m.0.cv2.conv,79,0.0,middle
model.13.m.0.cv2.conv,80,0.0,middle
model.13.m.0.cv2.conv,81,0.0,middle
model.13.m.0.cv2.conv,82,0.0,middle
model.13.m.0.cv2.conv,83,0.0,middle
model.13.m.0.cv2.conv,84,0.0,middle
model.13.m.0.cv2.conv,85,0.0,middle
model.13.m.0.cv2.conv,86,0.0,middle
model.13.m.0.cv2.conv,87,0.0,middle
model.13.m.0.cv2.conv,88,0.0,middle
model.13.m.0.cv2.conv,89,0.0,middle
model.13.m.0.cv2.conv,90,0.0,middle
model.13.m.0.cv2.conv,91,0.0,middle
model.13.m.0.cv2.conv,92,0.0,middle
model.13.m.0.cv2.conv,93,0.0,middle
model.13.m.0.cv2.conv,94,0.0,middle
model.13.m.0.cv2.conv,95,0.0,middle
model.13.m.0.cv2.conv,96,0.0,middle
model.13.m.0.cv2.conv,97,0.0,middle
model.13.m.0.cv2.conv,98,0.0,middle
model.13.m.0.cv2.conv,99,0.0,middle
model.13.m.0.cv2.conv,100,0.0,middle
model.13.m.0.cv2.conv,101,0.0,middle
model.13.m.0.cv2.conv,102,0.0,middle
model.13.m.0.cv2.conv,103,0.0,middle
model.13.m.0.cv2.conv,104,0.0,middle
model.13.m.0.cv2.conv,105,0.0,middle
model.13.m.0.cv2.conv,106,0.0,middle
model.13.m.0.cv2.conv,107,0.0,middle
model.13.m.0.cv2.conv,108,0.0,middle
model.13.m.0.cv2.conv,109,0.0,middle
model.13.m.0.cv2.conv,110,0.0,middle
model.13.m.0.cv2.conv,111,0.0,middle
model.13.m.0.cv2.conv,112,0.0,middle
model.13.m.0.cv2.conv,113,0.0,middle
model.13.m.0.cv2.conv,114,0.0,middle
model.13.m.0.cv2.conv,115,0.0,middle
model.13.m.0.cv2.conv,116,0.0,middle
model.13.m.0.cv2.conv,117,0.0,middle
model.13.m.0.cv2.conv,118,0.0,middle
model.13.m.0.cv2.conv,119,0.0,middle
model.13.m.0.cv2.conv,120,0.0,middle
model.13.m.0.cv2.conv,121,0.0,middle
model.13.m.0.cv2.conv,122,0.0,middle
model.13.m.0.cv2.conv,123,0.0,middle
model.13.m.0.cv2.conv,124,0.0,middle
model.13.m.0.cv2.conv,125,0.0,middle
model.13.m.0.cv2.conv,126,0.0,middle
model.13.m.0.cv2.conv,127,0.0,middle
model.14.conv,0,0.0,middle
model.14.conv,1,0.0,middle
model.14.conv,2,0.0,middle
model.14.conv,3,0.0,middle
model.14.conv,4,0.0,middle
model.14.conv,5,0.0,middle
model.14.conv,6,0.0,middle
model.14.conv,7,0.0,middle
model.14.conv,8,0.0,middle
model.14.conv,9,0.0,middle
model.14.conv,10,80.0,middle
model.14.conv,11,0.0,middle
model.14.conv,12,0.0,middle
model.14.conv,13,0.0,middle
model.14.conv,14,0.0,middle
model.14.conv,15,0.0,middle
model.14.conv,16,0.0,middle
model.14.conv,17,0.0,middle
model.14.conv,18,0.0,middle
model.14.conv,19,0.0,middle
model.14.conv,20,0.0,middle
model.14.conv,21,0.0,middle
model.14.conv,22,0.0,middle
model.14.conv,23,0.0,middle
model.14.conv,24,0.0,middle
model.14.conv,25,0.0,middle
model.14.conv,26,0.0,middle
model.14.conv,27,0.0,middle
model.14.conv,28,0.0,middle
model.14.conv,29,0.0,middle
model.14.conv,30,0.0,middle
model.14.conv,31,0.0,middle
model.14.conv,32,0.0,middle
model.14.conv,33,0.0,middle
model.14.conv,34,0.0,middle
model.14.conv,35,0.0,middle
model.14.conv,36,0.0,middle
model.14.conv,37,0.0,middle
model.14.conv,38,0.0,middle
model.14.conv,39,0.0,middle
model.14.conv,40,0.0,middle
model.14.conv,41,0.0,middle
model.14.conv,42,0.0,middle
model.14.conv,43,0.0,middle
model.14.conv,44,0.0,middle
model.14.conv,45,0.0,middle
model.14.conv,46,0.0,middle
model.14.conv,47,0.0,middle
model.14.conv,48,0.0,middle
model.14.conv,49,0.0,middle
model.14.conv,50,0.0,middle
model.14.conv,51,0.0,middle
model.14.conv,52,0.0,middle
model.14.conv,53,0.0,middle
model.14.conv,54,0.0,middle
model.14.conv,55,0.0,middle
model.14.conv,56,0.0,middle
model.14.conv,57,0.0,middle
model.14.conv,58,0.0,middle
model.14.conv,59,0.0,middle
model.14.conv,60,0.0,middle
model.14.conv,61,0.0,middle
model.14.conv,62,43.0,middle
model.14.conv,63,0.0,middle
model.14.conv,64,0.0,middle
model.14.conv,65,0.0,middle
model.14.conv,66,0.0,middle
model.14.conv,67,0.0,middle
model.14.conv,68,0.0,middle
model.14.conv,69,0.0,middle
model.14.conv,70,0.0,middle
model.14.conv,71,0.0,middle
model.14.conv,72,0.0,middle
model.14.conv,73,0.0,middle
model.14.conv,74,0.0,middle
model.14.conv,75,15.0,middle
model.14.conv,76,0.0,middle
model.14.conv,77,9.0,middle
model.14.conv,78,0.0,middle
model.14.conv,79,0.0,middle
model.14.conv,80,0.0,middle
model.14.conv,81,0.0,middle
model.14.conv,82,0.0,middle
model.14.conv,83,0.0,middle
model.14.conv,84,0.0,middle
model.14.conv,85,0.0,middle
model.14.conv,86,0.0,middle
model.14.conv,87,0.0,middle
model.14.conv,88,14.0,middle
model.14.conv,89,0.0,middle
model.14.conv,90,0.0,middle
model.14.conv,91,0.0,middle
model.14.conv,92,0.0,middle
model.14.conv,93,0.0,middle
model.14.conv,94,0.0,middle
model.14.conv,95,0.0,middle
model.14.conv,96,0.0,middle
model.14.conv,97,0.0,middle
model.14.conv,98,0.0,middle
model.14.conv,99,0.0,middle
model.14.conv,100,0.0,middle
model.14.conv,101,0.0,middle
model.14.conv,102,0.0,middle
model.14.conv,103,0.0,middle
model.14.conv,104,0.0,middle
model.14.conv,105,0.0,middle
model.14.conv,106,0.0,middle
model.14.conv,107,0.0,middle
model.14.conv,108,0.0,middle
model.14.conv,109,221.0,middle
model.14.conv,110,0.0,middle
model.14.conv,111,0.0,middle
model.14.conv,112,0.0,middle
model.14.conv,113,0.0,middle
model.14.conv,114,0.0,middle
model.14.conv,115,0.0,middle
model.14.conv,116,0.0,middle
model.14.conv,117,0.0,middle
model.14.conv,118,0.0,middle
model.14.conv,119,0.0,middle
model.14.conv,120,0.0,middle
model.14.conv,121,0.0,middle
model.14.conv,122,0.0,middle
model.14.conv,123,0.0,middle
model.14.conv,124,0.0,middle
model.14.conv,125,0.0,middle
model.14.conv,126,0.0,middle
model.14.conv,127,0.0,middle
model.17.cv1.conv,0,0.0,late
model.17.cv1.conv,1,0.0,late
model.17.cv1.conv,2,0.0,late
model.17.cv1.conv,3,0.0,late
model.17.cv1.conv,4,0.0,late
model.17.cv1.conv,5,0.0,late
model.17.cv1.conv,6,0.0,late
model.17.cv1.conv,7,0.0,late
model.17.cv1.conv,8,0.0,late
model.17.cv1.conv,9,0.0,late
model.17.cv1.conv,10,0.0,late
model.17.cv1.conv,11,0.0,late
model.17.cv1.conv,12,0.0,late
model.17.cv1.conv,13,0.0,late
model.17.cv1.conv,14,0.0,late
model.17.cv1.conv,15,0.0,late
model.17.cv1.conv,16,0.0,late
model.17.cv1.conv,17,0.0,late
model.17.cv1.conv,18,0.0,late
model.17.cv1.conv,19,0.0,late
model.17.cv1.conv,20,0.0,late
model.17.cv1.conv,21,0.0,late
model.17.cv1.conv,22,0.0,late
model.17.cv1.conv,23,0.0,late
model.17.cv1.conv,24,0.0,late
model.17.cv1.conv,25,0.0,late
model.17.cv1.conv,26,0.0,late
model.17.cv1.conv,27,0.0,late
model.17.cv1.conv,28,10.0,late
model.17.cv1.conv,29,0.0,late
model.17.cv1.conv,30,0.0,late
model.17.cv1.conv,31,0.0,late
model.17.cv1.conv,32,0.0,late
model.17.cv1.conv,33,0.0,late
model.17.cv1.conv,34,0.0,late
model.17.cv1.conv,35,0.0,late
model.17.cv1.conv,36,0.0,late
model.17.cv1.conv,37,0.0,late
model.17.cv1.conv,38,0.0,late
model.17.cv1.conv,39,0.0,late
model.17.cv1.conv,40,0.0,late
model.17.cv1.conv,41,0.0,late
model.17.cv1.conv,42,0.0,late
model.17.cv1.conv,43,0.0,late
model.17.cv1.conv,44,0.0,late
model.17.cv1.conv,45,0.0,late
model.17.cv1.conv,46,0.0,late
model.17.cv1.conv,47,0.0,late
model.17.cv1.conv,48,0.0,late
model.17.cv1.conv,49,0.0,late
model.17.cv1.conv,50,0.0,late
model.17.cv1.conv,51,0.0,late
model.17.cv1.conv,52,0.0,late
model.17.cv1.conv,53,0.0,late
model.17.cv1.conv,54,0.0,late
model.17.cv1.conv,55,0.0,late
model.17.cv1.conv,56,0.0,late
model.17.cv1.conv,57,0.0,late
model.17.cv1.conv,58,0.0,late
model.17.cv1.conv,59,0.0,late
model.17.cv1.conv,60,0.0,late
model.17.cv1.conv,61,0.0,late
model.17.cv1.conv,62,0.0,late
model.17.cv1.conv,63,0.0,late
model.17.cv2.conv,0,0.0,late
model.17.cv2.conv,1,0.0,late
model.17.cv2.conv,2,0.0,late
model.17.cv2.conv,3,0.0,late
model.17.cv2.conv,4,0.0,late
model.17.cv2.conv,5,0.0,late
model.17.cv2.conv,6,0.0,late
model.17.cv2.conv,7,0.0,late
model.17.cv2.conv,8,0.0,late
model.17.cv2.conv,9,0.0,late
model.17.cv2.conv,10,0.0,late
model.17.cv2.conv,11,0.0,late
model.17.cv2.conv,12,0.0,late
model.17.cv2.conv,13,0.0,late
model.17.cv2.conv,14,0.0,late
model.17.cv2.conv,15,0.0,late
model.17.cv2.conv,16,0.0,late
model.17.cv2.conv,17,0.0,late
model.17.cv2.conv,18,0.0,late
model.17.cv2.conv,19,0.0,late
model.17.cv2.conv,20,0.0,late
model.17.cv2.conv,21,0.0,late
model.17.cv2.conv,22,0.0,late
model.17.cv2.conv,23,0.0,late
model.17.cv2.conv,24,0.0,late
model.17.cv2.conv,25,0.0,late
model.17.cv2.conv,26,0.0,late
model.17.cv2.conv,27,0.0,late
model.17.cv2.conv,28,0.0,late
model.17.cv2.conv,29,0.0,late
model.17.cv2.conv,30,0.0,late
model.17.cv2.conv,31,0.0,late
model.17.cv2.conv,32,0.0,late
model.17.cv2.conv,33,0.0,late
model.17.cv2.conv,34,0.0,late
model.17.cv2.conv,35,0.0,late
model.17.cv2.conv,36,0.0,late
model.17.cv2.conv,37,0.0,late
model.17.cv2.conv,38,0.0,late
model.17.cv2.conv,39,0.0,late
model.17.cv2.conv,40,0.0,late
model.17.cv2.conv,41,0.0,late
model.17.cv2.conv,42,0.0,late
model.17.cv2.conv,43,0.0,late
model.17.cv2.conv,44,0.0,late
model.17.cv2.conv,45,0.0,late
model.17.cv2.conv,46,0.0,late
model.17.cv2.conv,47,0.0,late
model.17.cv2.conv,48,0.0,late
model.17.cv2.conv,49,0.0,late
model.17.cv2.conv,50,0.0,late
model.17.cv2.conv,51,0.0,late
model.17.cv2.conv,52,0.0,late
model.17.cv2.conv,53,0.0,late
model.17.cv2.conv,54,0.0,late
model.17.cv2.conv,55,0.0,late
model.17.cv2.conv,56,0.0,late
model.17.cv2.conv,57,0.0,late
model.17.cv2.conv,58,0.0,late
model.17.cv2.conv,59,0.0,late
model.17.cv2.conv,60,0.0,late
model.17.cv2.conv,61,0.0,late
model.17.cv2.conv,62,0.0,late
model.17.cv2.conv,63,0.0,late
model.17.cv3.conv,0,0.0,late
model.17.cv3.conv,1,0.0,late
model.17.cv3.conv,2,0.0,late
model.17.cv3.conv,3,0.0,late
model.17.cv3.conv,4,0.0,late
model.17.cv3.conv,5,0.0,late
model.17.cv3.conv,6,0.0,late
model.17.cv3.conv,7,0.0,late
model.17.cv3.conv,8,0.0,late
model.17.cv3.conv,9,0.0,late
model.17.cv3.conv,10,0.0,late
model.17.cv3.conv,11,0.0,late
model.17.cv3.conv,12,0.0,late
model.17.cv3.conv,13,2.0,late
model.17.cv3.conv,14,0.0,late
model.17.cv3.conv,15,0.0,late
model.17.cv3.conv,16,0.0,late
model.17.cv3.conv,17,0.0,late
model.17.cv3.conv,18,0.0,late
model.17.cv3.conv,19,0.0,late
model.17.cv3.conv,20,0.0,late
model.17.cv3.conv,21,0.0,late
model.17.cv3.conv,22,0.0,late
model.17.cv3.conv,23,0.0,late
model.17.cv3.conv,24,0.0,late
model.17.cv3.conv,25,0.0,late
model.17.cv3.conv,26,0.0,late
model.17.cv3.conv,27,0.0,late
model.17.cv3.conv,28,0.0,late
model.17.cv3.conv,29,0.0,late
model.17.cv3.conv,30,0.0,late
model.17.cv3.conv,31,0.0,late
model.17.cv3.conv,32,0.0,late
model.17.cv3.conv,33,0.0,late
model.17.cv3.conv,34,0.0,late
model.17.cv3.conv,35,0.0,late
model.17.cv3.conv,36,0.0,late
model.17.cv3.conv,37,0.0,late
model.17.cv3.conv,38,0.0,late
model.17.cv3.conv,39,0.0,late
model.17.cv3.conv,40,0.0,late
model.17.cv3.conv,41,0.0,late
model.17.cv3.conv,42,0.0,late
model.17.cv3.conv,43,0.0,late
model.17.cv3.conv,44,0.0,late
model.17.cv3.conv,45,0.0,late
model.17.cv3.conv,46,0.0,late
model.17.cv3.conv,47,0.0,late
model.17.cv3.conv,48,0.0,late
model.17.cv3.conv,49,0.0,late
model.17.cv3.conv,50,0.0,late
model.17.cv3.conv,51,0.0,late
model.17.cv3.conv,52,0.0,late
model.17.cv3.conv,53,0.0,late
model.17.cv3.conv,54,0.0,late
model.17.cv3.conv,55,0.0,late
model.17.cv3.conv,56,0.0,late
model.17.cv3.conv,57,0.0,late
model.17.cv3.conv,58,0.0,late
model.17.cv3.conv,59,0.0,late
model.17.cv3.conv,60,0.0,late
model.17.cv3.conv,61,0.0,late
model.17.cv3.conv,62,0.0,late
model.17.cv3.conv,63,0.0,late
model.17.cv3.conv,64,0.0,late
model.17.cv3.conv,65,0.0,late
model.17.cv3.conv,66,0.0,late
model.17.cv3.conv,67,0.0,late
model.17.cv3.conv,68,0.0,late
model.17.cv3.conv,69,0.0,late
model.17.cv3.conv,70,0.0,late
model.17.cv3.conv,71,0.0,late
model.17.cv3.conv,72,0.0,late
model.17.cv3.conv,73,0.0,late
model.17.cv3.conv,74,0.0,late
model.17.cv3.conv,75,0.0,late
model.17.cv3.conv,76,0.0,late
model.17.cv3.conv,77,0.0,late
model.17.cv3.conv,78,0.0,late
model.17.cv3.conv,79,0.0,late
model.17.cv3.conv,80,0.0,late
model.17.cv3.conv,81,0.0,late
model.17.cv3.conv,82,0.0,late
model.17.cv3.conv,83,0.0,late
model.17.cv3.conv,84,0.0,late
model.17.cv3.conv,85,0.0,late
model.17.cv3.conv,86,0.0,late
model.17.cv3.conv,87,0.0,late
model.17.cv3.conv,88,0.0,late
model.17.cv3.conv,89,0.0,late
model.17.cv3.conv,90,0.0,late
model.17.cv3.conv,91,0.0,late
model.17.cv3.conv,92,0.0,late
model.17.cv3.conv,93,0.0,late
model.17.cv3.conv,94,0.0,late
model.17.cv3.conv,95,0.0,late
model.17.cv3.conv,96,0.0,late
model.17.cv3.conv,97,0.0,late
model.17.cv3.conv,98,0.0,late
model.17.cv3.conv,99,0.0,late
model.17.cv3.conv,100,0.0,late
model.17.cv3.conv,101,0.0,late
model.17.cv3.conv,102,0.0,late
model.17.cv3.conv,103,0.0,late
model.17.cv3.conv,104,0.0,late
model.17.cv3.conv,105,0.0,late
model.17.cv3.conv,106,0.0,late
model.17.cv3.conv,107,0.0,late
model.17.cv3.conv,108,0.0,late
model.17.cv3.conv,109,0.0,late
model.17.cv3.conv,110,0.0,late
model.17.cv3.conv,111,0.0,late
model.17.cv3.conv,112,0.0,late
model.17.cv3.conv,113,0.0,late
model.17.cv3.conv,114,0.0,late
model.17.cv3.conv,115,0.0,late
model.17.cv3.conv,116,0.0,late
model.17.cv3.conv,117,0.0,late
model.17.cv3.conv,118,0.0,late
model.17.cv3.conv,119,0.0,late
model.17.cv3.conv,120,0.0,late
model.17.cv3.conv,121,0.0,late
model.17.cv3.conv,122,0.0,late
model.17.cv3.conv,123,0.0,late
model.17.cv3.conv,124,0.0,late
model.17.cv3.conv,125,0.0,late
model.17.cv3.conv,126,0.0,late
model.17.cv3.conv,127,0.0,late
model.17.m.0.cv1.conv,0,0.0,late
model.17.m.0.cv1.conv,1,0.0,late
model.17.m.0.cv1.conv,2,0.0,late
model.17.m.0.cv1.conv,3,0.0,late
model.17.m.0.cv1.conv,4,0.0,late
model.17.m.0.cv1.conv,5,0.0,late
model.17.m.0.cv1.conv,6,0.0,late
model.17.m.0.cv1.conv,7,0.0,late
model.17.m.0.cv1.conv,8,0.0,late
model.17.m.0.cv1.conv,9,1.0,late
model.17.m.0.cv1.conv,10,0.0,late
model.17.m.0.cv1.conv,11,0.0,late
model.17.m.0.cv1.conv,12,12.0,late
model.17.m.0.cv1.conv,13,0.0,late
model.17.m.0.cv1.conv,14,0.0,late
model.17.m.0.cv1.conv,15,0.0,late
model.17.m.0.cv1.conv,16,0.0,late
model.17.m.0.cv1.conv,17,0.0,late
model.17.m.0.cv1.conv,18,28.0,late
model.17.m.0.cv1.conv,19,0.0,late
model.17.m.0.cv1.conv,20,0.0,late
model.17.m.0.cv1.conv,21,0.0,late
model.17.m.0.cv1.conv,22,0.0,late
model.17.m.0.cv1.conv,23,0.0,late
model.17.m.0.cv1.conv,24,4.0,late
model.17.m.0.cv1.conv,25,0.0,late
model.17.m.0.cv1.conv,26,0.0,late
model.17.m.0.cv1.conv,27,0.0,late
model.17.m.0.cv1.conv,28,0.0,late
model.17.m.0.cv1.conv,29,0.0,late
model.17.m.0.cv1.conv,30,0.0,late
model.17.m.0.cv1.conv,31,0.0,late
model.17.m.0.cv1.conv,32,0.0,late
model.17.m.0.cv1.conv,33,720.0,late
model.17.m.0.cv1.conv,34,0.0,late
model.17.m.0.cv1.conv,35,0.0,late
model.17.m.0.cv1.conv,36,0.0,late
model.17.m.0.cv1.conv,37,0.0,late
model.17.m.0.cv1.conv,38,0.0,late
model.17.m.0.cv1.conv,39,0.0,late
model.17.m.0.cv1.conv,40,0.0,late
model.17.m.0.cv1.conv,41,0.0,late
model.17.m.0.cv1.conv,42,4.0,late
model.17.m.0.cv1.conv,43,0.0,late
model.17.m.0.cv1.conv,44,0.0,late
model.17.m.0.cv1.conv,45,0.0,late
model.17.m.0.cv1.conv,46,171.0,late
model.17.m.0.cv1.conv,47,2.0,late
model.17.m.0.cv1.conv,48,4.0,late
model.17.m.0.cv1.conv,49,0.0,late
model.17.m.0.cv1.conv,50,0.0,late
model.17.m.0.cv1.conv,51,0.0,late
model.17.m.0.cv1.conv,52,24.0,late
model.17.m.0.cv1.conv,53,0.0,late
model.17.m.0.cv1.conv,54,0.0,late
model.17.m.0.cv1.conv,55,0.0,late
model.17.m.0.cv1.conv,56,0.0,late
model.17.m.0.cv1.conv,57,0.0,late
model.17.m.0.cv1.conv,58,0.0,late
model.17.m.0.cv1.conv,59,0.0,late
model.17.m.0.cv1.conv,60,13.0,late
model.17.m.0.cv1.conv,61,3.0,late
model.17.m.0.cv1.conv,62,0.0,late
model.17.m.0.cv1.conv,63,0.0,late
model.17.m.0.cv2.conv,0,0.0,late
model.17.m.0.cv2.conv,1,0.0,late
model.17.m.0.cv2.conv,2,0.0,late
model.17.m.0.cv2.conv,3,0.0,late
model.17.m.0.cv2.conv,4,0.0,late
model.17.m.0.cv2.conv,5,0.0,late
model.17.m.0.cv2.conv,6,0.0,late
model.17.m.0.cv2.conv,7,0.0,late
model.17.m.0.cv2.conv,8,0.0,late
model.17.m.0.cv2.conv,9,0.0,late
model.17.m.0.cv2.conv,10,0.0,late
model.17.m.0.cv2.conv,11,0.0,late
model.17.m.0.cv2.conv,12,0.0,late
model.17.m.0.cv2.conv,13,0.0,late
model.17.m.0.cv2.conv,14,0.0,late
model.17.m.0.cv2.conv,15,0.0,late
model.17.m.0.cv2.conv,16,0.0,late
model.17.m.0.cv2.conv,17,0.0,late
model.17.m.0.cv2.conv,18,0.0,late
model.17.m.0.cv2.conv,19,0.0,late
model.17.m.0.cv2.conv,20,0.0,late
model.17.m.0.cv2.conv,21,0.0,late
model.17.m.0.cv2.conv,22,0.0,late
model.17.m.0.cv2.conv,23,0.0,late
model.17.m.0.cv2.conv,24,0.0,late
model.17.m.0.cv2.conv,25,0.0,late
model.17.m.0.cv2.conv,26,0.0,late
model.17.m.0.cv2.conv,27,0.0,late
model.17.m.0.cv2.conv,28,0.0,late
model.17.m.0.cv2.conv,29,0.0,late
model.17.m.0.cv2.conv,30,19.0,late
model.17.m.0.cv2.conv,31,0.0,late
model.17.m.0.cv2.conv,32,0.0,late
model.17.m.0.cv2.conv,33,0.0,late
model.17.m.0.cv2.conv,34,0.0,late
model.17.m.0.cv2.conv,35,0.0,late
model.17.m.0.cv2.conv,36,0.0,late
model.17.m.0.cv2.conv,37,0.0,late
model.17.m.0.cv2.conv,38,0.0,late
model.17.m.0.cv2.conv,39,0.0,late
model.17.m.0.cv2.conv,40,0.0,late
model.17.m.0.cv2.conv,41,0.0,late
model.17.m.0.cv2.conv,42,0.0,late
model.17.m.0.cv2.conv,43,0.0,late
model.17.m.0.cv2.conv,44,0.0,late
model.17.m.0.cv2.conv,45,0.0,late
model.17.m.0.cv2.conv,46,0.0,late
model.17.m.0.cv2.conv,47,0.0,late
model.17.m.0.cv2.conv,48,0.0,late
model.17.m.0.cv2.conv,49,0.0,late
model.17.m.0.cv2.conv,50,0.0,late
model.17.m.0.cv2.conv,51,0.0,late
model.17.m.0.cv2.conv,52,0.0,late
model.17.m.0.cv2.conv,53,0.0,late
model.17.m.0.cv2.conv,54,0.0,late
model.17.m.0.cv2.conv,55,0.0,late
model.17.m.0.cv2.conv,56,0.0,late
model.17.m.0.cv2.conv,57,0.0,late
model.17.m.0.cv2.conv,58,0.0,late
model.17.m.0.cv2.conv,59,0.0,late
model.17.m.0.cv2.conv,60,0.0,late
model.17.m.0.cv2.conv,61,0.0,late
model.17.m.0.cv2.conv,62,0.0,late
model.17.m.0.cv2.conv,63,0.0,late
model.18.conv,0,0.0,late
model.18.conv,1,0.0,late
model.18.conv,2,0.0,late
model.18.conv,3,0.0,late
model.18.conv,4,0.0,late
model.18.conv,5,0.0,late
model.18.conv,6,0.0,late
model.18.conv,7,0.0,late
model.18.conv,8,0.0,late
model.18.conv,9,0.0,late
model.18.conv,10,0.0,late
model.18.conv,11,0.0,late
model.18.conv,12,0.0,late
model.18.conv,13,0.0,late
model.18.conv,14,0.0,late
model.18.conv,15,0.0,late
model.18.conv,16,0.0,late
model.18.conv,17,0.0,late
model.18.conv,18,1.0,late
model.18.conv,19,0.0,late
model.18.conv,20,0.0,late
model.18.conv,21,0.0,late
model.18.conv,22,0.0,late
model.18.conv,23,0.0,late
model.18.conv,24,0.0,late
model.18.conv,25,0.0,late
model.18.conv,26,0.0,late
model.18.conv,27,0.0,late
model.18.conv,28,0.0,late
model.18.conv,29,0.0,late
model.18.conv,30,0.0,late
model.18.conv,31,0.0,late
model.18.conv,32,0.0,late
model.18.conv,33,0.0,late
model.18.conv,34,0.0,late
model.18.conv,35,0.0,late
model.18.conv,36,0.0,late
model.18.conv,37,0.0,late
model.18.conv,38,0.0,late
model.18.conv,39,0.0,late
model.18.conv,40,407.0,late
model.18.conv,41,0.0,late
model.18.conv,42,0.0,late
model.18.conv,43,0.0,late
model.18.conv,44,0.0,late
model.18.conv,45,0.0,late
model.18.conv,46,0.0,late
model.18.conv,47,0.0,late
model.18.conv,48,0.0,late
model.18.conv,49,0.0,late
model.18.conv,50,0.0,late
model.18.conv,51,0.0,late
model.18.conv,52,0.0,late
model.18.conv,53,0.0,late
model.18.conv,54,0.0,late
model.18.conv,55,0.0,late
model.18.conv,56,0.0,late
model.18.conv,57,0.0,late
model.18.conv,58,0.0,late
model.18.conv,59,0.0,late
model.18.conv,60,0.0,late
model.18.conv,61,0.0,late
model.18.conv,62,0.0,late
model.18.conv,63,0.0,late
model.18.conv,64,0.0,late
model.18.conv,65,0.0,late
model.18.conv,66,0.0,late
model.18.conv,67,0.0,late
model.18.conv,68,0.0,late
model.18.conv,69,0.0,late
model.18.conv,70,0.0,late
model.18.conv,71,0.0,late
model.18.conv,72,0.0,late
model.18.conv,73,0.0,late
model.18.conv,74,0.0,late
model.18.conv,75,0.0,late
model.18.conv,76,0.0,late
model.18.conv,77,0.0,late
model.18.conv,78,0.0,late
model.18.conv,79,0.0,late
model.18.conv,80,0.0,late
model.18.conv,81,0.0,late
model.18.conv,82,0.0,late
model.18.conv,83,0.0,late
model.18.conv,84,0.0,late
model.18.conv,85,0.0,late
model.18.conv,86,0.0,late
model.18.conv,87,0.0,late
model.18.conv,88,0.0,late
model.18.conv,89,0.0,late
model.18.conv,90,58.0,late
model.18.conv,91,0.0,late
model.18.conv,92,0.0,late
model.18.conv,93,0.0,late
model.18.conv,94,0.0,late
model.18.conv,95,0.0,late
model.18.conv,96,0.0,late
model.18.conv,97,0.0,late
model.18.conv,98,0.0,late
model.18.conv,99,0.0,late
model.18.conv,100,0.0,late
model.18.conv,101,0.0,late
model.18.conv,102,0.0,late
model.18.conv,103,0.0,late
model.18.conv,104,0.0,late
model.18.conv,105,0.0,late
model.18.conv,106,0.0,late
model.18.conv,107,0.0,late
model.18.conv,108,0.0,late
model.18.conv,109,0.0,late
model.18.conv,110,0.0,late
model.18.conv,111,0.0,late
model.18.conv,112,0.0,late
model.18.conv,113,0.0,late
model.18.conv,114,0.0,late
model.18.conv,115,0.0,late
model.18.conv,116,0.0,late
model.18.conv,117,0.0,late
model.18.conv,118,0.0,late
model.18.conv,119,0.0,late
model.18.conv,120,0.0,late
model.18.conv,121,0.0,late
model.18.conv,122,0.0,late
model.18.conv,123,0.0,late
model.18.conv,124,0.0,late
model.18.conv,125,0.0,late
model.18.conv,126,0.0,late
model.18.conv,127,0.0,late
model.20.cv1.conv,0,0.0,late
model.20.cv1.conv,1,0.0,late
model.20.cv1.conv,2,0.0,late
model.20.cv1.conv,3,0.0,late
model.20.cv1.conv,4,0.0,late
model.20.cv1.conv,5,0.0,late
model.20.cv1.conv,6,0.0,late
model.20.cv1.conv,7,0.0,late
model.20.cv1.conv,8,0.0,late
model.20.cv1.conv,9,0.0,late
model.20.cv1.conv,10,0.0,late
model.20.cv1.conv,11,0.0,late
model.20.cv1.conv,12,0.0,late
model.20.cv1.conv,13,0.0,late
model.20.cv1.conv,14,0.0,late
model.20.cv1.conv,15,0.0,late
model.20.cv1.conv,16,0.0,late
model.20.cv1.conv,17,0.0,late
model.20.cv1.conv,18,0.0,late
model.20.cv1.conv,19,0.0,late
model.20.cv1.conv,20,0.0,late
model.20.cv1.conv,21,0.0,late
model.20.cv1.conv,22,0.0,late
model.20.cv1.conv,23,0.0,late
model.20.cv1.conv,24,0.0,late
model.20.cv1.conv,25,0.0,late
model.20.cv1.conv,26,0.0,late
model.20.cv1.conv,27,0.0,late
model.20.cv1.conv,28,0.0,late
model.20.cv1.conv,29,0.0,late
model.20.cv1.conv,30,0.0,late
model.20.cv1.conv,31,0.0,late
model.20.cv1.conv,32,0.0,late
model.20.cv1.conv,33,0.0,late
model.20.cv1.conv,34,0.0,late
model.20.cv1.conv,35,0.0,late
model.20.cv1.conv,36,0.0,late
model.20.cv1.conv,37,0.0,late
model.20.cv1.conv,38,0.0,late
model.20.cv1.conv,39,0.0,late
model.20.cv1.conv,40,0.0,late
model.20.cv1.conv,41,0.0,late
model.20.cv1.conv,42,0.0,late
model.20.cv1.conv,43,0.0,late
model.20.cv1.conv,44,0.0,late
model.20.cv1.conv,45,0.0,late
model.20.cv1.conv,46,0.0,late
model.20.cv1.conv,47,0.0,late
model.20.cv1.conv,48,0.0,late
model.20.cv1.conv,49,0.0,late
model.20.cv1.conv,50,0.0,late
model.20.cv1.conv,51,0.0,late
model.20.cv1.conv,52,0.0,late
model.20.cv1.conv,53,0.0,late
model.20.cv1.conv,54,0.0,late
model.20.cv1.conv,55,0.0,late
model.20.cv1.conv,56,0.0,late
model.20.cv1.conv,57,0.0,late
model.20.cv1.conv,58,0.0,late
model.20.cv1.conv,59,0.0,late
model.20.cv1.conv,60,0.0,late
model.20.cv1.conv,61,0.0,late
model.20.cv1.conv,62,0.0,late
model.20.cv1.conv,63,0.0,late
model.20.cv1.conv,64,0.0,late
model.20.cv1.conv,65,0.0,late
model.20.cv1.conv,66,0.0,late
model.20.cv1.conv,67,0.0,late
model.20.cv1.conv,68,0.0,late
model.20.cv1.conv,69,0.0,late
model.20.cv1.conv,70,0.0,late
model.20.cv1.conv,71,0.0,late
model.20.cv1.conv,72,0.0,late
model.20.cv1.conv,73,0.0,late
model.20.cv1.conv,74,0.0,late
model.20.cv1.conv,75,0.0,late
model.20.cv1.conv,76,0.0,late
model.20.cv1.conv,77,0.0,late
model.20.cv1.conv,78,0.0,late
model.20.cv1.conv,79,0.0,late
model.20.cv1.conv,80,0.0,late
model.20.cv1.conv,81,0.0,late
model.20.cv1.conv,82,0.0,late
model.20.cv1.conv,83,0.0,late
model.20.cv1.conv,84,0.0,late
model.20.cv1.conv,85,0.0,late
model.20.cv1.conv,86,0.0,late
model.20.cv1.conv,87,0.0,late
model.20.cv1.conv,88,0.0,late
model.20.cv1.conv,89,0.0,late
model.20.cv1.conv,90,0.0,late
model.20.cv1.conv,91,0.0,late
model.20.cv1.conv,92,0.0,late
model.20.cv1.conv,93,0.0,late
model.20.cv1.conv,94,0.0,late
model.20.cv1.conv,95,0.0,late
model.20.cv1.conv,96,0.0,late
model.20.cv1.conv,97,0.0,late
model.20.cv1.conv,98,0.0,late
model.20.cv1.conv,99,0.0,late
model.20.cv1.conv,100,0.0,late
model.20.cv1.conv,101,0.0,late
model.20.cv1.conv,102,0.0,late
model.20.cv1.conv,103,0.0,late
model.20.cv1.conv,104,0.0,late
model.20.cv1.conv,105,0.0,late
model.20.cv1.conv,106,0.0,late
model.20.cv1.conv,107,0.0,late
model.20.cv1.conv,108,0.0,late
model.20.cv1.conv,109,0.0,late
model.20.cv1.conv,110,0.0,late
model.20.cv1.conv,111,0.0,late
model.20.cv1.conv,112,0.0,late
model.20.cv1.conv,113,0.0,late
model.20.cv1.conv,114,0.0,late
model.20.cv1.conv,115,0.0,late
model.20.cv1.conv,116,0.0,late
model.20.cv1.conv,117,0.0,late
model.20.cv1.conv,118,0.0,late
model.20.cv1.conv,119,0.0,late
model.20.cv1.conv,120,0.0,late
model.20.cv1.conv,121,0.0,late
model.20.cv1.conv,122,0.0,late
model.20.cv1.conv,123,0.0,late
model.20.cv1.conv,124,0.0,late
model.20.cv1.conv,125,0.0,late
model.20.cv1.conv,126,0.0,late
model.20.cv1.conv,127,0.0,late
model.20.cv2.conv,0,0.0,late
model.20.cv2.conv,1,0.0,late
model.20.cv2.conv,2,33.0,late
model.20.cv2.conv,3,0.0,late
model.20.cv2.conv,4,0.0,late
model.20.cv2.conv,5,0.0,late
model.20.cv2.conv,6,0.0,late
model.20.cv2.conv,7,0.0,late
model.20.cv2.conv,8,0.0,late
model.20.cv2.conv,9,0.0,late
model.20.cv2.conv,10,0.0,late
model.20.cv2.conv,11,0.0,late
model.20.cv2.conv,12,0.0,late
model.20.cv2.conv,13,0.0,late
model.20.cv2.conv,14,0.0,late
model.20.cv2.conv,15,0.0,late
model.20.cv2.conv,16,0.0,late
model.20.cv2.conv,17,0.0,late
model.20.cv2.conv,18,0.0,late
model.20.cv2.conv,19,0.0,late
model.20.cv2.conv,20,0.0,late
model.20.cv2.conv,21,0.0,late
model.20.cv2.conv,22,0.0,late
model.20.cv2.conv,23,0.0,late
model.20.cv2.conv,24,0.0,late
model.20.cv2.conv,25,0.0,late
model.20.cv2.conv,26,0.0,late
model.20.cv2.conv,27,0.0,late
model.20.cv2.conv,28,0.0,late
model.20.cv2.conv,29,0.0,late
model.20.cv2.conv,30,0.0,late
model.20.cv2.conv,31,0.0,late
model.20.cv2.conv,32,0.0,late
model.20.cv2.conv,33,0.0,late
model.20.cv2.conv,34,0.0,late
model.20.cv2.conv,35,0.0,late
model.20.cv2.conv,36,0.0,late
model.20.cv2.conv,37,0.0,late
model.20.cv2.conv,38,0.0,late
model.20.cv2.conv,39,0.0,late
model.20.cv2.conv,40,0.0,late
model.20.cv2.conv,41,0.0,late
model.20.cv2.conv,42,0.0,late
model.20.cv2.conv,43,0.0,late
model.20.cv2.conv,44,0.0,late
model.20.cv2.conv,45,0.0,late
model.20.cv2.conv,46,0.0,late
model.20.cv2.conv,47,0.0,late
model.20.cv2.conv,48,0.0,late
model.20.cv2.conv,49,0.0,late
model.20.cv2.conv,50,0.0,late
model.20.cv2.conv,51,0.0,late
model.20.cv2.conv,52,0.0,late
model.20.cv2.conv,53,0.0,late
model.20.cv2.conv,54,0.0,late
model.20.cv2.conv,55,0.0,late
model.20.cv2.conv,56,0.0,late
model.20.cv2.conv,57,0.0,late
model.20.cv2.conv,58,0.0,late
model.20.cv2.conv,59,0.0,late
model.20.cv2.conv,60,0.0,late
model.20.cv2.conv,61,0.0,late
model.20.cv2.conv,62,0.0,late
model.20.cv2.conv,63,0.0,late
model.20.cv2.conv,64,0.0,late
model.20.cv2.conv,65,0.0,late
model.20.cv2.conv,66,0.0,late
model.20.cv2.conv,67,0.0,late
model.20.cv2.conv,68,0.0,late
model.20.cv2.conv,69,0.0,late
model.20.cv2.conv,70,0.0,late
model.20.cv2.conv,71,0.0,late
model.20.cv2.conv,72,0.0,late
model.20.cv2.conv,73,0.0,late
model.20.cv2.conv,74,0.0,late
model.20.cv2.conv,75,0.0,late
model.20.cv2.conv,76,0.0,late
model.20.cv2.conv,77,0.0,late
model.20.cv2.conv,78,0.0,late
model.20.cv2.conv,79,0.0,late
model.20.cv2.conv,80,0.0,late
model.20.cv2.conv,81,0.0,late
model.20.cv2.conv,82,0.0,late
model.20.cv2.conv,83,4.0,late
model.20.cv2.conv,84,0.0,late
model.20.cv2.conv,85,0.0,late
model.20.cv2.conv,86,0.0,late
model.20.cv2.conv,87,27.0,late
model.20.cv2.conv,88,0.0,late
model.20.cv2.conv,89,0.0,late
model.20.cv2.conv,90,0.0,late
model.20.cv2.conv,91,0.0,late
model.20.cv2.conv,92,0.0,late
model.20.cv2.conv,93,0.0,late
model.20.cv2.conv,94,0.0,late
model.20.cv2.conv,95,0.0,late
model.20.cv2.conv,96,0.0,late
model.20.cv2.conv,97,0.0,late
model.20.cv2.conv,98,0.0,late
model.20.cv2.conv,99,0.0,late
model.20.cv2.conv,100,0.0,late
model.20.cv2.conv,101,0.0,late
model.20.cv2.conv,102,0.0,late
model.20.cv2.conv,103,0.0,late
model.20.cv2.conv,104,0.0,late
model.20.cv2.conv,105,0.0,late
model.20.cv2.conv,106,0.0,late
model.20.cv2.conv,107,0.0,late
model.20.cv2.conv,108,0.0,late
model.20.cv2.conv,109,0.0,late
model.20.cv2.conv,110,0.0,late
model.20.cv2.conv,111,0.0,late
model.20.cv2.conv,112,0.0,late
model.20.cv2.conv,113,0.0,late
model.20.cv2.conv,114,0.0,late
model.20.cv2.conv,115,0.0,late
model.20.cv2.conv,116,0.0,late
model.20.cv2.conv,117,0.0,late
model.20.cv2.conv,118,0.0,late
model.20.cv2.conv,119,0.0,late
model.20.cv2.conv,120,0.0,late
model.20.cv2.conv,121,0.0,late
model.20.cv2.conv,122,0.0,late
model.20.cv2.conv,123,0.0,late
model.20.cv2.conv,124,0.0,late
model.20.cv2.conv,125,0.0,late
model.20.cv2.conv,126,0.0,late
model.20.cv2.conv,127,0.0,late
model.20.cv3.conv,0,0.0,late
model.20.cv3.conv,1,0.0,late
model.20.cv3.conv,2,0.0,late
model.20.cv3.conv,3,0.0,late
model.20.cv3.conv,4,0.0,late
model.20.cv3.conv,5,0.0,late
model.20.cv3.conv,6,0.0,late
model.20.cv3.conv,7,0.0,late
model.20.cv3.conv,8,0.0,late
model.20.cv3.conv,9,0.0,late
model.20.cv3.conv,10,0.0,late
model.20.cv3.conv,11,0.0,late
model.20.cv3.conv,12,0.0,late
model.20.cv3.conv,13,0.0,late
model.20.cv3.conv,14,330.0,late
model.20.cv3.conv,15,0.0,late
model.20.cv3.conv,16,0.0,late
model.20.cv3.conv,17,0.0,late
model.20.cv3.conv,18,0.0,late
model.20.cv3.conv,19,0.0,late
model.20.cv3.conv,20,0.0,late
model.20.cv3.conv,21,0.0,late
model.20.cv3.conv,22,0.0,late
model.20.cv3.conv,23,0.0,late
model.20.cv3.conv,24,0.0,late
model.20.cv3.conv,25,0.0,late
model.20.cv3.conv,26,0.0,late
model.20.cv3.conv,27,0.0,late
model.20.cv3.conv,28,0.0,late
model.20.cv3.conv,29,0.0,late
model.20.cv3.conv,30,0.0,late
model.20.cv3.conv,31,0.0,late
model.20.cv3.conv,32,0.0,late
model.20.cv3.conv,33,0.0,late
model.20.cv3.conv,34,0.0,late
model.20.cv3.conv,35,0.0,late
model.20.cv3.conv,36,0.0,late
model.20.cv3.conv,37,0.0,late
model.20.cv3.conv,38,0.0,late
model.20.cv3.conv,39,0.0,late
model.20.cv3.conv,40,0.0,late
model.20.cv3.conv,41,0.0,late
model.20.cv3.conv,42,0.0,late
model.20.cv3.conv,43,0.0,late
model.20.cv3.conv,44,0.0,late
model.20.cv3.conv,45,0.0,late
model.20.cv3.conv,46,0.0,late
model.20.cv3.conv,47,0.0,late
model.20.cv3.conv,48,0.0,late
model.20.cv3.conv,49,0.0,late
model.20.cv3.conv,50,0.0,late
model.20.cv3.conv,51,0.0,late
model.20.cv3.conv,52,0.0,late
model.20.cv3.conv,53,0.0,late
model.20.cv3.conv,54,0.0,late
model.20.cv3.conv,55,0.0,late
model.20.cv3.conv,56,0.0,late
model.20.cv3.conv,57,0.0,late
model.20.cv3.conv,58,0.0,late
model.20.cv3.conv,59,0.0,late
model.20.cv3.conv,60,0.0,late
model.20.cv3.conv,61,0.0,late
model.20.cv3.conv,62,0.0,late
model.20.cv3.conv,63,0.0,late
model.20.cv3.conv,64,0.0,late
model.20.cv3.conv,65,0.0,late
model.20.cv3.conv,66,0.0,late
model.20.cv3.conv,67,0.0,late
model.20.cv3.conv,68,0.0,late
model.20.cv3.conv,69,0.0,late
model.20.cv3.conv,70,0.0,late
model.20.cv3.conv,71,0.0,late
model.20.cv3.conv,72,0.0,late
model.20.cv3.conv,73,0.0,late
model.20.cv3.conv,74,0.0,late
model.20.cv3.conv,75,0.0,late
model.20.cv3.conv,76,0.0,late
model.20.cv3.conv,77,0.0,late
model.20.cv3.conv,78,0.0,late
model.20.cv3.conv,79,0.0,late
model.20.cv3.conv,80,0.0,late
model.20.cv3.conv,81,0.0,late
model.20.cv3.conv,82,0.0,late
model.20.cv3.conv,83,0.0,late
model.20.cv3.conv,84,0.0,late
model.20.cv3.conv,85,0.0,late
model.20.cv3.conv,86,0.0,late
model.20.cv3.conv,87,0.0,late
model.20.cv3.conv,88,0.0,late
model.20.cv3.conv,89,0.0,late
model.20.cv3.conv,90,0.0,late
model.20.cv3.conv,91,0.0,late
model.20.cv3.conv,92,0.0,late
model.20.cv3.conv,93,0.0,late
model.20.cv3.conv,94,0.0,late
model.20.cv3.conv,95,0.0,late
model.20.cv3.conv,96,0.0,late
model.20.cv3.conv,97,0.0,late
model.20.cv3.conv,98,0.0,late
model.20.cv3.conv,99,0.0,late
model.20.cv3.conv,100,0.0,late
model.20.cv3.conv,101,0.0,late
model.20.cv3.conv,102,0.0,late
model.20.cv3.conv,103,0.0,late
model.20.cv3.conv,104,0.0,late
model.20.cv3.conv,105,0.0,late
model.20.cv3.conv,106,0.0,late
model.20.cv3.conv,107,0.0,late
model.20.cv3.conv,108,0.0,late
model.20.cv3.conv,109,0.0,late
model.20.cv3.conv,110,0.0,late
model.20.cv3.conv,111,0.0,late
model.20.cv3.conv,112,0.0,late
model.20.cv3.conv,113,0.0,late
model.20.cv3.conv,114,0.0,late
model.20.cv3.conv,115,0.0,late
model.20.cv3.conv,116,0.0,late
model.20.cv3.conv,117,0.0,late
model.20.cv3.conv,118,0.0,late
model.20.cv3.conv,119,0.0,late
model.20.cv3.conv,120,47.0,late
model.20.cv3.conv,121,6.0,late
model.20.cv3.conv,122,0.0,late
model.20.cv3.conv,123,0.0,late
model.20.cv3.conv,124,0.0,late
model.20.cv3.conv,125,0.0,late
model.20.cv3.conv,126,0.0,late
model.20.cv3.conv,127,0.0,late
model.20.cv3.conv,128,0.0,late
model.20.cv3.conv,129,0.0,late
model.20.cv3.conv,130,0.0,late
model.20.cv3.conv,131,0.0,late
model.20.cv3.conv,132,0.0,late
model.20.cv3.conv,133,0.0,late
model.20.cv3.conv,134,0.0,late
model.20.cv3.conv,135,0.0,late
model.20.cv3.conv,136,0.0,late
model.20.cv3.conv,137,0.0,late
model.20.cv3.conv,138,0.0,late
model.20.cv3.conv,139,0.0,late
model.20.cv3.conv,140,0.0,late
model.20.cv3.conv,141,0.0,late
model.20.cv3.conv,142,0.0,late
model.20.cv3.conv,143,0.0,late
model.20.cv3.conv,144,0.0,late
model.20.cv3.conv,145,0.0,late
model.20.cv3.conv,146,0.0,late
model.20.cv3.conv,147,0.0,late
model.20.cv3.conv,148,0.0,late
model.20.cv3.conv,149,0.0,late
model.20.cv3.conv,150,0.0,late
model.20.cv3.conv,151,0.0,late
model.20.cv3.conv,152,0.0,late
model.20.cv3.conv,153,0.0,late
model.20.cv3.conv,154,0.0,late
model.20.cv3.conv,155,0.0,late
model.20.cv3.conv,156,0.0,late
model.20.cv3.conv,157,0.0,late
model.20.cv3.conv,158,0.0,late
model.20.cv3.conv,159,0.0,late
model.20.cv3.conv,160,0.0,late
model.20.cv3.conv,161,0.0,late
model.20.cv3.conv,162,0.0,late
model.20.cv3.conv,163,0.0,late
model.20.cv3.conv,164,0.0,late
model.20.cv3.conv,165,0.0,late
model.20.cv3.conv,166,0.0,late
model.20.cv3.conv,167,0.0,late
model.20.cv3.conv,168,0.0,late
model.20.cv3.conv,169,0.0,late
model.20.cv3.conv,170,0.0,late
model.20.cv3.conv,171,0.0,late
model.20.cv3.conv,172,0.0,late
model.20.cv3.conv,173,0.0,late
model.20.cv3.conv,174,0.0,late
model.20.cv3.conv,175,0.0,late
model.20.cv3.conv,176,0.0,late
model.20.cv3.conv,177,0.0,late
model.20.cv3.conv,178,0.0,late
model.20.cv3.conv,179,0.0,late
model.20.cv3.conv,180,0.0,late
model.20.cv3.conv,181,0.0,late
model.20.cv3.conv,182,0.0,late
model.20.cv3.conv,183,0.0,late
model.20.cv3.conv,184,0.0,late
model.20.cv3.conv,185,0.0,late
model.20.cv3.conv,186,0.0,late
model.20.cv3.conv,187,0.0,late
model.20.cv3.conv,188,0.0,late
model.20.cv3.conv,189,0.0,late
model.20.cv3.conv,190,0.0,late
model.20.cv3.conv,191,0.0,late
model.20.cv3.conv,192,0.0,late
model.20.cv3.conv,193,0.0,late
model.20.cv3.conv,194,0.0,late
model.20.cv3.conv,195,0.0,late
model.20.cv3.conv,196,0.0,late
model.20.cv3.conv,197,0.0,late
model.20.cv3.conv,198,0.0,late
model.20.cv3.conv,199,0.0,late
model.20.cv3.conv,200,0.0,late
model.20.cv3.conv,201,0.0,late
model.20.cv3.conv,202,0.0,late
model.20.cv3.conv,203,0.0,late
model.20.cv3.conv,204,0.0,late
model.20.cv3.conv,205,0.0,late
model.20.cv3.conv,206,0.0,late
model.20.cv3.conv,207,0.0,late
model.20.cv3.conv,208,0.0,late
model.20.cv3.conv,209,0.0,late
model.20.cv3.conv,210,0.0,late
model.20.cv3.conv,211,0.0,late
model.20.cv3.conv,212,0.0,late
model.20.cv3.conv,213,0.0,late
model.20.cv3.conv,214,0.0,late
model.20.cv3.conv,215,0.0,late
model.20.cv3.conv,216,0.0,late
model.20.cv3.conv,217,0.0,late
model.20.cv3.conv,218,0.0,late
model.20.cv3.conv,219,0.0,late
model.20.cv3.conv,220,0.0,late
model.20.cv3.conv,221,0.0,late
model.20.cv3.conv,222,0.0,late
model.20.cv3.conv,223,0.0,late
model.20.cv3.conv,224,0.0,late
model.20.cv3.conv,225,0.0,late
model.20.cv3.conv,226,0.0,late
model.20.cv3.conv,227,0.0,late
model.20.cv3.conv,228,95.0,late
model.20.cv3.conv,229,0.0,late
model.20.cv3.conv,230,0.0,late
model.20.cv3.conv,231,0.0,late
model.20.cv3.conv,232,0.0,late
model.20.cv3.conv,233,0.0,late
model.20.cv3.conv,234,0.0,late
model.20.cv3.conv,235,0.0,late
model.20.cv3.conv,236,0.0,late
model.20.cv3.conv,237,0.0,late
model.20.cv3.conv,238,0.0,late
model.20.cv3.conv,239,0.0,late
model.20.cv3.conv,240,0.0,late
model.20.cv3.conv,241,0.0,late
model.20.cv3.conv,242,0.0,late
model.20.cv3.conv,243,0.0,late
model.20.cv3.conv,244,0.0,late
model.20.cv3.conv,245,0.0,late
model.20.cv3.conv,246,0.0,late
model.20.cv3.conv,247,0.0,late
model.20.cv3.conv,248,0.0,late
model.20.cv3.conv,249,0.0,late
model.20.cv3.conv,250,0.0,late
model.20.cv3.conv,251,26.0,late
model.20.cv3.conv,252,0.0,late
model.20.cv3.conv,253,0.0,late
model.20.cv3.conv,254,0.0,late
model.20.cv3.conv,255,0.0,late
model.20.m.0.cv1.conv,0,0.0,late
model.20.m.0.cv1.conv,1,0.0,late
model.20.m.0.cv1.conv,2,0.0,late
model.20.m.0.cv1.conv,3,0.0,late
model.20.m.0.cv1.conv,4,0.0,late
model.20.m.0.cv1.conv,5,0.0,late
model.20.m.0.cv1.conv,6,0.0,late
model.20.m.0.cv1.conv,7,0.0,late
model.20.m.0.cv1.conv,8,113.0,late
model.20.m.0.cv1.conv,9,0.0,late
model.20.m.0.cv1.conv,10,0.0,late
model.20.m.0.cv1.conv,11,0.0,late
model.20.m.0.cv1.conv,12,0.0,late
model.20.m.0.cv1.conv,13,0.0,late
model.20.m.0.cv1.conv,14,0.0,late
model.20.m.0.cv1.conv,15,0.0,late
model.20.m.0.cv1.conv,16,0.0,late
model.20.m.0.cv1.conv,17,0.0,late
model.20.m.0.cv1.conv,18,0.0,late
model.20.m.0.cv1.conv,19,0.0,late
model.20.m.0.cv1.conv,20,0.0,late
model.20.m.0.cv1.conv,21,0.0,late
model.20.m.0.cv1.conv,22,0.0,late
model.20.m.0.cv1.conv,23,0.0,late
model.20.m.0.cv1.conv,24,0.0,late
model.20.m.0.cv1.conv,25,0.0,late
model.20.m.0.cv1.conv,26,0.0,late
model.20.m.0.cv1.conv,27,0.0,late
model.20.m.0.cv1.conv,28,0.0,late
model.20.m.0.cv1.conv,29,0.0,late
model.20.m.0.cv1.conv,30,0.0,late
model.20.m.0.cv1.conv,31,0.0,late
model.20.m.0.cv1.conv,32,0.0,late
model.20.m.0.cv1.conv,33,0.0,late
model.20.m.0.cv1.conv,34,0.0,late
model.20.m.0.cv1.conv,35,0.0,late
model.20.m.0.cv1.conv,36,0.0,late
model.20.m.0.cv1.conv,37,0.0,late
model.20.m.0.cv1.conv,38,0.0,late
model.20.m.0.cv1.conv,39,0.0,late
model.20.m.0.cv1.conv,40,0.0,late
model.20.m.0.cv1.conv,41,0.0,late
model.20.m.0.cv1.conv,42,0.0,late
model.20.m.0.cv1.conv,43,0.0,late
model.20.m.0.cv1.conv,44,0.0,late
model.20.m.0.cv1.conv,45,0.0,late
model.20.m.0.cv1.conv,46,0.0,late
model.20.m.0.cv1.conv,47,0.0,late
model.20.m.0.cv1.conv,48,0.0,late
model.20.m.0.cv1.conv,49,0.0,late
model.20.m.0.cv1.conv,50,0.0,late
model.20.m.0.cv1.conv,51,0.0,late
model.20.m.0.cv1.conv,52,0.0,late
model.20.m.0.cv1.conv,53,0.0,late
model.20.m.0.cv1.conv,54,0.0,late
model.20.m.0.cv1.conv,55,0.0,late
model.20.m.0.cv1.conv,56,0.0,late
model.20.m.0.cv1.conv,57,0.0,late
model.20.m.0.cv1.conv,58,0.0,late
model.20.m.0.cv1.conv,59,0.0,late
model.20.m.0.cv1.conv,60,0.0,late
model.20.m.0.cv1.conv,61,0.0,late
model.20.m.0.cv1.conv,62,0.0,late
model.20.m.0.cv1.conv,63,0.0,late
model.20.m.0.cv1.conv,64,0.0,late
model.20.m.0.cv1.conv,65,0.0,late
model.20.m.0.cv1.conv,66,0.0,late
model.20.m.0.cv1.conv,67,0.0,late
model.20.m.0.cv1.conv,68,0.0,late
model.20.m.0.cv1.conv,69,0.0,late
model.20.m.0.cv1.conv,70,0.0,late
model.20.m.0.cv1.conv,71,0.0,late
model.20.m.0.cv1.conv,72,0.0,late
model.20.m.0.cv1.conv,73,0.0,late
model.20.m.0.cv1.conv,74,0.0,late
model.20.m.0.cv1.conv,75,0.0,late
model.20.m.0.cv1.conv,76,0.0,late
model.20.m.0.cv1.conv,77,0.0,late
model.20.m.0.cv1.conv,78,0.0,late
model.20.m.0.cv1.conv,79,0.0,late
model.20.m.0.cv1.conv,80,0.0,late
model.20.m.0.cv1.conv,81,0.0,late
model.20.m.0.cv1.conv,82,0.0,late
model.20.m.0.cv1.conv,83,0.0,late
model.20.m.0.cv1.conv,84,0.0,late
model.20.m.0.cv1.conv,85,0.0,late
model.20.m.0.cv1.conv,86,0.0,late
model.20.m.0.cv1.conv,87,0.0,late
model.20.m.0.cv1.conv,88,0.0,late
model.20.m.0.cv1.conv,89,0.0,late
model.20.m.0.cv1.conv,90,0.0,late
model.20.m.0.cv1.conv,91,0.0,late
model.20.m.0.cv1.conv,92,0.0,late
model.20.m.0.cv1.conv,93,0.0,late
model.20.m.0.cv1.conv,94,0.0,late
model.20.m.0.cv1.conv,95,0.0,late
model.20.m.0.cv1.conv,96,0.0,late
model.20.m.0.cv1.conv,97,0.0,late
model.20.m.0.cv1.conv,98,0.0,late
model.20.m.0.cv1.conv,99,0.0,late
model.20.m.0.cv1.conv,100,0.0,late
model.20.m.0.cv1.conv,101,0.0,late
model.20.m.0.cv1.conv,102,0.0,late
model.20.m.0.cv1.conv,103,0.0,late
model.20.m.0.cv1.conv,104,0.0,late
model.20.m.0.cv1.conv,105,0.0,late
model.20.m.0.cv1.conv,106,0.0,late
model.20.m.0.cv1.conv,107,0.0,late
model.20.m.0.cv1.conv,108,0.0,late
model.20.m.0.cv1.conv,109,0.0,late
model.20.m.0.cv1.conv,110,0.0,late
model.20.m.0.cv1.conv,111,0.0,late
model.20.m.0.cv1.conv,112,0.0,late
model.20.m.0.cv1.conv,113,0.0,late
model.20.m.0.cv1.conv,114,0.0,late
model.20.m.0.cv1.conv,115,0.0,late
model.20.m.0.cv1.conv,116,0.0,late
model.20.m.0.cv1.conv,117,0.0,late
model.20.m.0.cv1.conv,118,0.0,late
model.20.m.0.cv1.conv,119,0.0,late
model.20.m.0.cv1.conv,120,0.0,late
model.20.m.0.cv1.conv,121,0.0,late
model.20.m.0.cv1.conv,122,0.0,late
model.20.m.0.cv1.conv,123,0.0,late
model.20.m.0.cv1.conv,124,0.0,late
model.20.m.0.cv1.conv,125,0.0,late
model.20.m.0.cv1.conv,126,0.0,late
model.20.m.0.cv1.conv,127,0.0,late
model.20.m.0.cv2.conv,0,0.0,late
model.20.m.0.cv2.conv,1,0.0,late
model.20.m.0.cv2.conv,2,0.0,late
model.20.m.0.cv2.conv,3,0.0,late
model.20.m.0.cv2.conv,4,0.0,late
model.20.m.0.cv2.conv,5,0.0,late
model.20.m.0.cv2.conv,6,0.0,late
model.20.m.0.cv2.conv,7,0.0,late
model.20.m.0.cv2.conv,8,0.0,late
model.20.m.0.cv2.conv,9,0.0,late
model.20.m.0.cv2.conv,10,0.0,late
model.20.m.0.cv2.conv,11,0.0,late
model.20.m.0.cv2.conv,12,0.0,late
model.20.m.0.cv2.conv,13,0.0,late
model.20.m.0.cv2.conv,14,0.0,late
model.20.m.0.cv2.conv,15,0.0,late
model.20.m.0.cv2.conv,16,0.0,late
model.20.m.0.cv2.conv,17,0.0,late
model.20.m.0.cv2.conv,18,0.0,late
model.20.m.0.cv2.conv,19,0.0,late
model.20.m.0.cv2.conv,20,0.0,late
model.20.m.0.cv2.conv,21,0.0,late
model.20.m.0.cv2.conv,22,0.0,late
model.20.m.0.cv2.conv,23,0.0,late
model.20.m.0.cv2.conv,24,0.0,late
model.20.m.0.cv2.conv,25,0.0,late
model.20.m.0.cv2.conv,26,0.0,late
model.20.m.0.cv2.conv,27,0.0,late
model.20.m.0.cv2.conv,28,0.0,late
model.20.m.0.cv2.conv,29,0.0,late
model.20.m.0.cv2.conv,30,0.0,late
model.20.m.0.cv2.conv,31,0.0,late
model.20.m.0.cv2.conv,32,0.0,late
model.20.m.0.cv2.conv,33,0.0,late
model.20.m.0.cv2.conv,34,0.0,late
model.20.m.0.cv2.conv,35,0.0,late
model.20.m.0.cv2.conv,36,0.0,late
model.20.m.0.cv2.conv,37,0.0,late
model.20.m.0.cv2.conv,38,0.0,late
model.20.m.0.cv2.conv,39,0.0,late
model.20.m.0.cv2.conv,40,0.0,late
model.20.m.0.cv2.conv,41,0.0,late
model.20.m.0.cv2.conv,42,0.0,late
model.20.m.0.cv2.conv,43,0.0,late
model.20.m.0.cv2.conv,44,0.0,late
model.20.m.0.cv2.conv,45,15.0,late
model.20.m.0.cv2.conv,46,0.0,late
model.20.m.0.cv2.conv,47,0.0,late
model.20.m.0.cv2.conv,48,0.0,late
model.20.m.0.cv2.conv,49,0.0,late
model.20.m.0.cv2.conv,50,0.0,late
model.20.m.0.cv2.conv,51,0.0,late
model.20.m.0.cv2.conv,52,0.0,late
model.20.m.0.cv2.conv,53,0.0,late
model.20.m.0.cv2.conv,54,0.0,late
model.20.m.0.cv2.conv,55,0.0,late
model.20.m.0.cv2.conv,56,0.0,late
model.20.m.0.cv2.conv,57,0.0,late
model.20.m.0.cv2.conv,58,0.0,late
model.20.m.0.cv2.conv,59,0.0,late
model.20.m.0.cv2.conv,60,0.0,late
model.20.m.0.cv2.conv,61,0.0,late
model.20.m.0.cv2.conv,62,0.0,late
model.20.m.0.cv2.conv,63,0.0,late
model.20.m.0.cv2.conv,64,0.0,late
model.20.m.0.cv2.conv,65,0.0,late
model.20.m.0.cv2.conv,66,0.0,late
model.20.m.0.cv2.conv,67,0.0,late
model.20.m.0.cv2.conv,68,0.0,late
model.20.m.0.cv2.conv,69,0.0,late
model.20.m.0.cv2.conv,70,0.0,late
model.20.m.0.cv2.conv,71,0.0,late
model.20.m.0.cv2.conv,72,0.0,late
model.20.m.0.cv2.conv,73,0.0,late
model.20.m.0.cv2.conv,74,0.0,late
model.20.m.0.cv2.conv,75,0.0,late
model.20.m.0.cv2.conv,76,373.0,late
model.20.m.0.cv2.conv,77,0.0,late
model.20.m.0.cv2.conv,78,0.0,late
model.20.m.0.cv2.conv,79,0.0,late
model.20.m.0.cv2.conv,80,0.0,late
model.20.m.0.cv2.conv,81,0.0,late
model.20.m.0.cv2.conv,82,0.0,late
model.20.m.0.cv2.conv,83,0.0,late
model.20.m.0.cv2.conv,84,0.0,late
model.20.m.0.cv2.conv,85,0.0,late
model.20.m.0.cv2.conv,86,0.0,late
model.20.m.0.cv2.conv,87,0.0,late
model.20.m.0.cv2.conv,88,0.0,late
model.20.m.0.cv2.conv,89,0.0,late
model.20.m.0.cv2.conv,90,0.0,late
model.20.m.0.cv2.conv,91,0.0,late
model.20.m.0.cv2.conv,92,0.0,late
model.20.m.0.cv2.conv,93,0.0,late
model.20.m.0.cv2.conv,94,0.0,late
model.20.m.0.cv2.conv,95,0.0,late
model.20.m.0.cv2.conv,96,0.0,late
model.20.m.0.cv2.conv,97,12.0,late
model.20.m.0.cv2.conv,98,0.0,late
model.20.m.0.cv2.conv,99,0.0,late
model.20.m.0.cv2.conv,100,0.0,late
model.20.m.0.cv2.conv,101,0.0,late
model.20.m.0.cv2.conv,102,0.0,late
model.20.m.0.cv2.conv,103,0.0,late
model.20.m.0.cv2.conv,104,0.0,late
model.20.m.0.cv2.conv,105,0.0,late
model.20.m.0.cv2.conv,106,0.0,late
model.20.m.0.cv2.conv,107,0.0,late
model.20.m.0.cv2.conv,108,0.0,late
model.20.m.0.cv2.conv,109,0.0,late
model.20.m.0.cv2.conv,110,0.0,late
model.20.m.0.cv2.conv,111,0.0,late
model.20.m.0.cv2.conv,112,0.0,late
model.20.m.0.cv2.conv,113,0.0,late
model.20.m.0.cv2.conv,114,0.0,late
model.20.m.0.cv2.conv,115,0.0,late
model.20.m.0.cv2.conv,116,0.0,late
model.20.m.0.cv2.conv,117,0.0,late
model.20.m.0.cv2.conv,118,0.0,late
model.20.m.0.cv2.conv,119,0.0,late
model.20.m.0.cv2.conv,120,0.0,late
model.20.m.0.cv2.conv,121,0.0,late
model.20.m.0.cv2.conv,122,0.0,late
model.20.m.0.cv2.conv,123,0.0,late
model.20.m.0.cv2.conv,124,0.0,late
model.20.m.0.cv2.conv,125,0.0,late
model.20.m.0.cv2.conv,126,0.0,late
model.20.m.0.cv2.conv,127,0.0,late
model.21.conv,0,0.0,late
model.21.conv,1,0.0,late
model.21.conv,2,0.0,late
model.21.conv,3,0.0,late
model.21.conv,4,0.0,late
model.21.conv,5,0.0,late
model.21.conv,6,0.0,late
model.21.conv,7,0.0,late
model.21.conv,8,0.0,late
model.21.conv,9,0.0,late
model.21.conv,10,0.0,late
model.21.conv,11,0.0,late
model.21.conv,12,0.0,late
model.21.conv,13,0.0,late
model.21.conv,14,0.0,late
model.21.conv,15,0.0,late
model.21.conv,16,0.0,late
model.21.conv,17,0.0,late
model.21.conv,18,0.0,late
model.21.conv,19,0.0,late
model.21.conv,20,0.0,late
model.21.conv,21,0.0,late
model.21.conv,22,0.0,late
model.21.conv,23,0.0,late
model.21.conv,24,0.0,late
model.21.conv,25,0.0,late
model.21.conv,26,0.0,late
model.21.conv,27,0.0,late
model.21.conv,28,0.0,late
model.21.conv,29,0.0,late
model.21.conv,30,0.0,late
model.21.conv,31,0.0,late
model.21.conv,32,0.0,late
model.21.conv,33,0.0,late
model.21.conv,34,0.0,late
model.21.conv,35,0.0,late
model.21.conv,36,0.0,late
model.21.conv,37,0.0,late
model.21.conv,38,0.0,late
model.21.conv,39,0.0,late
model.21.conv,40,0.0,late
model.21.conv,41,0.0,late
model.21.conv,42,0.0,late
model.21.conv,43,0.0,late
model.21.conv,44,0.0,late
model.21.conv,45,0.0,late
model.21.conv,46,0.0,late
model.21.conv,47,0.0,late
model.21.conv,48,0.0,late
model.21.conv,49,0.0,late
model.21.conv,50,0.0,late
model.21.conv,51,0.0,late
model.21.conv,52,0.0,late
model.21.conv,53,0.0,late
model.21.conv,54,0.0,late
model.21.conv,55,0.0,late
model.21.conv,56,0.0,late
model.21.conv,57,0.0,late
model.21.conv,58,0.0,late
model.21.conv,59,0.0,late
model.21.conv,60,0.0,late
model.21.conv,61,0.0,late
model.21.conv,62,0.0,late
model.21.conv,63,0.0,late
model.21.conv,64,0.0,late
model.21.conv,65,0.0,late
model.21.conv,66,0.0,late
model.21.conv,67,0.0,late
model.21.conv,68,0.0,late
model.21.conv,69,0.0,late
model.21.conv,70,0.0,late
model.21.conv,71,0.0,late
model.21.conv,72,0.0,late
model.21.conv,73,0.0,late
model.21.conv,74,0.0,late
model.21.conv,75,0.0,late
model.21.conv,76,0.0,late
model.21.conv,77,17.0,late
model.21.conv,78,0.0,late
model.21.conv,79,0.0,late
model.21.conv,80,0.0,late
model.21.conv,81,0.0,late
model.21.conv,82,0.0,late
model.21.conv,83,0.0,late
model.21.conv,84,0.0,late
model.21.conv,85,0.0,late
model.21.conv,86,0.0,late
model.21.conv,87,0.0,late
model.21.conv,88,0.0,late
model.21.conv,89,0.0,late
model.21.conv,90,0.0,late
model.21.conv,91,0.0,late
model.21.conv,92,0.0,late
model.21.conv,93,0.0,late
model.21.conv,94,21.0,late
model.21.conv,95,0.0,late
model.21.conv,96,0.0,late
model.21.conv,97,0.0,late
model.21.conv,98,0.0,late
model.21.conv,99,0.0,late
model.21.conv,100,0.0,late
model.21.conv,101,0.0,late
model.21.conv,102,0.0,late
model.21.conv,103,0.0,late
model.21.conv,104,0.0,late
model.21.conv,105,0.0,late
model.21.conv,106,0.0,late
model.21.conv,107,0.0,late
model.21.conv,108,20.0,late
model.21.conv,109,0.0,late
model.21.conv,110,0.0,late
model.21.conv,111,0.0,late
model.21.conv,112,0.0,late
model.21.conv,113,0.0,late
model.21.conv,114,0.0,late
model.21.conv,115,0.0,late
model.21.conv,116,0.0,late
model.21.conv,117,0.0,late
model.21.conv,118,0.0,late
model.21.conv,119,0.0,late
model.21.conv,120,0.0,late
model.21.conv,121,0.0,late
model.21.conv,122,0.0,late
model.21.conv,123,0.0,late
model.21.conv,124,0.0,late
model.21.conv,125,0.0,late
model.21.conv,126,0.0,late
model.21.conv,127,0.0,late
model.21.conv,128,0.0,late
model.21.conv,129,0.0,late
model.21.conv,130,0.0,late
model.21.conv,131,0.0,late
model.21.conv,132,0.0,late
model.21.conv,133,0.0,late
model.21.conv,134,0.0,late
model.21.conv,135,0.0,late
model.21.conv,136,0.0,late
model.21.conv,137,0.0,late
model.21.conv,138,0.0,late
model.21.conv,139,0.0,late
model.21.conv,140,0.0,late
model.21.conv,141,0.0,late
model.21.conv,142,0.0,late
model.21.conv,143,0.0,late
model.21.conv,144,0.0,late
model.21.conv,145,0.0,late
model.21.conv,146,0.0,late
model.21.conv,147,0.0,late
model.21.conv,148,0.0,late
model.21.conv,149,0.0,late
model.21.conv,150,0.0,late
model.21.conv,151,0.0,late
model.21.conv,152,0.0,late
model.21.conv,153,0.0,late
model.21.conv,154,0.0,late
model.21.conv,155,0.0,late
model.21.conv,156,0.0,late
model.21.conv,157,0.0,late
model.21.conv,158,0.0,late
model.21.conv,159,56.0,late
model.21.conv,160,0.0,late
model.21.conv,161,0.0,late
model.21.conv,162,0.0,late
model.21.conv,163,0.0,late
model.21.conv,164,0.0,late
model.21.conv,165,0.0,late
model.21.conv,166,0.0,late
model.21.conv,167,0.0,late
model.21.conv,168,0.0,late
model.21.conv,169,0.0,late
model.21.conv,170,0.0,late
model.21.conv,171,0.0,late
model.21.conv,172,0.0,late
model.21.conv,173,0.0,late
model.21.conv,174,0.0,late
model.21.conv,175,0.0,late
model.21.conv,176,0.0,late
model.21.conv,177,0.0,late
model.21.conv,178,0.0,late
model.21.conv,179,0.0,late
model.21.conv,180,0.0,late
model.21.conv,181,0.0,late
model.21.conv,182,0.0,late
model.21.conv,183,0.0,late
model.21.conv,184,0.0,late
model.21.conv,185,0.0,late
model.21.conv,186,0.0,late
model.21.conv,187,19.0,late
model.21.conv,188,0.0,late
model.21.conv,189,0.0,late
model.21.conv,190,0.0,late
model.21.conv,191,0.0,late
model.21.conv,192,0.0,late
model.21.conv,193,0.0,late
model.21.conv,194,0.0,late
model.21.conv,195,0.0,late
model.21.conv,196,0.0,late
model.21.conv,197,0.0,late
model.21.conv,198,0.0,late
model.21.conv,199,0.0,late
model.21.conv,200,0.0,late
model.21.conv,201,0.0,late
model.21.conv,202,0.0,late
model.21.conv,203,0.0,late
model.21.conv,204,0.0,late
model.21.conv,205,0.0,late
model.21.conv,206,0.0,late
model.21.conv,207,0.0,late
model.21.conv,208,0.0,late
model.21.conv,209,0.0,late
model.21.conv,210,0.0,late
model.21.conv,211,0.0,late
model.21.conv,212,0.0,late
model.21.conv,213,49.0,late
model.21.conv,214,0.0,late
model.21.conv,215,0.0,late
model.21.conv,216,0.0,late
model.21.conv,217,0.0,late
model.21.conv,218,0.0,late
model.21.conv,219,0.0,late
model.21.conv,220,0.0,late
model.21.conv,221,0.0,late
model.21.conv,222,0.0,late
model.21.conv,223,0.0,late
model.21.conv,224,0.0,late
model.21.conv,225,0.0,late
model.21.conv,226,0.0,late
model.21.conv,227,0.0,late
model.21.conv,228,0.0,late
model.21.conv,229,0.0,late
model.21.conv,230,0.0,late
model.21.conv,231,0.0,late
model.21.conv,232,0.0,late
model.21.conv,233,0.0,late
model.21.conv,234,0.0,late
model.21.conv,235,0.0,late
model.21.conv,236,0.0,late
model.21.conv,237,0.0,late
model.21.conv,238,0.0,late
model.21.conv,239,0.0,late
model.21.conv,240,0.0,late
model.21.conv,241,0.0,late
model.21.conv,242,0.0,late
model.21.conv,243,0.0,late
model.21.conv,244,19.0,late
model.21.conv,245,0.0,late
model.21.conv,246,0.0,late
model.21.conv,247,0.0,late
model.21.conv,248,0.0,late
model.21.conv,249,0.0,late
model.21.conv,250,0.0,late
model.21.conv,251,0.0,late
model.21.conv,252,0.0,late
model.21.conv,253,0.0,late
model.21.conv,254,0.0,late
model.21.conv,255,0.0,late
model.23.cv1.conv,0,0.0,late
model.23.cv1.conv,1,0.0,late
model.23.cv1.conv,2,0.0,late
model.23.cv1.conv,3,0.0,late
model.23.cv1.conv,4,0.0,late
model.23.cv1.conv,5,0.0,late
model.23.cv1.conv,6,0.0,late
model.23.cv1.conv,7,0.0,late
model.23.cv1.conv,8,0.0,late
model.23.cv1.conv,9,0.0,late
model.23.cv1.conv,10,0.0,late
model.23.cv1.conv,11,0.0,late
model.23.cv1.conv,12,0.0,late
model.23.cv1.conv,13,0.0,late
model.23.cv1.conv,14,0.0,late
model.23.cv1.conv,15,0.0,late
model.23.cv1.conv,16,0.0,late
model.23.cv1.conv,17,0.0,late
model.23.cv1.conv,18,0.0,late
model.23.cv1.conv,19,0.0,late
model.23.cv1.conv,20,0.0,late
model.23.cv1.conv,21,0.0,late
model.23.cv1.conv,22,0.0,late
model.23.cv1.conv,23,0.0,late
model.23.cv1.conv,24,0.0,late
model.23.cv1.conv,25,0.0,late
model.23.cv1.conv,26,0.0,late
model.23.cv1.conv,27,0.0,late
model.23.cv1.conv,28,0.0,late
model.23.cv1.conv,29,0.0,late
model.23.cv1.conv,30,0.0,late
model.23.cv1.conv,31,0.0,late
model.23.cv1.conv,32,0.0,late
model.23.cv1.conv,33,0.0,late
model.23.cv1.conv,34,0.0,late
model.23.cv1.conv,35,0.0,late
model.23.cv1.conv,36,0.0,late
model.23.cv1.conv,37,0.0,late
model.23.cv1.conv,38,0.0,late
model.23.cv1.conv,39,0.0,late
model.23.cv1.conv,40,0.0,late
model.23.cv1.conv,41,0.0,late
model.23.cv1.conv,42,0.0,late
model.23.cv1.conv,43,0.0,late
model.23.cv1.conv,44,0.0,late
model.23.cv1.conv,45,0.0,late
model.23.cv1.conv,46,0.0,late
model.23.cv1.conv,47,0.0,late
model.23.cv1.conv,48,0.0,late
model.23.cv1.conv,49,0.0,late
model.23.cv1.conv,50,0.0,late
model.23.cv1.conv,51,0.0,late
model.23.cv1.conv,52,0.0,late
model.23.cv1.conv,53,0.0,late
model.23.cv1.conv,54,0.0,late
model.23.cv1.conv,55,0.0,late
model.23.cv1.conv,56,0.0,late
model.23.cv1.conv,57,0.0,late
model.23.cv1.conv,58,0.0,late
model.23.cv1.conv,59,0.0,late
model.23.cv1.conv,60,0.0,late
model.23.cv1.conv,61,0.0,late
model.23.cv1.conv,62,0.0,late
model.23.cv1.conv,63,0.0,late
model.23.cv1.conv,64,0.0,late
model.23.cv1.conv,65,0.0,late
model.23.cv1.conv,66,0.0,late
model.23.cv1.conv,67,0.0,late
model.23.cv1.conv,68,0.0,late
model.23.cv1.conv,69,0.0,late
model.23.cv1.conv,70,0.0,late
model.23.cv1.conv,71,0.0,late
model.23.cv1.conv,72,0.0,late
model.23.cv1.conv,73,0.0,late
model.23.cv1.conv,74,0.0,late
model.23.cv1.conv,75,0.0,late
model.23.cv1.conv,76,0.0,late
model.23.cv1.conv,77,0.0,late
model.23.cv1.conv,78,0.0,late
model.23.cv1.conv,79,0.0,late
model.23.cv1.conv,80,0.0,late
model.23.cv1.conv,81,0.0,late
model.23.cv1.conv,82,0.0,late
model.23.cv1.conv,83,0.0,late
model.23.cv1.conv,84,0.0,late
model.23.cv1.conv,85,0.0,late
model.23.cv1.conv,86,0.0,late
model.23.cv1.conv,87,0.0,late
model.23.cv1.conv,88,0.0,late
model.23.cv1.conv,89,0.0,late
model.23.cv1.conv,90,0.0,late
model.23.cv1.conv,91,0.0,late
model.23.cv1.conv,92,0.0,late
model.23.cv1.conv,93,0.0,late
model.23.cv1.conv,94,0.0,late
model.23.cv1.conv,95,0.0,late
model.23.cv1.conv,96,0.0,late
model.23.cv1.conv,97,0.0,late
model.23.cv1.conv,98,0.0,late
model.23.cv1.conv,99,0.0,late
model.23.cv1.conv,100,0.0,late
model.23.cv1.conv,101,0.0,late
model.23.cv1.conv,102,0.0,late
model.23.cv1.conv,103,0.0,late
model.23.cv1.conv,104,0.0,late
model.23.cv1.conv,105,0.0,late
model.23.cv1.conv,106,0.0,late
model.23.cv1.conv,107,0.0,late
model.23.cv1.conv,108,0.0,late
model.23.cv1.conv,109,0.0,late
model.23.cv1.conv,110,0.0,late
model.23.cv1.conv,111,0.0,late
model.23.cv1.conv,112,0.0,late
model.23.cv1.conv,113,0.0,late
model.23.cv1.conv,114,0.0,late
model.23.cv1.conv,115,0.0,late
model.23.cv1.conv,116,0.0,late
model.23.cv1.conv,117,0.0,late
model.23.cv1.conv,118,0.0,late
model.23.cv1.conv,119,0.0,late
model.23.cv1.conv,120,0.0,late
model.23.cv1.conv,121,0.0,late
model.23.cv1.conv,122,0.0,late
model.23.cv1.conv,123,0.0,late
model.23.cv1.conv,124,0.0,late
model.23.cv1.conv,125,0.0,late
model.23.cv1.conv,126,0.0,late
model.23.cv1.conv,127,0.0,late
model.23.cv1.conv,128,0.0,late
model.23.cv1.conv,129,0.0,late
model.23.cv1.conv,130,0.0,late
model.23.cv1.conv,131,0.0,late
model.23.cv1.conv,132,0.0,late
model.23.cv1.conv,133,0.0,late
model.23.cv1.conv,134,0.0,late
model.23.cv1.conv,135,0.0,late
model.23.cv1.conv,136,0.0,late
model.23.cv1.conv,137,0.0,late
model.23.cv1.conv,138,0.0,late
model.23.cv1.conv,139,0.0,late
model.23.cv1.conv,140,0.0,late
model.23.cv1.conv,141,0.0,late
model.23.cv1.conv,142,0.0,late
model.23.cv1.conv,143,0.0,late
model.23.cv1.conv,144,0.0,late
model.23.cv1.conv,145,0.0,late
model.23.cv1.conv,146,0.0,late
model.23.cv1.conv,147,0.0,late
model.23.cv1.conv,148,0.0,late
model.23.cv1.conv,149,0.0,late
model.23.cv1.conv,150,0.0,late
model.23.cv1.conv,151,0.0,late
model.23.cv1.conv,152,0.0,late
model.23.cv1.conv,153,0.0,late
model.23.cv1.conv,154,0.0,late
model.23.cv1.conv,155,0.0,late
model.23.cv1.conv,156,0.0,late
model.23.cv1.conv,157,0.0,late
model.23.cv1.conv,158,0.0,late
model.23.cv1.conv,159,0.0,late
model.23.cv1.conv,160,0.0,late
model.23.cv1.conv,161,0.0,late
model.23.cv1.conv,162,0.0,late
model.23.cv1.conv,163,0.0,late
model.23.cv1.conv,164,0.0,late
model.23.cv1.conv,165,0.0,late
model.23.cv1.conv,166,0.0,late
model.23.cv1.conv,167,0.0,late
model.23.cv1.conv,168,0.0,late
model.23.cv1.conv,169,0.0,late
model.23.cv1.conv,170,0.0,late
model.23.cv1.conv,171,0.0,late
model.23.cv1.conv,172,0.0,late
model.23.cv1.conv,173,0.0,late
model.23.cv1.conv,174,0.0,late
model.23.cv1.conv,175,0.0,late
model.23.cv1.conv,176,0.0,late
model.23.cv1.conv,177,0.0,late
model.23.cv1.conv,178,0.0,late
model.23.cv1.conv,179,0.0,late
model.23.cv1.conv,180,0.0,late
model.23.cv1.conv,181,0.0,late
model.23.cv1.conv,182,0.0,late
model.23.cv1.conv,183,0.0,late
model.23.cv1.conv,184,0.0,late
model.23.cv1.conv,185,0.0,late
model.23.cv1.conv,186,0.0,late
model.23.cv1.conv,187,0.0,late
model.23.cv1.conv,188,0.0,late
model.23.cv1.conv,189,0.0,late
model.23.cv1.conv,190,0.0,late
model.23.cv1.conv,191,0.0,late
model.23.cv1.conv,192,0.0,late
model.23.cv1.conv,193,0.0,late
model.23.cv1.conv,194,0.0,late
model.23.cv1.conv,195,0.0,late
model.23.cv1.conv,196,0.0,late
model.23.cv1.conv,197,0.0,late
model.23.cv1.conv,198,0.0,late
model.23.cv1.conv,199,0.0,late
model.23.cv1.conv,200,0.0,late
model.23.cv1.conv,201,0.0,late
model.23.cv1.conv,202,0.0,late
model.23.cv1.conv,203,0.0,late
model.23.cv1.conv,204,0.0,late
model.23.cv1.conv,205,0.0,late
model.23.cv1.conv,206,0.0,late
model.23.cv1.conv,207,0.0,late
model.23.cv1.conv,208,0.0,late
model.23.cv1.conv,209,0.0,late
model.23.cv1.conv,210,0.0,late
model.23.cv1.conv,211,0.0,late
model.23.cv1.conv,212,0.0,late
model.23.cv1.conv,213,0.0,late
model.23.cv1.conv,214,0.0,late
model.23.cv1.conv,215,0.0,late
model.23.cv1.conv,216,0.0,late
model.23.cv1.conv,217,0.0,late
model.23.cv1.conv,218,0.0,late
model.23.cv1.conv,219,0.0,late
model.23.cv1.conv,220,0.0,late
model.23.cv1.conv,221,213.0,late
model.23.cv1.conv,222,0.0,late
model.23.cv1.conv,223,0.0,late
model.23.cv1.conv,224,0.0,late
model.23.cv1.conv,225,0.0,late
model.23.cv1.conv,226,0.0,late
model.23.cv1.conv,227,0.0,late
model.23.cv1.conv,228,0.0,late
model.23.cv1.conv,229,0.0,late
model.23.cv1.conv,230,0.0,late
model.23.cv1.conv,231,0.0,late
model.23.cv1.conv,232,0.0,late
model.23.cv1.conv,233,0.0,late
model.23.cv1.conv,234,0.0,late
model.23.cv1.conv,235,0.0,late
model.23.cv1.conv,236,0.0,late
model.23.cv1.conv,237,0.0,late
model.23.cv1.conv,238,0.0,late
model.23.cv1.conv,239,0.0,late
model.23.cv1.conv,240,0.0,late
model.23.cv1.conv,241,0.0,late
model.23.cv1.conv,242,0.0,late
model.23.cv1.conv,243,0.0,late
model.23.cv1.conv,244,0.0,late
model.23.cv1.conv,245,0.0,late
model.23.cv1.conv,246,0.0,late
model.23.cv1.conv,247,0.0,late
model.23.cv1.conv,248,0.0,late
model.23.cv1.conv,249,0.0,late
model.23.cv1.conv,250,0.0,late
model.23.cv1.conv,251,0.0,late
model.23.cv1.conv,252,0.0,late
model.23.cv1.conv,253,0.0,late
model.23.cv1.conv,254,0.0,late
model.23.cv1.conv,255,0.0,late
model.23.cv2.conv,0,0.0,late
model.23.cv2.conv,1,0.0,late
model.23.cv2.conv,2,0.0,late
model.23.cv2.conv,3,0.0,late
model.23.cv2.conv,4,0.0,late
model.23.cv2.conv,5,0.0,late
model.23.cv2.conv,6,0.0,late
model.23.cv2.conv,7,0.0,late
model.23.cv2.conv,8,0.0,late
model.23.cv2.conv,9,0.0,late
model.23.cv2.conv,10,0.0,late
model.23.cv2.conv,11,0.0,late
model.23.cv2.conv,12,0.0,late
model.23.cv2.conv,13,0.0,late
model.23.cv2.conv,14,0.0,late
model.23.cv2.conv,15,0.0,late
model.23.cv2.conv,16,0.0,late
model.23.cv2.conv,17,0.0,late
model.23.cv2.conv,18,0.0,late
model.23.cv2.conv,19,0.0,late
model.23.cv2.conv,20,0.0,late
model.23.cv2.conv,21,0.0,late
model.23.cv2.conv,22,0.0,late
model.23.cv2.conv,23,0.0,late
model.23.cv2.conv,24,0.0,late
model.23.cv2.conv,25,0.0,late
model.23.cv2.conv,26,0.0,late
model.23.cv2.conv,27,0.0,late
model.23.cv2.conv,28,0.0,late
model.23.cv2.conv,29,0.0,late
model.23.cv2.conv,30,0.0,late
model.23.cv2.conv,31,0.0,late
model.23.cv2.conv,32,0.0,late
model.23.cv2.conv,33,0.0,late
model.23.cv2.conv,34,0.0,late
model.23.cv2.conv,35,0.0,late
model.23.cv2.conv,36,0.0,late
model.23.cv2.conv,37,0.0,late
model.23.cv2.conv,38,0.0,late
model.23.cv2.conv,39,0.0,late
model.23.cv2.conv,40,0.0,late
model.23.cv2.conv,41,0.0,late
model.23.cv2.conv,42,0.0,late
model.23.cv2.conv,43,0.0,late
model.23.cv2.conv,44,0.0,late
model.23.cv2.conv,45,0.0,late
model.23.cv2.conv,46,0.0,late
model.23.cv2.conv,47,0.0,late
model.23.cv2.conv,48,0.0,late
model.23.cv2.conv,49,0.0,late
model.23.cv2.conv,50,0.0,late
model.23.cv2.conv,51,0.0,late
model.23.cv2.conv,52,0.0,late
model.23.cv2.conv,53,0.0,late
model.23.cv2.conv,54,0.0,late
model.23.cv2.conv,55,0.0,late
model.23.cv2.conv,56,0.0,late
model.23.cv2.conv,57,0.0,late
model.23.cv2.conv,58,0.0,late
model.23.cv2.conv,59,0.0,late
model.23.cv2.conv,60,0.0,late
model.23.cv2.conv,61,0.0,late
model.23.cv2.conv,62,0.0,late
model.23.cv2.conv,63,0.0,late
model.23.cv2.conv,64,0.0,late
model.23.cv2.conv,65,0.0,late
model.23.cv2.conv,66,0.0,late
model.23.cv2.conv,67,0.0,late
model.23.cv2.conv,68,0.0,late
model.23.cv2.conv,69,0.0,late
model.23.cv2.conv,70,0.0,late
model.23.cv2.conv,71,0.0,late
model.23.cv2.conv,72,0.0,late
model.23.cv2.conv,73,0.0,late
model.23.cv2.conv,74,0.0,late
model.23.cv2.conv,75,0.0,late
model.23.cv2.conv,76,0.0,late
model.23.cv2.conv,77,0.0,late
model.23.cv2.conv,78,0.0,late
model.23.cv2.conv,79,0.0,late
model.23.cv2.conv,80,0.0,late
model.23.cv2.conv,81,0.0,late
model.23.cv2.conv,82,0.0,late
model.23.cv2.conv,83,0.0,late
model.23.cv2.conv,84,0.0,late
model.23.cv2.conv,85,0.0,late
model.23.cv2.conv,86,0.0,late
model.23.cv2.conv,87,0.0,late
model.23.cv2.conv,88,0.0,late
model.23.cv2.conv,89,0.0,late
model.23.cv2.conv,90,0.0,late
model.23.cv2.conv,91,0.0,late
model.23.cv2.conv,92,0.0,late
model.23.cv2.conv,93,0.0,late
model.23.cv2.conv,94,0.0,late
model.23.cv2.conv,95,0.0,late
model.23.cv2.conv,96,0.0,late
model.23.cv2.conv,97,0.0,late
model.23.cv2.conv,98,0.0,late
model.23.cv2.conv,99,0.0,late
model.23.cv2.conv,100,0.0,late
model.23.cv2.conv,101,0.0,late
model.23.cv2.conv,102,0.0,late
model.23.cv2.conv,103,0.0,late
model.23.cv2.conv,104,0.0,late
model.23.cv2.conv,105,0.0,late
model.23.cv2.conv,106,0.0,late
model.23.cv2.conv,107,0.0,late
model.23.cv2.conv,108,0.0,late
model.23.cv2.conv,109,0.0,late
model.23.cv2.conv,110,0.0,late
model.23.cv2.conv,111,0.0,late
model.23.cv2.conv,112,0.0,late
model.23.cv2.conv,113,0.0,late
model.23.cv2.conv,114,0.0,late
model.23.cv2.conv,115,0.0,late
model.23.cv2.conv,116,110.0,late
model.23.cv2.conv,117,0.0,late
model.23.cv2.conv,118,0.0,late
model.23.cv2.conv,119,0.0,late
model.23.cv2.conv,120,0.0,late
model.23.cv2.conv,121,0.0,late
model.23.cv2.conv,122,0.0,late
model.23.cv2.conv,123,0.0,late
model.23.cv2.conv,124,0.0,late
model.23.cv2.conv,125,0.0,late
model.23.cv2.conv,126,0.0,late
model.23.cv2.conv,127,0.0,late
model.23.cv2.conv,128,0.0,late
model.23.cv2.conv,129,0.0,late
model.23.cv2.conv,130,0.0,late
model.23.cv2.conv,131,0.0,late
model.23.cv2.conv,132,0.0,late
model.23.cv2.conv,133,0.0,late
model.23.cv2.conv,134,0.0,late
model.23.cv2.conv,135,0.0,late
model.23.cv2.conv,136,0.0,late
model.23.cv2.conv,137,0.0,late
model.23.cv2.conv,138,0.0,late
model.23.cv2.conv,139,0.0,late
model.23.cv2.conv,140,0.0,late
model.23.cv2.conv,141,0.0,late
model.23.cv2.conv,142,0.0,late
model.23.cv2.conv,143,0.0,late
model.23.cv2.conv,144,0.0,late
model.23.cv2.conv,145,0.0,late
model.23.cv2.conv,146,0.0,late
model.23.cv2.conv,147,0.0,late
model.23.cv2.conv,148,0.0,late
model.23.cv2.conv,149,0.0,late
model.23.cv2.conv,150,0.0,late
model.23.cv2.conv,151,0.0,late
model.23.cv2.conv,152,0.0,late
model.23.cv2.conv,153,0.0,late
model.23.cv2.conv,154,0.0,late
model.23.cv2.conv,155,0.0,late
model.23.cv2.conv,156,0.0,late
model.23.cv2.conv,157,0.0,late
model.23.cv2.conv,158,0.0,late
model.23.cv2.conv,159,0.0,late
model.23.cv2.conv,160,0.0,late
model.23.cv2.conv,161,0.0,late
model.23.cv2.conv,162,0.0,late
model.23.cv2.conv,163,0.0,late
model.23.cv2.conv,164,0.0,late
model.23.cv2.conv,165,0.0,late
model.23.cv2.conv,166,0.0,late
model.23.cv2.conv,167,0.0,late
model.23.cv2.conv,168,0.0,late
model.23.cv2.conv,169,0.0,late
model.23.cv2.conv,170,0.0,late
model.23.cv2.conv,171,0.0,late
model.23.cv2.conv,172,0.0,late
model.23.cv2.conv,173,0.0,late
model.23.cv2.conv,174,0.0,late
model.23.cv2.conv,175,0.0,late
model.23.cv2.conv,176,0.0,late
model.23.cv2.conv,177,0.0,late
model.23.cv2.conv,178,0.0,late
model.23.cv2.conv,179,0.0,late
model.23.cv2.conv,180,0.0,late
model.23.cv2.conv,181,0.0,late
model.23.cv2.conv,182,0.0,late
model.23.cv2.conv,183,0.0,late
model.23.cv2.conv,184,0.0,late
model.23.cv2.conv,185,0.0,late
model.23.cv2.conv,186,0.0,late
model.23.cv2.conv,187,0.0,late
model.23.cv2.conv,188,0.0,late
model.23.cv2.conv,189,0.0,late
model.23.cv2.conv,190,0.0,late
model.23.cv2.conv,191,0.0,late
model.23.cv2.conv,192,0.0,late
model.23.cv2.conv,193,0.0,late
model.23.cv2.conv,194,0.0,late
model.23.cv2.conv,195,0.0,late
model.23.cv2.conv,196,0.0,late
model.23.cv2.conv,197,0.0,late
model.23.cv2.conv,198,0.0,late
model.23.cv2.conv,199,0.0,late
model.23.cv2.conv,200,0.0,late
model.23.cv2.conv,201,0.0,late
model.23.cv2.conv,202,0.0,late
model.23.cv2.conv,203,0.0,late
model.23.cv2.conv,204,0.0,late
model.23.cv2.conv,205,0.0,late
model.23.cv2.conv,206,0.0,late
model.23.cv2.conv,207,62.0,late
model.23.cv2.conv,208,0.0,late
model.23.cv2.conv,209,0.0,late
model.23.cv2.conv,210,0.0,late
model.23.cv2.conv,211,0.0,late
model.23.cv2.conv,212,0.0,late
model.23.cv2.conv,213,0.0,late
model.23.cv2.conv,214,0.0,late
model.23.cv2.conv,215,0.0,late
model.23.cv2.conv,216,0.0,late
model.23.cv2.conv,217,0.0,late
model.23.cv2.conv,218,0.0,late
model.23.cv2.conv,219,0.0,late
model.23.cv2.conv,220,0.0,late
model.23.cv2.conv,221,0.0,late
model.23.cv2.conv,222,0.0,late
model.23.cv2.conv,223,0.0,late
model.23.cv2.conv,224,0.0,late
model.23.cv2.conv,225,0.0,late
model.23.cv2.conv,226,0.0,late
model.23.cv2.conv,227,0.0,late
model.23.cv2.conv,228,0.0,late
model.23.cv2.conv,229,0.0,late
model.23.cv2.conv,230,0.0,late
model.23.cv2.conv,231,0.0,late
model.23.cv2.conv,232,0.0,late
model.23.cv2.conv,233,0.0,late
model.23.cv2.conv,234,0.0,late
model.23.cv2.conv,235,0.0,late
model.23.cv2.conv,236,0.0,late
model.23.cv2.conv,237,0.0,late
model.23.cv2.conv,238,0.0,late
model.23.cv2.conv,239,0.0,late
model.23.cv2.conv,240,0.0,late
model.23.cv2.conv,241,0.0,late
model.23.cv2.conv,242,0.0,late
model.23.cv2.conv,243,0.0,late
model.23.cv2.conv,244,0.0,late
model.23.cv2.conv,245,0.0,late
model.23.cv2.conv,246,0.0,late
model.23.cv2.conv,247,0.0,late
model.23.cv2.conv,248,0.0,late
model.23.cv2.conv,249,0.0,late
model.23.cv2.conv,250,0.0,late
model.23.cv2.conv,251,0.0,late
model.23.cv2.conv,252,0.0,late
model.23.cv2.conv,253,0.0,late
model.23.cv2.conv,254,0.0,late
model.23.cv2.conv,255,0.0,late
model.23.cv3.conv,0,0.0,late
model.23.cv3.conv,1,0.0,late
model.23.cv3.conv,2,0.0,late
model.23.cv3.conv,3,0.0,late
model.23.cv3.conv,4,0.0,late
model.23.cv3.conv,5,0.0,late
model.23.cv3.conv,6,0.0,late
model.23.cv3.conv,7,0.0,late
model.23.cv3.conv,8,0.0,late
model.23.cv3.conv,9,0.0,late
model.23.cv3.conv,10,0.0,late
model.23.cv3.conv,11,0.0,late
model.23.cv3.conv,12,0.0,late
model.23.cv3.conv,13,0.0,late
model.23.cv3.conv,14,0.0,late
model.23.cv3.conv,15,0.0,late
model.23.cv3.conv,16,0.0,late
model.23.cv3.conv,17,0.0,late
model.23.cv3.conv,18,0.0,late
model.23.cv3.conv,19,0.0,late
model.23.cv3.conv,20,0.0,late
model.23.cv3.conv,21,0.0,late
model.23.cv3.conv,22,0.0,late
model.23.cv3.conv,23,0.0,late
model.23.cv3.conv,24,0.0,late
model.23.cv3.conv,25,0.0,late
model.23.cv3.conv,26,0.0,late
model.23.cv3.conv,27,0.0,late
model.23.cv3.conv,28,0.0,late
model.23.cv3.conv,29,0.0,late
model.23.cv3.conv,30,0.0,late
model.23.cv3.conv,31,0.0,late
model.23.cv3.conv,32,0.0,late
model.23.cv3.conv,33,0.0,late
model.23.cv3.conv,34,0.0,late
model.23.cv3.conv,35,0.0,late
model.23.cv3.conv,36,0.0,late
model.23.cv3.conv,37,0.0,late
model.23.cv3.conv,38,0.0,late
model.23.cv3.conv,39,0.0,late
model.23.cv3.conv,40,0.0,late
model.23.cv3.conv,41,0.0,late
model.23.cv3.conv,42,0.0,late
model.23.cv3.conv,43,0.0,late
model.23.cv3.conv,44,0.0,late
model.23.cv3.conv,45,0.0,late
model.23.cv3.conv,46,0.0,late
model.23.cv3.conv,47,0.0,late
model.23.cv3.conv,48,0.0,late
model.23.cv3.conv,49,0.0,late
model.23.cv3.conv,50,0.0,late
model.23.cv3.conv,51,0.0,late
model.23.cv3.conv,52,0.0,late
model.23.cv3.conv,53,0.0,late
model.23.cv3.conv,54,0.0,late
model.23.cv3.conv,55,0.0,late
model.23.cv3.conv,56,0.0,late
model.23.cv3.conv,57,0.0,late
model.23.cv3.conv,58,0.0,late
model.23.cv3.conv,59,0.0,late
model.23.cv3.conv,60,0.0,late
model.23.cv3.conv,61,0.0,late
model.23.cv3.conv,62,0.0,late
model.23.cv3.conv,63,0.0,late
model.23.cv3.conv,64,0.0,late
model.23.cv3.conv,65,0.0,late
model.23.cv3.conv,66,0.0,late
model.23.cv3.conv,67,0.0,late
model.23.cv3.conv,68,0.0,late
model.23.cv3.conv,69,0.0,late
model.23.cv3.conv,70,0.0,late
model.23.cv3.conv,71,0.0,late
model.23.cv3.conv,72,0.0,late
model.23.cv3.conv,73,0.0,late
model.23.cv3.conv,74,0.0,late
model.23.cv3.conv,75,0.0,late
model.23.cv3.conv,76,0.0,late
model.23.cv3.conv,77,0.0,late
model.23.cv3.conv,78,0.0,late
model.23.cv3.conv,79,0.0,late
model.23.cv3.conv,80,0.0,late
model.23.cv3.conv,81,0.0,late
model.23.cv3.conv,82,0.0,late
model.23.cv3.conv,83,0.0,late
model.23.cv3.conv,84,0.0,late
model.23.cv3.conv,85,0.0,late
model.23.cv3.conv,86,0.0,late
model.23.cv3.conv,87,0.0,late
model.23.cv3.conv,88,0.0,late
model.23.cv3.conv,89,0.0,late
model.23.cv3.conv,90,0.0,late
model.23.cv3.conv,91,0.0,late
model.23.cv3.conv,92,0.0,late
model.23.cv3.conv,93,0.0,late
model.23.cv3.conv,94,0.0,late
model.23.cv3.conv,95,0.0,late
model.23.cv3.conv,96,0.0,late
model.23.cv3.conv,97,0.0,late
model.23.cv3.conv,98,0.0,late
model.23.cv3.conv,99,0.0,late
model.23.cv3.conv,100,0.0,late
model.23.cv3.conv,101,0.0,late
model.23.cv3.conv,102,0.0,late
model.23.cv3.conv,103,0.0,late
model.23.cv3.conv,104,0.0,late
model.23.cv3.conv,105,0.0,late
model.23.cv3.conv,106,0.0,late
model.23.cv3.conv,107,0.0,late
model.23.cv3.conv,108,0.0,late
model.23.cv3.conv,109,0.0,late
model.23.cv3.conv,110,0.0,late
model.23.cv3.conv,111,0.0,late
model.23.cv3.conv,112,0.0,late
model.23.cv3.conv,113,0.0,late
model.23.cv3.conv,114,0.0,late
model.23.cv3.conv,115,0.0,late
model.23.cv3.conv,116,0.0,late
model.23.cv3.conv,117,0.0,late
model.23.cv3.conv,118,0.0,late
model.23.cv3.conv,119,0.0,late
model.23.cv3.conv,120,0.0,late
model.23.cv3.conv,121,0.0,late
model.23.cv3.conv,122,0.0,late
model.23.cv3.conv,123,0.0,late
model.23.cv3.conv,124,0.0,late
model.23.cv3.conv,125,0.0,late
model.23.cv3.conv,126,0.0,late
model.23.cv3.conv,127,0.0,late
model.23.cv3.conv,128,0.0,late
model.23.cv3.conv,129,0.0,late
model.23.cv3.conv,130,0.0,late
model.23.cv3.conv,131,0.0,late
model.23.cv3.conv,132,0.0,late
model.23.cv3.conv,133,0.0,late
model.23.cv3.conv,134,0.0,late
model.23.cv3.conv,135,0.0,late
model.23.cv3.conv,136,0.0,late
model.23.cv3.conv,137,0.0,late
model.23.cv3.conv,138,0.0,late
model.23.cv3.conv,139,0.0,late
model.23.cv3.conv,140,0.0,late
model.23.cv3.conv,141,0.0,late
model.23.cv3.conv,142,0.0,late
model.23.cv3.conv,143,0.0,late
model.23.cv3.conv,144,0.0,late
model.23.cv3.conv,145,0.0,late
model.23.cv3.conv,146,0.0,late
model.23.cv3.conv,147,0.0,late
model.23.cv3.conv,148,0.0,late
model.23.cv3.conv,149,0.0,late
model.23.cv3.conv,150,0.0,late
model.23.cv3.conv,151,0.0,late
model.23.cv3.conv,152,0.0,late
model.23.cv3.conv,153,0.0,late
model.23.cv3.conv,154,0.0,late
model.23.cv3.conv,155,0.0,late
model.23.cv3.conv,156,0.0,late
model.23.cv3.conv,157,0.0,late
model.23.cv3.conv,158,0.0,late
model.23.cv3.conv,159,0.0,late
model.23.cv3.conv,160,0.0,late
model.23.cv3.conv,161,0.0,late
model.23.cv3.conv,162,0.0,late
model.23.cv3.conv,163,0.0,late
model.23.cv3.conv,164,0.0,late
model.23.cv3.conv,165,0.0,late
model.23.cv3.conv,166,0.0,late
model.23.cv3.conv,167,0.0,late
model.23.cv3.conv,168,0.0,late
model.23.cv3.conv,169,0.0,late
model.23.cv3.conv,170,0.0,late
model.23.cv3.conv,171,0.0,late
model.23.cv3.conv,172,0.0,late
model.23.cv3.conv,173,0.0,late
model.23.cv3.conv,174,0.0,late
model.23.cv3.conv,175,0.0,late
model.23.cv3.conv,176,0.0,late
model.23.cv3.conv,177,0.0,late
model.23.cv3.conv,178,0.0,late
model.23.cv3.conv,179,0.0,late
model.23.cv3.conv,180,0.0,late
model.23.cv3.conv,181,0.0,late
model.23.cv3.conv,182,0.0,late
model.23.cv3.conv,183,0.0,late
model.23.cv3.conv,184,0.0,late
model.23.cv3.conv,185,0.0,late
model.23.cv3.conv,186,0.0,late
model.23.cv3.conv,187,0.0,late
model.23.cv3.conv,188,0.0,late
model.23.cv3.conv,189,0.0,late
model.23.cv3.conv,190,0.0,late
model.23.cv3.conv,191,0.0,late
model.23.cv3.conv,192,0.0,late
model.23.cv3.conv,193,0.0,late
model.23.cv3.conv,194,0.0,late
model.23.cv3.conv,195,0.0,late
model.23.cv3.conv,196,0.0,late
model.23.cv3.conv,197,0.0,late
model.23.cv3.conv,198,0.0,late
model.23.cv3.conv,199,0.0,late
model.23.cv3.conv,200,0.0,late
model.23.cv3.conv,201,0.0,late
model.23.cv3.conv,202,0.0,late
model.23.cv3.conv,203,0.0,late
model.23.cv3.conv,204,0.0,late
model.23.cv3.conv,205,0.0,late
model.23.cv3.conv,206,0.0,late
model.23.cv3.conv,207,0.0,late
model.23.cv3.conv,208,0.0,late
model.23.cv3.conv,209,0.0,late
model.23.cv3.conv,210,0.0,late
model.23.cv3.conv,211,0.0,late
model.23.cv3.conv,212,0.0,late
model.23.cv3.conv,213,0.0,late
model.23.cv3.conv,214,0.0,late
model.23.cv3.conv,215,0.0,late
model.23.cv3.conv,216,0.0,late
model.23.cv3.conv,217,0.0,late
model.23.cv3.conv,218,0.0,late
model.23.cv3.conv,219,0.0,late
model.23.cv3.conv,220,0.0,late
model.23.cv3.conv,221,0.0,late
model.23.cv3.conv,222,0.0,late
model.23.cv3.conv,223,0.0,late
model.23.cv3.conv,224,0.0,late
model.23.cv3.conv,225,0.0,late
model.23.cv3.conv,226,0.0,late
model.23.cv3.conv,227,0.0,late
model.23.cv3.conv,228,0.0,late
model.23.cv3.conv,229,0.0,late
model.23.cv3.conv,230,0.0,late
model.23.cv3.conv,231,0.0,late
model.23.cv3.conv,232,0.0,late
model.23.cv3.conv,233,0.0,late
model.23.cv3.conv,234,0.0,late
model.23.cv3.conv,235,0.0,late
model.23.cv3.conv,236,0.0,late
model.23.cv3.conv,237,0.0,late
model.23.cv3.conv,238,0.0,late
model.23.cv3.conv,239,0.0,late
model.23.cv3.conv,240,0.0,late
model.23.cv3.conv,241,0.0,late
model.23.cv3.conv,242,0.0,late
model.23.cv3.conv,243,0.0,late
model.23.cv3.conv,244,0.0,late
model.23.cv3.conv,245,0.0,late
model.23.cv3.conv,246,0.0,late
model.23.cv3.conv,247,0.0,late
model.23.cv3.conv,248,0.0,late
model.23.cv3.conv,249,0.0,late
model.23.cv3.conv,250,0.0,late
model.23.cv3.conv,251,0.0,late
model.23.cv3.conv,252,0.0,late
model.23.cv3.conv,253,0.0,late
model.23.cv3.conv,254,0.0,late
model.23.cv3.conv,255,0.0,late
model.23.cv3.conv,256,0.0,late
model.23.cv3.conv,257,0.0,late
model.23.cv3.conv,258,0.0,late
model.23.cv3.conv,259,0.0,late
model.23.cv3.conv,260,0.0,late
model.23.cv3.conv,261,0.0,late
model.23.cv3.conv,262,0.0,late
model.23.cv3.conv,263,0.0,late
model.23.cv3.conv,264,0.0,late
model.23.cv3.conv,265,0.0,late
model.23.cv3.conv,266,0.0,late
model.23.cv3.conv,267,0.0,late
model.23.cv3.conv,268,0.0,late
model.23.cv3.conv,269,0.0,late
model.23.cv3.conv,270,0.0,late
model.23.cv3.conv,271,0.0,late
model.23.cv3.conv,272,0.0,late
model.23.cv3.conv,273,0.0,late
model.23.cv3.conv,274,0.0,late
model.23.cv3.conv,275,0.0,late
model.23.cv3.conv,276,0.0,late
model.23.cv3.conv,277,0.0,late
model.23.cv3.conv,278,0.0,late
model.23.cv3.conv,279,0.0,late
model.23.cv3.conv,280,0.0,late
model.23.cv3.conv,281,0.0,late
model.23.cv3.conv,282,0.0,late
model.23.cv3.conv,283,0.0,late
model.23.cv3.conv,284,0.0,late
model.23.cv3.conv,285,0.0,late
model.23.cv3.conv,286,0.0,late
model.23.cv3.conv,287,0.0,late
model.23.cv3.conv,288,0.0,late
model.23.cv3.conv,289,0.0,late
model.23.cv3.conv,290,0.0,late
model.23.cv3.conv,291,0.0,late
model.23.cv3.conv,292,0.0,late
model.23.cv3.conv,293,0.0,late
model.23.cv3.conv,294,0.0,late
model.23.cv3.conv,295,0.0,late
model.23.cv3.conv,296,0.0,late
model.23.cv3.conv,297,0.0,late
model.23.cv3.conv,298,0.0,late
model.23.cv3.conv,299,0.0,late
model.23.cv3.conv,300,0.0,late
model.23.cv3.conv,301,0.0,late
model.23.cv3.conv,302,0.0,late
model.23.cv3.conv,303,0.0,late
model.23.cv3.conv,304,0.0,late
model.23.cv3.conv,305,0.0,late
model.23.cv3.conv,306,0.0,late
model.23.cv3.conv,307,0.0,late
model.23.cv3.conv,308,0.0,late
model.23.cv3.conv,309,0.0,late
model.23.cv3.conv,310,0.0,late
model.23.cv3.conv,311,0.0,late
model.23.cv3.conv,312,0.0,late
model.23.cv3.conv,313,0.0,late
model.23.cv3.conv,314,0.0,late
model.23.cv3.conv,315,0.0,late
model.23.cv3.conv,316,0.0,late
model.23.cv3.conv,317,0.0,late
model.23.cv3.conv,318,0.0,late
model.23.cv3.conv,319,0.0,late
model.23.cv3.conv,320,0.0,late
model.23.cv3.conv,321,0.0,late
model.23.cv3.conv,322,0.0,late
model.23.cv3.conv,323,0.0,late
model.23.cv3.conv,324,0.0,late
model.23.cv3.conv,325,0.0,late
model.23.cv3.conv,326,0.0,late
model.23.cv3.conv,327,0.0,late
model.23.cv3.conv,328,0.0,late
model.23.cv3.conv,329,15.0,late
model.23.cv3.conv,330,0.0,late
model.23.cv3.conv,331,0.0,late
model.23.cv3.conv,332,0.0,late
model.23.cv3.conv,333,0.0,late
model.23.cv3.conv,334,0.0,late
model.23.cv3.conv,335,0.0,late
model.23.cv3.conv,336,0.0,late
model.23.cv3.conv,337,0.0,late
model.23.cv3.conv,338,0.0,late
model.23.cv3.conv,339,0.0,late
model.23.cv3.conv,340,0.0,late
model.23.cv3.conv,341,0.0,late
model.23.cv3.conv,342,0.0,late
model.23.cv3.conv,343,0.0,late
model.23.cv3.conv,344,0.0,late
model.23.cv3.conv,345,0.0,late
model.23.cv3.conv,346,0.0,late
model.23.cv3.conv,347,0.0,late
model.23.cv3.conv,348,0.0,late
model.23.cv3.conv,349,0.0,late
model.23.cv3.conv,350,0.0,late
model.23.cv3.conv,351,0.0,late
model.23.cv3.conv,352,0.0,late
model.23.cv3.conv,353,0.0,late
model.23.cv3.conv,354,0.0,late
model.23.cv3.conv,355,0.0,late
model.23.cv3.conv,356,0.0,late
model.23.cv3.conv,357,0.0,late
model.23.cv3.conv,358,0.0,late
model.23.cv3.conv,359,0.0,late
model.23.cv3.conv,360,0.0,late
model.23.cv3.conv,361,0.0,late
model.23.cv3.conv,362,0.0,late
model.23.cv3.conv,363,0.0,late
model.23.cv3.conv,364,0.0,late
model.23.cv3.conv,365,0.0,late
model.23.cv3.conv,366,0.0,late
model.23.cv3.conv,367,0.0,late
model.23.cv3.conv,368,0.0,late
model.23.cv3.conv,369,0.0,late
model.23.cv3.conv,370,0.0,late
model.23.cv3.conv,371,0.0,late
model.23.cv3.conv,372,0.0,late
model.23.cv3.conv,373,0.0,late
model.23.cv3.conv,374,0.0,late
model.23.cv3.conv,375,0.0,late
model.23.cv3.conv,376,0.0,late
model.23.cv3.conv,377,0.0,late
model.23.cv3.conv,378,0.0,late
model.23.cv3.conv,379,0.0,late
model.23.cv3.conv,380,0.0,late
model.23.cv3.conv,381,0.0,late
model.23.cv3.conv,382,0.0,late
model.23.cv3.conv,383,0.0,late
model.23.cv3.conv,384,0.0,late
model.23.cv3.conv,385,0.0,late
model.23.cv3.conv,386,0.0,late
model.23.cv3.conv,387,0.0,late
model.23.cv3.conv,388,0.0,late
model.23.cv3.conv,389,0.0,late
model.23.cv3.conv,390,0.0,late
model.23.cv3.conv,391,0.0,late
model.23.cv3.conv,392,0.0,late
model.23.cv3.conv,393,0.0,late
model.23.cv3.conv,394,0.0,late
model.23.cv3.conv,395,0.0,late
model.23.cv3.conv,396,0.0,late
model.23.cv3.conv,397,0.0,late
model.23.cv3.conv,398,0.0,late
model.23.cv3.conv,399,0.0,late
model.23.cv3.conv,400,0.0,late
model.23.cv3.conv,401,0.0,late
model.23.cv3.conv,402,0.0,late
model.23.cv3.conv,403,0.0,late
model.23.cv3.conv,404,0.0,late
model.23.cv3.conv,405,0.0,late
model.23.cv3.conv,406,0.0,late
model.23.cv3.conv,407,0.0,late
model.23.cv3.conv,408,0.0,late
model.23.cv3.conv,409,0.0,late
model.23.cv3.conv,410,0.0,late
model.23.cv3.conv,411,0.0,late
model.23.cv3.conv,412,0.0,late
model.23.cv3.conv,413,0.0,late
model.23.cv3.conv,414,0.0,late
model.23.cv3.conv,415,0.0,late
model.23.cv3.conv,416,0.0,late
model.23.cv3.conv,417,0.0,late
model.23.cv3.conv,418,0.0,late
model.23.cv3.conv,419,0.0,late
model.23.cv3.conv,420,0.0,late
model.23.cv3.conv,421,0.0,late
model.23.cv3.conv,422,0.0,late
model.23.cv3.conv,423,0.0,late
model.23.cv3.conv,424,0.0,late
model.23.cv3.conv,425,0.0,late
model.23.cv3.conv,426,0.0,late
model.23.cv3.conv,427,0.0,late
model.23.cv3.conv,428,0.0,late
model.23.cv3.conv,429,0.0,late
model.23.cv3.conv,430,0.0,late
model.23.cv3.conv,431,0.0,late
model.23.cv3.conv,432,0.0,late
model.23.cv3.conv,433,0.0,late
model.23.cv3.conv,434,0.0,late
model.23.cv3.conv,435,0.0,late
model.23.cv3.conv,436,0.0,late
model.23.cv3.conv,437,0.0,late
model.23.cv3.conv,438,0.0,late
model.23.cv3.conv,439,0.0,late
model.23.cv3.conv,440,0.0,late
model.23.cv3.conv,441,0.0,late
model.23.cv3.conv,442,0.0,late
model.23.cv3.conv,443,0.0,late
model.23.cv3.conv,444,0.0,late
model.23.cv3.conv,445,0.0,late
model.23.cv3.conv,446,0.0,late
model.23.cv3.conv,447,0.0,late
model.23.cv3.conv,448,0.0,late
model.23.cv3.conv,449,0.0,late
model.23.cv3.conv,450,0.0,late
model.23.cv3.conv,451,0.0,late
model.23.cv3.conv,452,0.0,late
model.23.cv3.conv,453,0.0,late
model.23.cv3.conv,454,0.0,late
model.23.cv3.conv,455,0.0,late
model.23.cv3.conv,456,0.0,late
model.23.cv3.conv,457,0.0,late
model.23.cv3.conv,458,0.0,late
model.23.cv3.conv,459,0.0,late
model.23.cv3.conv,460,0.0,late
model.23.cv3.conv,461,0.0,late
model.23.cv3.conv,462,0.0,late
model.23.cv3.conv,463,0.0,late
model.23.cv3.conv,464,0.0,late
model.23.cv3.conv,465,0.0,late
model.23.cv3.conv,466,0.0,late
model.23.cv3.conv,467,0.0,late
model.23.cv3.conv,468,0.0,late
model.23.cv3.conv,469,0.0,late
model.23.cv3.conv,470,0.0,late
model.23.cv3.conv,471,0.0,late
model.23.cv3.conv,472,0.0,late
model.23.cv3.conv,473,0.0,late
model.23.cv3.conv,474,0.0,late
model.23.cv3.conv,475,0.0,late
model.23.cv3.conv,476,0.0,late
model.23.cv3.conv,477,0.0,late
model.23.cv3.conv,478,0.0,late
model.23.cv3.conv,479,0.0,late
model.23.cv3.conv,480,0.0,late
model.23.cv3.conv,481,0.0,late
model.23.cv3.conv,482,0.0,late
model.23.cv3.conv,483,0.0,late
model.23.cv3.conv,484,0.0,late
model.23.cv3.conv,485,0.0,late
model.23.cv3.conv,486,0.0,late
model.23.cv3.conv,487,0.0,late
model.23.cv3.conv,488,0.0,late
model.23.cv3.conv,489,0.0,late
model.23.cv3.conv,490,0.0,late
model.23.cv3.conv,491,0.0,late
model.23.cv3.conv,492,0.0,late
model.23.cv3.conv,493,0.0,late
model.23.cv3.conv,494,0.0,late
model.23.cv3.conv,495,0.0,late
model.23.cv3.conv,496,0.0,late
model.23.cv3.conv,497,0.0,late
model.23.cv3.conv,498,0.0,late
model.23.cv3.conv,499,0.0,late
model.23.cv3.conv,500,0.0,late
model.23.cv3.conv,501,0.0,late
model.23.cv3.conv,502,0.0,late
model.23.cv3.conv,503,0.0,late
model.23.cv3.conv,504,0.0,late
model.23.cv3.conv,505,0.0,late
model.23.cv3.conv,506,0.0,late
model.23.cv3.conv,507,0.0,late
model.23.cv3.conv,508,0.0,late
model.23.cv3.conv,509,0.0,late
model.23.cv3.conv,510,0.0,late
model.23.cv3.conv,511,0.0,late
model.23.m.0.cv1.conv,0,0.0,late
model.23.m.0.cv1.conv,1,0.0,late
model.23.m.0.cv1.conv,2,0.0,late
model.23.m.0.cv1.conv,3,0.0,late
model.23.m.0.cv1.conv,4,0.0,late
model.23.m.0.cv1.conv,5,0.0,late
model.23.m.0.cv1.conv,6,0.0,late
model.23.m.0.cv1.conv,7,0.0,late
model.23.m.0.cv1.conv,8,0.0,late
model.23.m.0.cv1.conv,9,0.0,late
model.23.m.0.cv1.conv,10,0.0,late
model.23.m.0.cv1.conv,11,0.0,late
model.23.m.0.cv1.conv,12,0.0,late
model.23.m.0.cv1.conv,13,0.0,late
model.23.m.0.cv1.conv,14,0.0,late
model.23.m.0.cv1.conv,15,0.0,late
model.23.m.0.cv1.conv,16,0.0,late
model.23.m.0.cv1.conv,17,0.0,late
model.23.m.0.cv1.conv,18,0.0,late
model.23.m.0.cv1.conv,19,0.0,late
model.23.m.0.cv1.conv,20,0.0,late
model.23.m.0.cv1.conv,21,0.0,late
model.23.m.0.cv1.conv,22,0.0,late
model.23.m.0.cv1.conv,23,0.0,late
model.23.m.0.cv1.conv,24,0.0,late
model.23.m.0.cv1.conv,25,0.0,late
model.23.m.0.cv1.conv,26,0.0,late
model.23.m.0.cv1.conv,27,0.0,late
model.23.m.0.cv1.conv,28,0.0,late
model.23.m.0.cv1.conv,29,0.0,late
model.23.m.0.cv1.conv,30,0.0,late
model.23.m.0.cv1.conv,31,0.0,late
model.23.m.0.cv1.conv,32,0.0,late
model.23.m.0.cv1.conv,33,0.0,late
model.23.m.0.cv1.conv,34,0.0,late
model.23.m.0.cv1.conv,35,0.0,late
model.23.m.0.cv1.conv,36,0.0,late
model.23.m.0.cv1.conv,37,0.0,late
model.23.m.0.cv1.conv,38,0.0,late
model.23.m.0.cv1.conv,39,0.0,late
model.23.m.0.cv1.conv,40,0.0,late
model.23.m.0.cv1.conv,41,0.0,late
model.23.m.0.cv1.conv,42,0.0,late
model.23.m.0.cv1.conv,43,0.0,late
model.23.m.0.cv1.conv,44,0.0,late
model.23.m.0.cv1.conv,45,0.0,late
model.23.m.0.cv1.conv,46,0.0,late
model.23.m.0.cv1.conv,47,0.0,late
model.23.m.0.cv1.conv,48,0.0,late
model.23.m.0.cv1.conv,49,0.0,late
model.23.m.0.cv1.conv,50,0.0,late
model.23.m.0.cv1.conv,51,0.0,late
model.23.m.0.cv1.conv,52,0.0,late
model.23.m.0.cv1.conv,53,0.0,late
model.23.m.0.cv1.conv,54,0.0,late
model.23.m.0.cv1.conv,55,0.0,late
model.23.m.0.cv1.conv,56,0.0,late
model.23.m.0.cv1.conv,57,0.0,late
model.23.m.0.cv1.conv,58,0.0,late
model.23.m.0.cv1.conv,59,0.0,late
model.23.m.0.cv1.conv,60,0.0,late
model.23.m.0.cv1.conv,61,0.0,late
model.23.m.0.cv1.conv,62,0.0,late
model.23.m.0.cv1.conv,63,0.0,late
model.23.m.0.cv1.conv,64,0.0,late
model.23.m.0.cv1.conv,65,0.0,late
model.23.m.0.cv1.conv,66,0.0,late
model.23.m.0.cv1.conv,67,0.0,late
model.23.m.0.cv1.conv,68,0.0,late
model.23.m.0.cv1.conv,69,0.0,late
model.23.m.0.cv1.conv,70,56.0,late
model.23.m.0.cv1.conv,71,0.0,late
model.23.m.0.cv1.conv,72,0.0,late
model.23.m.0.cv1.conv,73,0.0,late
model.23.m.0.cv1.conv,74,0.0,late
model.23.m.0.cv1.conv,75,0.0,late
model.23.m.0.cv1.conv,76,0.0,late
model.23.m.0.cv1.conv,77,0.0,late
model.23.m.0.cv1.conv,78,0.0,late
model.23.m.0.cv1.conv,79,0.0,late
model.23.m.0.cv1.conv,80,0.0,late
model.23.m.0.cv1.conv,81,0.0,late
model.23.m.0.cv1.conv,82,0.0,late
model.23.m.0.cv1.conv,83,0.0,late
model.23.m.0.cv1.conv,84,0.0,late
model.23.m.0.cv1.conv,85,0.0,late
model.23.m.0.cv1.conv,86,0.0,late
model.23.m.0.cv1.conv,87,0.0,late
model.23.m.0.cv1.conv,88,0.0,late
model.23.m.0.cv1.conv,89,0.0,late
model.23.m.0.cv1.conv,90,0.0,late
model.23.m.0.cv1.conv,91,0.0,late
model.23.m.0.cv1.conv,92,0.0,late
model.23.m.0.cv1.conv,93,0.0,late
model.23.m.0.cv1.conv,94,0.0,late
model.23.m.0.cv1.conv,95,0.0,late
model.23.m.0.cv1.conv,96,0.0,late
model.23.m.0.cv1.conv,97,0.0,late
model.23.m.0.cv1.conv,98,0.0,late
model.23.m.0.cv1.conv,99,0.0,late
model.23.m.0.cv1.conv,100,0.0,late
model.23.m.0.cv1.conv,101,0.0,late
model.23.m.0.cv1.conv,102,0.0,late
model.23.m.0.cv1.conv,103,0.0,late
model.23.m.0.cv1.conv,104,0.0,late
model.23.m.0.cv1.conv,105,0.0,late
model.23.m.0.cv1.conv,106,0.0,late
model.23.m.0.cv1.conv,107,0.0,late
model.23.m.0.cv1.conv,108,0.0,late
model.23.m.0.cv1.conv,109,0.0,late
model.23.m.0.cv1.conv,110,0.0,late
model.23.m.0.cv1.conv,111,0.0,late
model.23.m.0.cv1.conv,112,0.0,late
model.23.m.0.cv1.conv,113,0.0,late
model.23.m.0.cv1.conv,114,0.0,late
model.23.m.0.cv1.conv,115,0.0,late
model.23.m.0.cv1.conv,116,0.0,late
model.23.m.0.cv1.conv,117,0.0,late
model.23.m.0.cv1.conv,118,0.0,late
model.23.m.0.cv1.conv,119,0.0,late
model.23.m.0.cv1.conv,120,0.0,late
model.23.m.0.cv1.conv,121,0.0,late
model.23.m.0.cv1.conv,122,0.0,late
model.23.m.0.cv1.conv,123,0.0,late
model.23.m.0.cv1.conv,124,0.0,late
model.23.m.0.cv1.conv,125,0.0,late
model.23.m.0.cv1.conv,126,0.0,late
model.23.m.0.cv1.conv,127,0.0,late
model.23.m.0.cv1.conv,128,0.0,late
model.23.m.0.cv1.conv,129,0.0,late
model.23.m.0.cv1.conv,130,0.0,late
model.23.m.0.cv1.conv,131,0.0,late
model.23.m.0.cv1.conv,132,0.0,late
model.23.m.0.cv1.conv,133,0.0,late
model.23.m.0.cv1.conv,134,0.0,late
model.23.m.0.cv1.conv,135,0.0,late
model.23.m.0.cv1.conv,136,0.0,late
model.23.m.0.cv1.conv,137,0.0,late
model.23.m.0.cv1.conv,138,0.0,late
model.23.m.0.cv1.conv,139,0.0,late
model.23.m.0.cv1.conv,140,0.0,late
model.23.m.0.cv1.conv,141,0.0,late
model.23.m.0.cv1.conv,142,0.0,late
model.23.m.0.cv1.conv,143,0.0,late
model.23.m.0.cv1.conv,144,0.0,late
model.23.m.0.cv1.conv,145,0.0,late
model.23.m.0.cv1.conv,146,0.0,late
model.23.m.0.cv1.conv,147,0.0,late
model.23.m.0.cv1.conv,148,0.0,late
model.23.m.0.cv1.conv,149,0.0,late
model.23.m.0.cv1.conv,150,0.0,late
model.23.m.0.cv1.conv,151,0.0,late
model.23.m.0.cv1.conv,152,0.0,late
model.23.m.0.cv1.conv,153,0.0,late
model.23.m.0.cv1.conv,154,0.0,late
model.23.m.0.cv1.conv,155,0.0,late
model.23.m.0.cv1.conv,156,0.0,late
model.23.m.0.cv1.conv,157,0.0,late
model.23.m.0.cv1.conv,158,0.0,late
model.23.m.0.cv1.conv,159,0.0,late
model.23.m.0.cv1.conv,160,0.0,late
model.23.m.0.cv1.conv,161,0.0,late
model.23.m.0.cv1.conv,162,0.0,late
model.23.m.0.cv1.conv,163,0.0,late
model.23.m.0.cv1.conv,164,0.0,late
model.23.m.0.cv1.conv,165,0.0,late
model.23.m.0.cv1.conv,166,0.0,late
model.23.m.0.cv1.conv,167,0.0,late
model.23.m.0.cv1.conv,168,0.0,late
model.23.m.0.cv1.conv,169,0.0,late
model.23.m.0.cv1.conv,170,0.0,late
model.23.m.0.cv1.conv,171,0.0,late
model.23.m.0.cv1.conv,172,0.0,late
model.23.m.0.cv1.conv,173,0.0,late
model.23.m.0.cv1.conv,174,0.0,late
model.23.m.0.cv1.conv,175,0.0,late
model.23.m.0.cv1.conv,176,0.0,late
model.23.m.0.cv1.conv,177,0.0,late
model.23.m.0.cv1.conv,178,0.0,late
model.23.m.0.cv1.conv,179,0.0,late
model.23.m.0.cv1.conv,180,0.0,late
model.23.m.0.cv1.conv,181,0.0,late
model.23.m.0.cv1.conv,182,0.0,late
model.23.m.0.cv1.conv,183,0.0,late
model.23.m.0.cv1.conv,184,0.0,late
model.23.m.0.cv1.conv,185,0.0,late
model.23.m.0.cv1.conv,186,0.0,late
model.23.m.0.cv1.conv,187,0.0,late
model.23.m.0.cv1.conv,188,0.0,late
model.23.m.0.cv1.conv,189,0.0,late
model.23.m.0.cv1.conv,190,0.0,late
model.23.m.0.cv1.conv,191,0.0,late
model.23.m.0.cv1.conv,192,0.0,late
model.23.m.0.cv1.conv,193,0.0,late
model.23.m.0.cv1.conv,194,0.0,late
model.23.m.0.cv1.conv,195,0.0,late
model.23.m.0.cv1.conv,196,0.0,late
model.23.m.0.cv1.conv,197,0.0,late
model.23.m.0.cv1.conv,198,0.0,late
model.23.m.0.cv1.conv,199,0.0,late
model.23.m.0.cv1.conv,200,0.0,late
model.23.m.0.cv1.conv,201,0.0,late
model.23.m.0.cv1.conv,202,0.0,late
model.23.m.0.cv1.conv,203,0.0,late
model.23.m.0.cv1.conv,204,0.0,late
model.23.m.0.cv1.conv,205,0.0,late
model.23.m.0.cv1.conv,206,0.0,late
model.23.m.0.cv1.conv,207,0.0,late
model.23.m.0.cv1.conv,208,0.0,late
model.23.m.0.cv1.conv,209,0.0,late
model.23.m.0.cv1.conv,210,0.0,late
model.23.m.0.cv1.conv,211,0.0,late
model.23.m.0.cv1.conv,212,0.0,late
model.23.m.0.cv1.conv,213,0.0,late
model.23.m.0.cv1.conv,214,0.0,late
model.23.m.0.cv1.conv,215,0.0,late
model.23.m.0.cv1.conv,216,0.0,late
model.23.m.0.cv1.conv,217,0.0,late
model.23.m.0.cv1.conv,218,0.0,late
model.23.m.0.cv1.conv,219,0.0,late
model.23.m.0.cv1.conv,220,0.0,late
model.23.m.0.cv1.conv,221,0.0,late
model.23.m.0.cv1.conv,222,0.0,late
model.23.m.0.cv1.conv,223,0.0,late
model.23.m.0.cv1.conv,224,0.0,late
model.23.m.0.cv1.conv,225,0.0,late
model.23.m.0.cv1.conv,226,0.0,late
model.23.m.0.cv1.conv,227,0.0,late
model.23.m.0.cv1.conv,228,0.0,late
model.23.m.0.cv1.conv,229,0.0,late
model.23.m.0.cv1.conv,230,0.0,late
model.23.m.0.cv1.conv,231,0.0,late
model.23.m.0.cv1.conv,232,0.0,late
model.23.m.0.cv1.conv,233,0.0,late
model.23.m.0.cv1.conv,234,0.0,late
model.23.m.0.cv1.conv,235,0.0,late
model.23.m.0.cv1.conv,236,0.0,late
model.23.m.0.cv1.conv,237,0.0,late
model.23.m.0.cv1.conv,238,0.0,late
model.23.m.0.cv1.conv,239,0.0,late
model.23.m.0.cv1.conv,240,0.0,late
model.23.m.0.cv1.conv,241,0.0,late
model.23.m.0.cv1.conv,242,0.0,late
model.23.m.0.cv1.conv,243,0.0,late
model.23.m.0.cv1.conv,244,0.0,late
model.23.m.0.cv1.conv,245,0.0,late
model.23.m.0.cv1.conv,246,0.0,late
model.23.m.0.cv1.conv,247,0.0,late
model.23.m.0.cv1.conv,248,0.0,late
model.23.m.0.cv1.conv,249,0.0,late
model.23.m.0.cv1.conv,250,0.0,late
model.23.m.0.cv1.conv,251,0.0,late
model.23.m.0.cv1.conv,252,0.0,late
model.23.m.0.cv1.conv,253,0.0,late
model.23.m.0.cv1.conv,254,0.0,late
model.23.m.0.cv1.conv,255,0.0,late
model.23.m.0.cv2.conv,0,0.0,late
model.23.m.0.cv2.conv,1,0.0,late
model.23.m.0.cv2.conv,2,0.0,late
model.23.m.0.cv2.conv,3,0.0,late
model.23.m.0.cv2.conv,4,0.0,late
model.23.m.0.cv2.conv,5,0.0,late
model.23.m.0.cv2.conv,6,0.0,late
model.23.m.0.cv2.conv,7,0.0,late
model.23.m.0.cv2.conv,8,0.0,late
model.23.m.0.cv2.conv,9,0.0,late
model.23.m.0.cv2.conv,10,0.0,late
model.23.m.0.cv2.conv,11,0.0,late
model.23.m.0.cv2.conv,12,0.0,late
model.23.m.0.cv2.conv,13,0.0,late
model.23.m.0.cv2.conv,14,0.0,late
model.23.m.0.cv2.conv,15,0.0,late
model.23.m.0.cv2.conv,16,0.0,late
model.23.m.0.cv2.conv,17,0.0,late
model.23.m.0.cv2.conv,18,0.0,late
model.23.m.0.cv2.conv,19,0.0,late
model.23.m.0.cv2.conv,20,0.0,late
model.23.m.0.cv2.conv,21,0.0,late
model.23.m.0.cv2.conv,22,0.0,late
model.23.m.0.cv2.conv,23,0.0,late
model.23.m.0.cv2.conv,24,0.0,late
model.23.m.0.cv2.conv,25,0.0,late
model.23.m.0.cv2.conv,26,0.0,late
model.23.m.0.cv2.conv,27,0.0,late
model.23.m.0.cv2.conv,28,0.0,late
model.23.m.0.cv2.conv,29,0.0,late
model.23.m.0.cv2.conv,30,0.0,late
model.23.m.0.cv2.conv,31,0.0,late
model.23.m.0.cv2.conv,32,0.0,late
model.23.m.0.cv2.conv,33,0.0,late
model.23.m.0.cv2.conv,34,0.0,late
model.23.m.0.cv2.conv,35,0.0,late
model.23.m.0.cv2.conv,36,0.0,late
model.23.m.0.cv2.conv,37,0.0,late
model.23.m.0.cv2.conv,38,0.0,late
model.23.m.0.cv2.conv,39,0.0,late
model.23.m.0.cv2.conv,40,0.0,late
model.23.m.0.cv2.conv,41,0.0,late
model.23.m.0.cv2.conv,42,0.0,late
model.23.m.0.cv2.conv,43,0.0,late
model.23.m.0.cv2.conv,44,0.0,late
model.23.m.0.cv2.conv,45,0.0,late
model.23.m.0.cv2.conv,46,0.0,late
model.23.m.0.cv2.conv,47,0.0,late
model.23.m.0.cv2.conv,48,0.0,late
model.23.m.0.cv2.conv,49,0.0,late
model.23.m.0.cv2.conv,50,0.0,late
model.23.m.0.cv2.conv,51,0.0,late
model.23.m.0.cv2.conv,52,0.0,late
model.23.m.0.cv2.conv,53,0.0,late
model.23.m.0.cv2.conv,54,0.0,late
model.23.m.0.cv2.conv,55,0.0,late
model.23.m.0.cv2.conv,56,0.0,late
model.23.m.0.cv2.conv,57,0.0,late
model.23.m.0.cv2.conv,58,0.0,late
model.23.m.0.cv2.conv,59,0.0,late
model.23.m.0.cv2.conv,60,0.0,late
model.23.m.0.cv2.conv,61,0.0,late
model.23.m.0.cv2.conv,62,0.0,late
model.23.m.0.cv2.conv,63,0.0,late
model.23.m.0.cv2.conv,64,0.0,late
model.23.m.0.cv2.conv,65,1.0,late
model.23.m.0.cv2.conv,66,0.0,late
model.23.m.0.cv2.conv,67,0.0,late
model.23.m.0.cv2.conv,68,0.0,late
model.23.m.0.cv2.conv,69,0.0,late
model.23.m.0.cv2.conv,70,0.0,late
model.23.m.0.cv2.conv,71,0.0,late
model.23.m.0.cv2.conv,72,0.0,late
model.23.m.0.cv2.conv,73,0.0,late
model.23.m.0.cv2.conv,74,0.0,late
model.23.m.0.cv2.conv,75,0.0,late
model.23.m.0.cv2.conv,76,0.0,late
model.23.m.0.cv2.conv,77,0.0,late
model.23.m.0.cv2.conv,78,0.0,late
model.23.m.0.cv2.conv,79,0.0,late
model.23.m.0.cv2.conv,80,0.0,late
model.23.m.0.cv2.conv,81,0.0,late
model.23.m.0.cv2.conv,82,0.0,late
model.23.m.0.cv2.conv,83,0.0,late
model.23.m.0.cv2.conv,84,0.0,late
model.23.m.0.cv2.conv,85,0.0,late
model.23.m.0.cv2.conv,86,0.0,late
model.23.m.0.cv2.conv,87,0.0,late
model.23.m.0.cv2.conv,88,0.0,late
model.23.m.0.cv2.conv,89,0.0,late
model.23.m.0.cv2.conv,90,0.0,late
model.23.m.0.cv2.conv,91,0.0,late
model.23.m.0.cv2.conv,92,0.0,late
model.23.m.0.cv2.conv,93,0.0,late
model.23.m.0.cv2.conv,94,0.0,late
model.23.m.0.cv2.conv,95,0.0,late
model.23.m.0.cv2.conv,96,0.0,late
model.23.m.0.cv2.conv,97,0.0,late
model.23.m.0.cv2.conv,98,0.0,late
model.23.m.0.cv2.conv,99,0.0,late
model.23.m.0.cv2.conv,100,0.0,late
model.23.m.0.cv2.conv,101,0.0,late
model.23.m.0.cv2.conv,102,0.0,late
model.23.m.0.cv2.conv,103,0.0,late
model.23.m.0.cv2.conv,104,0.0,late
model.23.m.0.cv2.conv,105,0.0,late
model.23.m.0.cv2.conv,106,0.0,late
model.23.m.0.cv2.conv,107,0.0,late
model.23.m.0.cv2.conv,108,0.0,late
model.23.m.0.cv2.conv,109,0.0,late
model.23.m.0.cv2.conv,110,0.0,late
model.23.m.0.cv2.conv,111,0.0,late
model.23.m.0.cv2.conv,112,0.0,late
model.23.m.0.cv2.conv,113,0.0,late
model.23.m.0.cv2.conv,114,0.0,late
model.23.m.0.cv2.conv,115,0.0,late
model.23.m.0.cv2.conv,116,0.0,late
model.23.m.0.cv2.conv,117,0.0,late
model.23.m.0.cv2.conv,118,0.0,late
model.23.m.0.cv2.conv,119,0.0,late
model.23.m.0.cv2.conv,120,5.0,late
model.23.m.0.cv2.conv,121,0.0,late
model.23.m.0.cv2.conv,122,0.0,late
model.23.m.0.cv2.conv,123,0.0,late
model.23.m.0.cv2.conv,124,0.0,late
model.23.m.0.cv2.conv,125,0.0,late
model.23.m.0.cv2.conv,126,0.0,late
model.23.m.0.cv2.conv,127,0.0,late
model.23.m.0.cv2.conv,128,0.0,late
model.23.m.0.cv2.conv,129,0.0,late
model.23.m.0.cv2.conv,130,0.0,late
model.23.m.0.cv2.conv,131,0.0,late
model.23.m.0.cv2.conv,132,0.0,late
model.23.m.0.cv2.conv,133,0.0,late
model.23.m.0.cv2.conv,134,0.0,late
model.23.m.0.cv2.conv,135,0.0,late
model.23.m.0.cv2.conv,136,0.0,late
model.23.m.0.cv2.conv,137,0.0,late
model.23.m.0.cv2.conv,138,0.0,late
model.23.m.0.cv2.conv,139,0.0,late
model.23.m.0.cv2.conv,140,0.0,late
model.23.m.0.cv2.conv,141,0.0,late
model.23.m.0.cv2.conv,142,0.0,late
model.23.m.0.cv2.conv,143,0.0,late
model.23.m.0.cv2.conv,144,0.0,late
model.23.m.0.cv2.conv,145,0.0,late
model.23.m.0.cv2.conv,146,0.0,late
model.23.m.0.cv2.conv,147,0.0,late
model.23.m.0.cv2.conv,148,0.0,late
model.23.m.0.cv2.conv,149,0.0,late
model.23.m.0.cv2.conv,150,0.0,late
model.23.m.0.cv2.conv,151,0.0,late
model.23.m.0.cv2.conv,152,0.0,late
model.23.m.0.cv2.conv,153,0.0,late
model.23.m.0.cv2.conv,154,0.0,late
model.23.m.0.cv2.conv,155,0.0,late
model.23.m.0.cv2.conv,156,0.0,late
model.23.m.0.cv2.conv,157,0.0,late
model.23.m.0.cv2.conv,158,0.0,late
model.23.m.0.cv2.conv,159,0.0,late
model.23.m.0.cv2.conv,160,0.0,late
model.23.m.0.cv2.conv,161,0.0,late
model.23.m.0.cv2.conv,162,0.0,late
model.23.m.0.cv2.conv,163,0.0,late
model.23.m.0.cv2.conv,164,0.0,late
model.23.m.0.cv2.conv,165,0.0,late
model.23.m.0.cv2.conv,166,0.0,late
model.23.m.0.cv2.conv,167,0.0,late
model.23.m.0.cv2.conv,168,0.0,late
model.23.m.0.cv2.conv,169,0.0,late
model.23.m.0.cv2.conv,170,0.0,late
model.23.m.0.cv2.conv,171,0.0,late
model.23.m.0.cv2.conv,172,0.0,late
model.23.m.0.cv2.conv,173,0.0,late
model.23.m.0.cv2.conv,174,0.0,late
model.23.m.0.cv2.conv,175,0.0,late
model.23.m.0.cv2.conv,176,0.0,late
model.23.m.0.cv2.conv,177,0.0,late
model.23.m.0.cv2.conv,178,0.0,late
model.23.m.0.cv2.conv,179,0.0,late
model.23.m.0.cv2.conv,180,0.0,late
model.23.m.0.cv2.conv,181,0.0,late
model.23.m.0.cv2.conv,182,0.0,late
model.23.m.0.cv2.conv,183,0.0,late
model.23.m.0.cv2.conv,184,0.0,late
model.23.m.0.cv2.conv,185,0.0,late
model.23.m.0.cv2.conv,186,0.0,late
model.23.m.0.cv2.conv,187,0.0,late
model.23.m.0.cv2.conv,188,0.0,late
model.23.m.0.cv2.conv,189,0.0,late
model.23.m.0.cv2.conv,190,0.0,late
model.23.m.0.cv2.conv,191,0.0,late
model.23.m.0.cv2.conv,192,0.0,late
model.23.m.0.cv2.conv,193,0.0,late
model.23.m.0.cv2.conv,194,0.0,late
model.23.m.0.cv2.conv,195,0.0,late
model.23.m.0.cv2.conv,196,0.0,late
model.23.m.0.cv2.conv,197,0.0,late
model.23.m.0.cv2.conv,198,0.0,late
model.23.m.0.cv2.conv,199,0.0,late
model.23.m.0.cv2.conv,200,0.0,late
model.23.m.0.cv2.conv,201,0.0,late
model.23.m.0.cv2.conv,202,0.0,late
model.23.m.0.cv2.conv,203,0.0,late
model.23.m.0.cv2.conv,204,0.0,late
model.23.m.0.cv2.conv,205,0.0,late
model.23.m.0.cv2.conv,206,0.0,late
model.23.m.0.cv2.conv,207,0.0,late
model.23.m.0.cv2.conv,208,0.0,late
model.23.m.0.cv2.conv,209,0.0,late
model.23.m.0.cv2.conv,210,0.0,late
model.23.m.0.cv2.conv,211,0.0,late
model.23.m.0.cv2.conv,212,0.0,late
model.23.m.0.cv2.conv,213,0.0,late
model.23.m.0.cv2.conv,214,0.0,late
model.23.m.0.cv2.conv,215,0.0,late
model.23.m.0.cv2.conv,216,0.0,late
model.23.m.0.cv2.conv,217,0.0,late
model.23.m.0.cv2.conv,218,0.0,late
model.23.m.0.cv2.conv,219,0.0,late
model.23.m.0.cv2.conv,220,0.0,late
model.23.m.0.cv2.conv,221,0.0,late
model.23.m.0.cv2.conv,222,0.0,late
model.23.m.0.cv2.conv,223,58.0,late
model.23.m.0.cv2.conv,224,0.0,late
model.23.m.0.cv2.conv,225,0.0,late
model.23.m.0.cv2.conv,226,0.0,late
model.23.m.0.cv2.conv,227,0.0,late
model.23.m.0.cv2.conv,228,0.0,late
model.23.m.0.cv2.conv,229,110.0,late
model.23.m.0.cv2.conv,230,0.0,late
model.23.m.0.cv2.conv,231,0.0,late
model.23.m.0.cv2.conv,232,0.0,late
model.23.m.0.cv2.conv,233,0.0,late
model.23.m.0.cv2.conv,234,0.0,late
model.23.m.0.cv2.conv,235,0.0,late
model.23.m.0.cv2.conv,236,0.0,late
model.23.m.0.cv2.conv,237,0.0,late
model.23.m.0.cv2.conv,238,0.0,late
model.23.m.0.cv2.conv,239,0.0,late
model.23.m.0.cv2.conv,240,0.0,late
model.23.m.0.cv2.conv,241,0.0,late
model.23.m.0.cv2.conv,242,0.0,late
model.23.m.0.cv2.conv,243,0.0,late
model.23.m.0.cv2.conv,244,0.0,late
model.23.m.0.cv2.conv,245,0.0,late
model.23.m.0.cv2.conv,246,0.0,late
model.23.m.0.cv2.conv,247,0.0,late
model.23.m.0.cv2.conv,248,0.0,late
model.23.m.0.cv2.conv,249,0.0,late
model.23.m.0.cv2.conv,250,0.0,late
model.23.m.0.cv2.conv,251,0.0,late
model.23.m.0.cv2.conv,252,0.0,late
model.23.m.0.cv2.conv,253,0.0,late
model.23.m.0.cv2.conv,254,0.0,late
model.23.m.0.cv2.conv,255,0.0,late
